baseline,horizon_h,variable,mae,se,err
persistence,1,temperature_2m,1.0,1.0,-1.0
persistence,1,relative_humidity_2m,8.0,64.0,-8.0
persistence,1,cloud_cover,5.0,25.0,-5.0
persistence,1,wind_speed_100m,4.0,16.0,-4.0
persistence,1,wind_speed_10m,0.20000000000000018,0.04000000000000007,0.20000000000000018
persistence,1,surface_pressure,0.0,0.0,0.0
persistence,1,precipitation,0.0,0.0,0.0
persistence,6,temperature_2m,2.8000000000000007,7.840000000000004,-2.8000000000000007
persistence,6,relative_humidity_2m,5.0,25.0,-5.0
persistence,6,cloud_cover,72.0,5184.0,-72.0
persistence,6,wind_speed_100m,5.4,29.160000000000004,-5.4
persistence,6,wind_speed_10m,0.10000000000000009,0.010000000000000018,-0.10000000000000009
persistence,6,surface_pressure,1.5,2.25,-1.5
persistence,6,precipitation,0.0,0.0,0.0
persistence,12,shortwave_radiation,77.0,5929.0,77.0
persistence,12,direct_normal_irradiance,186.0,34596.0,186.0
persistence,12,diffuse_radiation,91.0,8281.0,-91.0
persistence,12,temperature_2m,0.3000000000000007,0.09000000000000043,0.3000000000000007
persistence,12,relative_humidity_2m,1.0,1.0,-1.0
persistence,12,cloud_cover,32.0,1024.0,-32.0
persistence,12,wind_speed_100m,3.3999999999999986,11.55999999999999,-3.3999999999999986
persistence,12,wind_speed_10m,1.6000000000000005,2.560000000000002,-1.6000000000000005
persistence,12,surface_pressure,0.0,0.0,0.0
persistence,12,precipitation,0.0,0.0,0.0
persistence,24,temperature_2m,0.40000000000000036,0.16000000000000028,0.40000000000000036
persistence,24,relative_humidity_2m,15.0,225.0,15.0
persistence,24,cloud_cover,80.0,6400.0,80.0
persistence,24,wind_speed_100m,1.3000000000000003,1.6900000000000006,-1.3000000000000003
persistence,24,wind_speed_10m,0.2999999999999998,0.0899999999999999,-0.2999999999999998
persistence,24,surface_pressure,0.39999999999997726,0.15999999999998182,0.39999999999997726
persistence,24,precipitation,0.0,0.0,0.0
persistence,48,temperature_2m,2.3000000000000007,5.290000000000004,2.3000000000000007
persistence,48,relative_humidity_2m,6.0,36.0,6.0
persistence,48,cloud_cover,66.0,4356.0,66.0
persistence,48,wind_speed_100m,4.1,16.81,4.1
persistence,48,wind_speed_10m,0.7999999999999998,0.6399999999999997,-0.7999999999999998
persistence,48,surface_pressure,1.2000000000000455,1.4400000000001092,1.2000000000000455
persistence,48,precipitation,0.0,0.0,0.0
persistence,72,temperature_2m,2.0999999999999996,4.409999999999998,2.0999999999999996
persistence,72,relative_humidity_2m,2.0,4.0,-2.0
persistence,72,cloud_cover,68.0,4624.0,68.0
persistence,72,wind_speed_100m,2.8,7.839999999999999,2.8
persistence,72,wind_speed_10m,0.9999999999999998,0.9999999999999996,-0.9999999999999998
persistence,72,surface_pressure,1.2000000000000455,1.4400000000001092,1.2000000000000455
persistence,72,precipitation,0.0,0.0,0.0
climatology,1,temperature_2m,1.126666666666667,1.2693777777777784,-1.126666666666667
climatology,1,relative_humidity_2m,2.933333333333337,8.604444444444466,-2.933333333333337
climatology,1,cloud_cover,61.3,3757.6899999999996,-61.3
climatology,1,wind_speed_100m,5.600000000000001,31.360000000000017,-5.600000000000001
climatology,1,wind_speed_10m,1.5533333333333332,2.412844444444444,-1.5533333333333332
climatology,1,surface_pressure,0.16999999999995907,0.028899999999986086,0.16999999999995907
climatology,1,precipitation,0.010000000000000002,0.00010000000000000005,-0.010000000000000002
climatology,6,temperature_2m,2.846666666666666,8.103511111111105,-2.846666666666666
climatology,6,relative_humidity_2m,1.1666666666666714,1.3611111111111223,-1.1666666666666714
climatology,6,cloud_cover,61.43333333333334,3774.054444444445,-61.43333333333334
climatology,6,wind_speed_100m,5.506666666666666,30.323377777777768,-5.506666666666666
climatology,6,wind_speed_10m,1.3333333333333335,1.7777777777777781,-1.3333333333333335
climatology,6,surface_pressure,1.166666666666515,1.3611111111107574,-1.166666666666515
climatology,6,precipitation,0.0,0.0,0.0
climatology,12,shortwave_radiation,222.20000000000005,49372.84000000002,222.20000000000005
climatology,12,direct_normal_irradiance,370.01666666666665,136912.3336111111,370.01666666666665
climatology,12,diffuse_radiation,121.9,14859.61,-121.9
climatology,12,temperature_2m,1.2666666666666657,1.6044444444444421,1.2666666666666657
climatology,12,relative_humidity_2m,9.733333333333334,94.7377777777778,-9.733333333333334
climatology,12,cloud_cover,11.200000000000003,125.44000000000007,-11.200000000000003
climatology,12,wind_speed_100m,1.6099999999999977,2.5920999999999923,-1.6099999999999977
climatology,12,wind_speed_10m,0.3299999999999992,0.10889999999999946,-0.3299999999999992
climatology,12,surface_pressure,1.4266666666666197,2.0353777777776436,1.4266666666666197
climatology,12,precipitation,0.08666666666666667,0.007511111111111112,-0.08666666666666667
climatology,24,temperature_2m,0.7633333333333319,0.5826777777777755,-0.7633333333333319
climatology,24,relative_humidity_2m,11.400000000000006,129.96000000000012,11.400000000000006
climatology,24,cloud_cover,16.266666666666666,264.6044444444444,16.266666666666666
climatology,24,wind_speed_100m,7.1033333333333335,50.457344444444445,-7.1033333333333335
climatology,24,wind_speed_10m,1.606666666666667,2.5813777777777784,-1.606666666666667
climatology,24,surface_pressure,0.38999999999987267,0.15209999999990068,0.38999999999987267
climatology,24,precipitation,0.016666666666666666,0.0002777777777777778,-0.016666666666666666
climatology,48,temperature_2m,1.1366666666666685,1.2920111111111152,1.1366666666666685
climatology,48,relative_humidity_2m,2.4000000000000057,5.760000000000027,2.4000000000000057
climatology,48,cloud_cover,2.2666666666666657,5.137777777777774,2.2666666666666657
climatology,48,wind_speed_100m,1.703333333333334,2.901344444444447,-1.703333333333334
climatology,48,wind_speed_10m,2.106666666666667,4.438044444444445,-2.106666666666667
climatology,48,surface_pressure,1.1899999999999409,1.4160999999998594,1.1899999999999409
climatology,48,precipitation,0.016666666666666666,0.0002777777777777778,-0.016666666666666666
climatology,72,temperature_2m,0.9366666666666674,0.8773444444444458,0.9366666666666674
climatology,72,relative_humidity_2m,5.599999999999994,31.359999999999935,-5.599999999999994
climatology,72,cloud_cover,4.266666666666666,18.204444444444437,4.266666666666666
climatology,72,wind_speed_100m,3.003333333333334,9.020011111111113,-3.003333333333334
climatology,72,wind_speed_10m,2.3066666666666666,5.320711111111111,-2.3066666666666666
climatology,72,surface_pressure,1.1899999999999409,1.4160999999998594,1.1899999999999409
climatology,72,precipitation,0.016666666666666666,0.0002777777777777778,-0.016666666666666666
mos,1,temperature_2m,0.8589245117646556,0.7377513169101519,0.8589245117646556
mos,1,relative_humidity_2m,5.039913690840237,25.40073001111886,-5.039913690840237
mos,1,cloud_cover,22.0,484.0,-22.0
mos,1,wind_speed_100m,0.775783120802839,0.6018394505225922,0.775783120802839
mos,1,wind_speed_10m,0.4996057784058059,0.24960593381647123,0.4996057784058059
mos,1,surface_pressure,0.5848085490512176,0.34200103904339035,0.5848085490512176
mos,1,precipitation,0.0,0.0,0.0
mos,6,temperature_2m,0.41866659231313186,0.17528171551909016,-0.41866659231313186
mos,6,relative_humidity_2m,4.329185645670606,18.741848354680418,-4.329185645670606
mos,6,cloud_cover,61.0,3721.0,-61.0
mos,6,wind_speed_100m,0.5687324089072885,0.3234565529414872,0.5687324089072885
mos,6,wind_speed_10m,1.0371763320348892,1.0757347437333469,1.0371763320348892
mos,6,surface_pressure,0.3177886678113282,0.1009896373892987,0.3177886678113282
mos,6,precipitation,0.0,0.0,0.0
mos,12,shortwave_radiation,21.938018090502055,481.27663773919545,21.938018090502055
mos,12,direct_normal_irradiance,65.6381099999993,4308.361484372008,65.6381099999993
mos,12,diffuse_radiation,46.22496066142517,2136.746988150305,-46.22496066142517
mos,12,temperature_2m,1.2971101086162697,1.682494633874511,1.2971101086162697
mos,12,relative_humidity_2m,5.469414027037843,29.91448979915831,-5.469414027037843
mos,12,cloud_cover,17.0,289.0,17.0
mos,12,wind_speed_100m,6.729261307284096,45.28295774171086,6.729261307284096
mos,12,wind_speed_10m,4.957887756289358,24.580651003963922,4.957887756289358
mos,12,surface_pressure,0.5945060116338254,0.35343739786875816,0.5945060116338254
mos,12,precipitation,0.0,0.0,0.0
mos,24,temperature_2m,0.5649779953575909,0.31920013523828195,0.5649779953575909
mos,24,relative_humidity_2m,0.5670576701393912,0.32155440126391466,-0.5670576701393912
mos,24,cloud_cover,12.0,144.0,12.0
mos,24,wind_speed_100m,1.229874835904253,1.5125921119905135,-1.229874835904253
mos,24,wind_speed_10m,0.4896146170724094,0.23972247325096208,0.4896146170724094
mos,24,surface_pressure,0.6408618073214711,0.41070385608334237,0.6408618073214711
mos,24,precipitation,0.0,0.0,0.0
mos,48,temperature_2m,1.6555408866866141,2.7408156274911004,1.6555408866866141
mos,48,relative_humidity_2m,6.195527464388761,38.38456056199542,-6.195527464388761
mos,48,cloud_cover,10.0,100.0,-10.0
mos,48,wind_speed_100m,3.9090880708986004,15.280969546041742,3.9090880708986004
mos,48,wind_speed_10m,0.1077027654316498,0.01159988568162498,-0.1077027654316498
mos,48,surface_pressure,1.0258072066096702,1.0522804251323346,1.0258072066096702
mos,48,precipitation,0.0,0.0,0.0
mos,72,temperature_2m,1.356119976394515,1.8390613903762603,1.356119976394515
mos,72,relative_humidity_2m,12.72286410052206,161.871270920353,-12.72286410052206
mos,72,cloud_cover,12.0,144.0,-12.0
mos,72,wind_speed_100m,2.562723195432481,6.567550176407666,2.562723195432481
mos,72,wind_speed_10m,0.21723209089315887,0.047189781313813635,-0.21723209089315887
mos,72,surface_pressure,0.9621463991364863,0.9257256933713067,0.9621463991364863
mos,72,precipitation,0.0,0.0,0.0
patchtst,1,temperature_2m,0.46264399641299825,0.21403946741699034,-0.46264399641299825
patchtst,1,relative_humidity_2m,0.7903798098303412,0.6247002437874463,-0.7903798098303412
patchtst,1,cloud_cover,25.271816036852762,638.6646858005284,-25.271816036852762
patchtst,1,wind_speed_100m,1.0852637043642215,1.1777973080103523,-1.0852637043642215
patchtst,1,wind_speed_10m,0.5328220619393966,0.2838993496893502,-0.5328220619393966
patchtst,1,surface_pressure,0.05362271814499309,0.002875395901257371,0.05362271814499309
patchtst,1,precipitation,0.0,0.0,0.0
patchtst,6,temperature_2m,2.7915182470561106,7.792574123647221,-2.7915182470561106
patchtst,6,relative_humidity_2m,0.38948812625959306,0.1517010004972087,0.38948812625959306
patchtst,6,cloud_cover,61.11775881867749,3735.38044301803,-61.11775881867749
patchtst,6,wind_speed_100m,4.062423125995268,16.50328165462117,-4.062423125995268
patchtst,6,wind_speed_10m,1.0433148165430093,1.0885058064181732,-1.0433148165430093
patchtst,6,surface_pressure,1.508063568656894,2.2742557271101664,-1.508063568656894
patchtst,6,precipitation,0.04387308557785796,0.0019248476381220484,-0.04387308557785796
patchtst,12,shortwave_radiation,241.0827199546726,58120.877860743094,241.0827199546726
patchtst,12,direct_normal_irradiance,392.87459621052494,154350.448347583,392.87459621052494
patchtst,12,diffuse_radiation,108.61773845410954,11797.813106885347,-108.61773845410954
patchtst,12,temperature_2m,1.2546781872642256,1.5742173535966433,1.2546781872642256
patchtst,12,relative_humidity_2m,2.1067214241693506,4.438275159054137,-2.1067214241693506
patchtst,12,cloud_cover,20.3776263842185,415.247657054798,-20.3776263842185
patchtst,12,wind_speed_100m,0.3191653039276048,0.10186649123120033,-0.3191653039276048
patchtst,12,wind_speed_10m,0.4232356043201779,0.1791283767642662,0.4232356043201779
patchtst,12,surface_pressure,0.726125096474334,0.5272576557298608,0.726125096474334
patchtst,12,precipitation,0.0,0.0,0.0
patchtst,24,temperature_2m,0.9636095758158056,0.9285434146039169,-0.9636095758158056
patchtst,24,relative_humidity_2m,13.555535640168586,183.75254649188074,13.555535640168586
patchtst,24,cloud_cover,29.310534319956716,859.1074221213605,29.310534319956716
patchtst,24,wind_speed_100m,4.001803152212874,16.014428469060896,-4.001803152212874
patchtst,24,wind_speed_10m,0.9094273784164559,0.8270581566134277,-0.9094273784164559
patchtst,24,surface_pressure,0.019655158520890836,0.00038632525648134763,-0.019655158520890836
patchtst,24,precipitation,0.007116827961765271,5.064924023736402e-05,-0.007116827961765271
patchtst,48,temperature_2m,0.7149567068290246,0.5111630926398038,0.7149567068290246
patchtst,48,relative_humidity_2m,2.0800817396770412,4.326740043737867,2.0800817396770412
patchtst,48,cloud_cover,5.668877362758849,32.13617055399972,5.668877362758849
patchtst,48,wind_speed_100m,0.42177963152965603,0.1778980575732924,0.42177963152965603
patchtst,48,wind_speed_10m,1.637605223510545,2.6817508680690216,-1.637605223510545
patchtst,48,surface_pressure,0.8671639368769775,0.7519732934199785,0.8671639368769775
patchtst,48,precipitation,0.0,0.0,0.0
patchtst,72,temperature_2m,0.5032599336867065,0.25327056085434824,0.5032599336867065
patchtst,72,relative_humidity_2m,8.42607478332748,70.99873625422723,-8.42607478332748
patchtst,72,cloud_cover,2.6506121557731888,7.025744800332591,2.6506121557731888
patchtst,72,wind_speed_100m,1.2749141926542409,1.625406198631215,-1.2749141926542409
patchtst,72,wind_speed_10m,1.8526617651410888,3.432355616015695,-1.8526617651410888
patchtst,72,surface_pressure,0.7864933778755585,0.6185718334421061,0.7864933778755585
patchtst,72,precipitation,0.0,0.0,0.0
ecmwf_crudo,1,temperature_2m,0.6999999999999993,0.489999999999999,0.6999999999999993
ecmwf_crudo,1,relative_humidity_2m,14.0,196.0,-14.0
ecmwf_crudo,1,cloud_cover,22.0,484.0,-22.0
ecmwf_crudo,1,wind_speed_10m,7.8999999999999995,62.40999999999999,-7.8999999999999995
ecmwf_crudo,1,surface_pressure,1.5,2.25,-1.5
ecmwf_crudo,6,temperature_2m,0.7000000000000011,0.4900000000000015,-0.7000000000000011
ecmwf_crudo,6,relative_humidity_2m,11.0,121.0,-11.0
ecmwf_crudo,6,cloud_cover,61.0,3721.0,-61.0
ecmwf_crudo,6,wind_speed_10m,5.5,30.25,-5.5
ecmwf_crudo,6,surface_pressure,2.1000000000000227,4.410000000000095,-2.1000000000000227
ecmwf_crudo,12,shortwave_radiation,41.0,1681.0,41.0
ecmwf_crudo,12,temperature_2m,1.6000000000000014,2.5600000000000045,1.6000000000000014
ecmwf_crudo,12,relative_humidity_2m,12.0,144.0,-12.0
ecmwf_crudo,12,cloud_cover,17.0,289.0,17.0
ecmwf_crudo,12,wind_speed_10m,9.8,96.04000000000002,-9.8
ecmwf_crudo,12,surface_pressure,1.2999999999999545,1.6899999999998818,-1.2999999999999545
ecmwf_crudo,24,temperature_2m,0.3000000000000007,0.09000000000000043,0.3000000000000007
ecmwf_crudo,24,relative_humidity_2m,1.0,1.0,1.0
ecmwf_crudo,24,cloud_cover,12.0,144.0,12.0
ecmwf_crudo,24,wind_speed_10m,5.4,29.160000000000004,-5.4
ecmwf_crudo,24,surface_pressure,1.2000000000000455,1.4400000000001092,-1.2000000000000455
ecmwf_crudo,48,temperature_2m,1.200000000000001,1.4400000000000026,1.200000000000001
ecmwf_crudo,48,relative_humidity_2m,11.0,121.0,-11.0
ecmwf_crudo,48,cloud_cover,10.0,100.0,-10.0
ecmwf_crudo,48,wind_speed_10m,8.5,72.25,-8.5
ecmwf_crudo,48,surface_pressure,1.1999999999999318,1.4399999999998363,-1.1999999999999318
ecmwf_crudo,72,temperature_2m,1.0999999999999996,1.2099999999999993,1.0999999999999996
ecmwf_crudo,72,relative_humidity_2m,13.0,169.0,-13.0
ecmwf_crudo,72,cloud_cover,12.0,144.0,-12.0
ecmwf_crudo,72,wind_speed_10m,10.1,102.00999999999999,-10.1
ecmwf_crudo,72,surface_pressure,1.1999999999999318,1.4399999999998363,-1.1999999999999318
persistence,1,temperature_2m,2.6999999999999993,7.2899999999999965,-2.6999999999999993
persistence,1,relative_humidity_2m,4.0,16.0,-4.0
persistence,1,cloud_cover,41.0,1681.0,-41.0
persistence,1,wind_speed_100m,2.0,4.0,-2.0
persistence,1,wind_speed_10m,0.5,0.25,0.5
persistence,1,surface_pressure,1.7000000000000455,2.8900000000001547,-1.7000000000000455
persistence,1,precipitation,0.0,0.0,0.0
persistence,6,shortwave_radiation,77.0,5929.0,77.0
persistence,6,direct_normal_irradiance,186.0,34596.0,186.0
persistence,6,diffuse_radiation,91.0,8281.0,-91.0
persistence,6,temperature_2m,0.3000000000000007,0.09000000000000043,0.3000000000000007
persistence,6,relative_humidity_2m,1.0,1.0,-1.0
persistence,6,cloud_cover,32.0,1024.0,-32.0
persistence,6,wind_speed_100m,3.3999999999999986,11.55999999999999,-3.3999999999999986
persistence,6,wind_speed_10m,1.6000000000000005,2.560000000000002,-1.6000000000000005
persistence,6,surface_pressure,0.0,0.0,0.0
persistence,6,precipitation,0.0,0.0,0.0
persistence,12,shortwave_radiation,62.0,3844.0,-62.0
persistence,12,direct_normal_irradiance,295.1,87084.01000000001,-295.1
persistence,12,diffuse_radiation,62.0,3844.0,62.0
persistence,12,temperature_2m,1.6999999999999993,2.8899999999999975,-1.6999999999999993
persistence,12,relative_humidity_2m,25.0,625.0,25.0
persistence,12,cloud_cover,52.0,2704.0,52.0
persistence,12,wind_speed_100m,4.199999999999999,17.639999999999993,4.199999999999999
persistence,12,wind_speed_10m,2.5,6.25,2.5
persistence,12,surface_pressure,0.20000000000004547,0.04000000000001819,-0.20000000000004547
persistence,12,precipitation,0.0,0.0,0.0
persistence,24,temperature_2m,3.5,12.25,3.5
persistence,24,relative_humidity_2m,2.0,4.0,-2.0
persistence,24,cloud_cover,76.0,5776.0,76.0
persistence,24,wind_speed_100m,0.9000000000000001,0.8100000000000003,-0.9000000000000001
persistence,24,wind_speed_10m,2.0,4.0,-2.0
persistence,24,surface_pressure,3.1000000000000227,9.610000000000142,3.1000000000000227
persistence,24,precipitation,0.0,0.0,0.0
persistence,48,temperature_2m,3.200000000000001,10.240000000000007,3.200000000000001
persistence,48,relative_humidity_2m,0.0,0.0,0.0
persistence,48,cloud_cover,22.0,484.0,22.0
persistence,48,wind_speed_100m,4.1,16.81,4.1
persistence,48,wind_speed_10m,0.19999999999999973,0.0399999999999999,-0.19999999999999973
persistence,48,surface_pressure,1.8999999999999773,3.6099999999999137,1.8999999999999773
persistence,48,precipitation,0.0,0.0,0.0
persistence,72,temperature_2m,3.3000000000000007,10.890000000000004,3.3000000000000007
persistence,72,relative_humidity_2m,5.0,25.0,-5.0
persistence,72,cloud_cover,21.0,441.0,21.0
persistence,72,wind_speed_100m,6.5,42.25,6.5
persistence,72,wind_speed_10m,0.8000000000000003,0.6400000000000005,0.8000000000000003
persistence,72,surface_pressure,1.8000000000000682,3.2400000000002454,1.8000000000000682
persistence,72,precipitation,0.0,0.0,0.0
climatology,1,temperature_2m,3.4766666666666666,12.08721111111111,-3.4766666666666666
climatology,1,relative_humidity_2m,0.5999999999999943,0.35999999999999316,0.5999999999999943
climatology,1,cloud_cover,42.66666666666667,1820.4444444444448,-42.66666666666667
climatology,1,wind_speed_100m,4.593333333333333,21.098711111111108,-4.593333333333333
climatology,1,wind_speed_10m,1.1800000000000002,1.3924000000000003,-1.1800000000000002
climatology,1,surface_pressure,1.9133333333332985,3.660844444444311,-1.9133333333332985
climatology,1,precipitation,0.0,0.0,0.0
climatology,6,shortwave_radiation,222.20000000000005,49372.84000000002,222.20000000000005
climatology,6,direct_normal_irradiance,370.01666666666665,136912.3336111111,370.01666666666665
climatology,6,diffuse_radiation,121.9,14859.61,-121.9
climatology,6,temperature_2m,1.2666666666666657,1.6044444444444421,1.2666666666666657
climatology,6,relative_humidity_2m,9.733333333333334,94.7377777777778,-9.733333333333334
climatology,6,cloud_cover,11.200000000000003,125.44000000000007,-11.200000000000003
climatology,6,wind_speed_100m,1.6099999999999977,2.5920999999999923,-1.6099999999999977
climatology,6,wind_speed_10m,0.3299999999999992,0.10889999999999946,-0.3299999999999992
climatology,6,surface_pressure,1.4266666666666197,2.0353777777776436,1.4266666666666197
climatology,6,precipitation,0.08666666666666667,0.007511111111111112,-0.08666666666666667
climatology,12,shortwave_radiation,36.80000000000001,1354.240000000001,36.80000000000001
climatology,12,direct_normal_irradiance,97.78666666666658,9562.23217777776,97.78666666666658
climatology,12,diffuse_radiation,0.3333333333333286,0.11111111111110795,-0.3333333333333286
climatology,12,temperature_2m,0.5899999999999963,0.34809999999999564,-0.5899999999999963
climatology,12,relative_humidity_2m,12.733333333333334,162.1377777777778,12.733333333333334
climatology,12,cloud_cover,11.933333333333337,142.40444444444452,11.933333333333337
climatology,12,wind_speed_100m,2.3000000000000007,5.290000000000004,2.3000000000000007
climatology,12,wind_speed_10m,2.516666666666667,6.333611111111113,2.516666666666667
climatology,12,surface_pressure,0.7533333333333303,0.5675111111111065,0.7533333333333303
climatology,12,precipitation,0.21666666666666667,0.04694444444444445,-0.21666666666666667
climatology,24,temperature_2m,0.7333333333333307,0.5377777777777739,0.7333333333333307
climatology,24,relative_humidity_2m,3.200000000000003,10.240000000000018,-3.200000000000003
climatology,24,cloud_cover,16.46666666666667,271.15111111111116,16.46666666666667
climatology,24,wind_speed_100m,6.096666666666667,37.16934444444445,-6.096666666666667
climatology,24,wind_speed_10m,3.22,10.368400000000001,-3.22
climatology,24,surface_pressure,1.9566666666665924,3.828544444444154,1.9566666666665924
climatology,24,precipitation,0.0,0.0,0.0
climatology,48,temperature_2m,0.4333333333333318,0.18777777777777643,0.4333333333333318
climatology,48,relative_humidity_2m,1.2000000000000028,1.4400000000000068,-1.2000000000000028
climatology,48,cloud_cover,37.53333333333333,1408.751111111111,-37.53333333333333
climatology,48,wind_speed_100m,1.0966666666666667,1.2026777777777777,-1.0966666666666667
climatology,48,wind_speed_10m,1.42,2.0164,-1.42
climatology,48,surface_pressure,0.7566666666665469,0.5725444444442632,0.7566666666665469
climatology,48,precipitation,0.0,0.0,0.0
climatology,72,temperature_2m,0.5333333333333314,0.28444444444444245,0.5333333333333314
climatology,72,relative_humidity_2m,6.200000000000003,38.44000000000003,-6.200000000000003
climatology,72,cloud_cover,38.53333333333333,1484.8177777777776,-38.53333333333333
climatology,72,wind_speed_100m,1.3033333333333328,1.6986777777777764,1.3033333333333328
climatology,72,wind_speed_10m,0.41999999999999993,0.17639999999999995,-0.41999999999999993
climatology,72,surface_pressure,0.6566666666666379,0.4312111111110733,0.6566666666666379
climatology,72,precipitation,0.0,0.0,0.0
mos,1,temperature_2m,1.3757890001124498,1.8927953728304143,-1.3757890001124498
mos,1,relative_humidity_2m,2.5180991419857435,6.340823288869338,-2.5180991419857435
mos,1,cloud_cover,53.0,2809.0,-53.0
mos,1,wind_speed_100m,0.2779637235444459,0.07726383160669313,0.2779637235444459
mos,1,wind_speed_10m,0.6078346537009813,0.3694629662397919,0.6078346537009813
mos,1,surface_pressure,1.0446657392271845,1.09132650671508,-1.0446657392271845
mos,1,precipitation,0.0,0.0,0.0
mos,6,shortwave_radiation,22.364934317339475,500.190287018909,22.364934317339475
mos,6,direct_normal_irradiance,65.6381099999993,4308.361484372008,65.6381099999993
mos,6,diffuse_radiation,41.77454083106059,1745.1122616459486,-41.77454083106059
mos,6,temperature_2m,1.4548663589378563,2.1166361223690955,1.4548663589378563
mos,6,relative_humidity_2m,5.469414027037843,29.91448979915831,-5.469414027037843
mos,6,cloud_cover,17.0,289.0,17.0
mos,6,wind_speed_100m,6.729261307284096,45.28295774171086,6.729261307284096
mos,6,wind_speed_10m,4.957887756289358,24.580651003963922,4.957887756289358
mos,6,surface_pressure,0.5945060116338254,0.35343739786875816,0.5945060116338254
mos,6,precipitation,0.0,0.0,0.0
mos,12,shortwave_radiation,16.93965571220781,286.9519356481347,16.93965571220781
mos,12,direct_normal_irradiance,177.10229509611713,31365.222928312156,177.10229509611713
mos,12,diffuse_radiation,0.3591492950177724,0.1289882161117629,-0.3591492950177724
mos,12,temperature_2m,0.962536397320271,0.9264763161662866,0.962536397320271
mos,12,relative_humidity_2m,1.015502886303139,1.031246112090006,-1.015502886303139
mos,12,cloud_cover,12.0,144.0,12.0
mos,12,wind_speed_100m,5.6674511817791196,32.12000289784954,5.6674511817791196
mos,12,wind_speed_10m,5.087836664331876,25.88608192291971,5.087836664331876
mos,12,surface_pressure,0.5769217638511464,0.3328387216051179,0.5769217638511464
mos,12,precipitation,0.0,0.0,0.0
mos,24,temperature_2m,1.1321831547335304,1.281838695862369,1.1321831547335304
mos,24,relative_humidity_2m,16.405096790164436,269.1272006946635,-16.405096790164436
mos,24,cloud_cover,5.0,25.0,-5.0
mos,24,wind_speed_100m,1.115488147476791,1.2443138071612032,-1.115488147476791
mos,24,wind_speed_10m,0.9947589085879766,0.9895452862151423,-0.9947589085879766
mos,24,surface_pressure,0.03241842349871149,0.0010509541821418094,-0.03241842349871149
mos,24,precipitation,0.1,0.010000000000000002,-0.1
mos,48,temperature_2m,1.2821581508519184,1.6439295237960108,1.2821581508519184
mos,48,relative_humidity_2m,4.937813363739963,24.382000815128965,-4.937813363739963
mos,48,cloud_cover,40.0,1600.0,-40.0
mos,48,wind_speed_100m,3.962735932716085,15.703276072439222,3.962735932716085
mos,48,wind_speed_10m,0.5973933264189231,0.356878786449866,0.5973933264189231
mos,48,surface_pressure,0.8356610324717622,0.6983293611917715,0.8356610324717622
mos,48,precipitation,0.0,0.0,0.0
mos,72,temperature_2m,1.0420874421159922,1.0859462370158515,1.0420874421159922
mos,72,relative_humidity_2m,5.9266879958394725,35.125630600027705,-5.9266879958394725
mos,72,cloud_cover,36.0,1296.0,-36.0
mos,72,wind_speed_100m,6.322185014376068,39.97002335600132,6.322185014376068
mos,72,wind_speed_10m,1.544342197061981,2.3849928216262266,1.544342197061981
mos,72,surface_pressure,0.7958988325462997,0.6334549516485628,0.7958988325462997
mos,72,precipitation,0.0,0.0,0.0
patchtst,1,temperature_2m,1.8532572527450082,3.4345624448519754,-1.8532572527450082
patchtst,1,relative_humidity_2m,2.9566191315552146,8.741596689078312,2.9566191315552146
patchtst,1,cloud_cover,15.60928616464119,243.64981456965887,-15.60928616464119
patchtst,1,wind_speed_100m,1.0458551115722097,1.0938129144017192,-1.0458551115722097
patchtst,1,wind_speed_10m,0.3240383136740932,0.10500082872875001,-0.3240383136740932
patchtst,1,surface_pressure,1.3081986955465936,1.7113838270298092,-1.3081986955465936
patchtst,1,precipitation,0.0,0.0,0.0
patchtst,6,shortwave_radiation,213.44745609306597,45559.81651260133,213.44745609306597
patchtst,6,direct_normal_irradiance,346.2178388947483,119866.79196894988,346.2178388947483
patchtst,6,diffuse_radiation,109.90358749967714,12078.79854529919,-109.90358749967714
patchtst,6,temperature_2m,1.6130012086585808,2.6017728991340423,1.6130012086585808
patchtst,6,relative_humidity_2m,7.078479123633699,50.104866703718095,-7.078479123633699
patchtst,6,cloud_cover,16.82874917697879,283.20679886166425,-16.82874917697879
patchtst,6,wind_speed_100m,0.05728631535111006,0.0032817219265068283,0.05728631535111006
patchtst,6,wind_speed_10m,0.5119777686494844,0.26212123559130496,0.5119777686494844
patchtst,6,surface_pressure,1.040414219221475,1.0824617475582312,1.040414219221475
patchtst,6,precipitation,0.022825594085193135,0.0005210077453420038,-0.022825594085193135
patchtst,12,shortwave_radiation,65.88436403363573,4340.749424116634,65.88436403363573
patchtst,12,direct_normal_irradiance,136.74815548373,18700.05802820239,136.74815548373
patchtst,12,diffuse_radiation,31.03307557185542,963.0517794484896,31.03307557185542
patchtst,12,temperature_2m,0.4881928401304805,0.23833224915466486,-0.4881928401304805
patchtst,12,relative_humidity_2m,12.723288941945341,161.8820815002286,12.723288941945341
patchtst,12,cloud_cover,12.95923302659044,167.9417206374724,12.95923302659044
patchtst,12,wind_speed_100m,3.6312273672460416,13.185812192636618,3.6312273672460416
patchtst,12,wind_speed_10m,3.013143709005972,9.079035011122267,3.013143709005972
patchtst,12,surface_pressure,0.655532130652773,0.4297223743181643,0.655532130652773
patchtst,12,precipitation,0.10563709086168926,0.011159194965720794,-0.10563709086168926
patchtst,24,temperature_2m,1.2886920547935254,1.6607272120879588,1.2886920547935254
patchtst,24,relative_humidity_2m,0.4287649542991261,0.1838393860351317,0.4287649542991261
patchtst,24,cloud_cover,21.419370250958096,458.7894219476287,21.419370250958096
patchtst,24,wind_speed_100m,3.5096207990532653,12.31743815314728,-3.5096207990532653
patchtst,24,wind_speed_10m,2.414564736190903,5.830122865256644,-2.414564736190903
patchtst,24,surface_pressure,2.168788097677748,4.703641812628664,2.168788097677748
patchtst,24,precipitation,0.03125744489300386,0.0009770278612391732,-0.03125744489300386
patchtst,48,temperature_2m,0.3906098580657833,0.15257606121817138,0.3906098580657833
patchtst,48,relative_humidity_2m,2.974518693708305,8.84776145922016,2.974518693708305
patchtst,48,cloud_cover,41.20814551465682,1698.111256757131,-41.20814551465682
patchtst,48,wind_speed_100m,0.9688357787929514,0.9386427662693446,0.9688357787929514
patchtst,48,wind_speed_10m,0.6588011645510532,0.43401897441382387,-0.6588011645510532
patchtst,48,surface_pressure,0.8165722082171669,0.6667901712326602,0.8165722082171669
patchtst,48,precipitation,0.010258778943539215,0.00010524254541240357,-0.010258778943539215
patchtst,72,temperature_2m,0.36001354559089727,0.12960975300892907,0.36001354559089727
patchtst,72,relative_humidity_2m,3.932706653210431,15.46618162020559,-3.932706653210431
patchtst,72,cloud_cover,45.649342010287356,2083.862425972186,-45.649342010287356
patchtst,72,wind_speed_100m,2.649305040224397,7.018817196158395,2.649305040224397
patchtst,72,wind_speed_10m,0.13353555627427216,0.01783174478947931,-0.13353555627427216
patchtst,72,surface_pressure,0.6104351514409245,0.3726310741147045,0.6104351514409245
patchtst,72,precipitation,0.0,0.0,0.0
ecmwf_crudo,1,temperature_2m,2.5999999999999996,6.759999999999998,-2.5999999999999996
ecmwf_crudo,1,relative_humidity_2m,3.0,9.0,-3.0
ecmwf_crudo,1,cloud_cover,53.0,2809.0,-53.0
ecmwf_crudo,1,wind_speed_10m,9.0,81.0,-9.0
ecmwf_crudo,1,surface_pressure,4.300000000000068,18.490000000000588,-4.300000000000068
ecmwf_crudo,6,shortwave_radiation,41.0,1681.0,41.0
ecmwf_crudo,6,temperature_2m,1.6000000000000014,2.5600000000000045,1.6000000000000014
ecmwf_crudo,6,relative_humidity_2m,12.0,144.0,-12.0
ecmwf_crudo,6,cloud_cover,17.0,289.0,17.0
ecmwf_crudo,6,wind_speed_10m,9.8,96.04000000000002,-9.8
ecmwf_crudo,6,surface_pressure,1.2999999999999545,1.6899999999998818,-1.2999999999999545
ecmwf_crudo,12,shortwave_radiation,5.0,25.0,-5.0
ecmwf_crudo,12,temperature_2m,0.3999999999999986,0.15999999999999887,-0.3999999999999986
ecmwf_crudo,12,relative_humidity_2m,16.0,256.0,16.0
ecmwf_crudo,12,cloud_cover,12.0,144.0,12.0
ecmwf_crudo,12,wind_speed_10m,3.8,14.44,-3.8
ecmwf_crudo,12,surface_pressure,1.6000000000000227,2.560000000000073,-1.6000000000000227
ecmwf_crudo,24,temperature_2m,0.09999999999999964,0.009999999999999929,-0.09999999999999964
ecmwf_crudo,24,relative_humidity_2m,11.0,121.0,-11.0
ecmwf_crudo,24,cloud_cover,5.0,25.0,-5.0
ecmwf_crudo,24,wind_speed_10m,6.5,42.25,-6.5
ecmwf_crudo,24,surface_pressure,1.6000000000000227,2.560000000000073,-1.6000000000000227
ecmwf_crudo,48,temperature_2m,0.10000000000000142,0.010000000000000285,0.10000000000000142
ecmwf_crudo,48,relative_humidity_2m,13.0,169.0,-13.0
ecmwf_crudo,48,cloud_cover,40.0,1600.0,-40.0
ecmwf_crudo,48,wind_speed_10m,9.7,94.08999999999999,-9.7
ecmwf_crudo,48,surface_pressure,2.1000000000000227,4.410000000000095,-2.1000000000000227
ecmwf_crudo,72,temperature_2m,0.40000000000000036,0.16000000000000028,0.40000000000000036
ecmwf_crudo,72,relative_humidity_2m,12.0,144.0,-12.0
ecmwf_crudo,72,cloud_cover,36.0,1296.0,-36.0
ecmwf_crudo,72,wind_speed_10m,12.7,161.29,-12.7
ecmwf_crudo,72,surface_pressure,1.6999999999999318,2.889999999999768,-1.6999999999999318
persistence,1,shortwave_radiation,93.0,8649.0,93.0
persistence,1,direct_normal_irradiance,188.89999999999998,35683.20999999999,188.89999999999998
persistence,1,diffuse_radiation,92.0,8464.0,-92.0
persistence,1,temperature_2m,0.7999999999999972,0.6399999999999955,0.7999999999999972
persistence,1,relative_humidity_2m,5.0,25.0,-5.0
persistence,1,cloud_cover,1.0,1.0,1.0
persistence,1,wind_speed_100m,3.3000000000000007,10.890000000000004,-3.3000000000000007
persistence,1,wind_speed_10m,1.4000000000000004,1.960000000000001,-1.4000000000000004
persistence,1,surface_pressure,0.39999999999997726,0.15999999999998182,0.39999999999997726
persistence,1,precipitation,0.0,0.0,0.0
persistence,6,shortwave_radiation,62.0,3844.0,-62.0
persistence,6,direct_normal_irradiance,295.1,87084.01000000001,-295.1
persistence,6,diffuse_radiation,62.0,3844.0,62.0
persistence,6,temperature_2m,1.6999999999999993,2.8899999999999975,-1.6999999999999993
persistence,6,relative_humidity_2m,25.0,625.0,25.0
persistence,6,cloud_cover,52.0,2704.0,52.0
persistence,6,wind_speed_100m,4.199999999999999,17.639999999999993,4.199999999999999
persistence,6,wind_speed_10m,2.5,6.25,2.5
persistence,6,surface_pressure,0.20000000000004547,0.04000000000001819,-0.20000000000004547
persistence,6,precipitation,0.0,0.0,0.0
persistence,12,temperature_2m,0.40000000000000036,0.16000000000000028,0.40000000000000036
persistence,12,relative_humidity_2m,15.0,225.0,15.0
persistence,12,cloud_cover,80.0,6400.0,80.0
persistence,12,wind_speed_100m,1.3000000000000003,1.6900000000000006,-1.3000000000000003
persistence,12,wind_speed_10m,0.2999999999999998,0.0899999999999999,-0.2999999999999998
persistence,12,surface_pressure,0.39999999999997726,0.15999999999998182,0.39999999999997726
persistence,12,precipitation,0.0,0.0,0.0
persistence,24,shortwave_radiation,154.0,23716.0,-154.0
persistence,24,direct_normal_irradiance,276.79999999999995,76618.23999999998,-276.79999999999995
persistence,24,diffuse_radiation,94.0,8836.0,94.0
persistence,24,temperature_2m,1.3000000000000007,1.690000000000002,-1.3000000000000007
persistence,24,relative_humidity_2m,9.0,81.0,9.0
persistence,24,cloud_cover,16.0,256.0,-16.0
persistence,24,wind_speed_100m,1.200000000000001,1.4400000000000026,-1.200000000000001
persistence,24,wind_speed_10m,1.0,1.0,-1.0
persistence,24,surface_pressure,0.39999999999997726,0.15999999999998182,-0.39999999999997726
persistence,24,precipitation,0.1,0.010000000000000002,0.1
persistence,48,shortwave_radiation,73.0,5329.0,-73.0
persistence,48,direct_normal_irradiance,96.79999999999995,9370.23999999999,-96.79999999999995
persistence,48,diffuse_radiation,12.0,144.0,12.0
persistence,48,temperature_2m,0.1999999999999993,0.039999999999999716,0.1999999999999993
persistence,48,relative_humidity_2m,1.0,1.0,1.0
persistence,48,cloud_cover,10.0,100.0,-10.0
persistence,48,wind_speed_100m,5.1,26.009999999999998,5.1
persistence,48,wind_speed_10m,2.8000000000000007,7.840000000000004,2.8000000000000007
persistence,48,surface_pressure,0.10000000000002274,0.010000000000004547,-0.10000000000002274
persistence,48,precipitation,0.1,0.010000000000000002,0.1
persistence,72,shortwave_radiation,52.0,2704.0,-52.0
persistence,72,direct_normal_irradiance,155.5,24180.25,-155.5
persistence,72,diffuse_radiation,85.0,7225.0,85.0
persistence,72,temperature_2m,0.3000000000000007,0.09000000000000043,0.3000000000000007
persistence,72,relative_humidity_2m,1.0,1.0,1.0
persistence,72,cloud_cover,32.0,1024.0,32.0
persistence,72,wind_speed_100m,7.199999999999999,51.83999999999999,7.199999999999999
persistence,72,wind_speed_10m,4.200000000000001,17.640000000000008,4.200000000000001
persistence,72,surface_pressure,0.39999999999997726,0.15999999999998182,-0.39999999999997726
persistence,72,precipitation,0.0,0.0,0.0
climatology,1,shortwave_radiation,168.39999999999998,28358.559999999994,168.39999999999998
climatology,1,direct_normal_irradiance,293.46333333333337,86120.72801111113,293.46333333333337
climatology,1,diffuse_radiation,129.0,16641.0,-129.0
climatology,1,temperature_2m,1.5199999999999996,2.3103999999999987,1.5199999999999996
climatology,1,relative_humidity_2m,10.366666666666667,107.46777777777778,-10.366666666666667
climatology,1,cloud_cover,19.066666666666663,363.53777777777765,19.066666666666663
climatology,1,wind_speed_100m,1.3100000000000005,1.7161000000000013,-1.3100000000000005
climatology,1,wind_speed_10m,0.013333333333332753,0.0001777777777777623,-0.013333333333332753
climatology,1,surface_pressure,1.6033333333331257,2.570677777777112,1.6033333333331257
climatology,1,precipitation,0.16333333333333336,0.026677777777777786,-0.16333333333333336
climatology,6,shortwave_radiation,36.80000000000001,1354.240000000001,36.80000000000001
climatology,6,direct_normal_irradiance,97.78666666666658,9562.23217777776,97.78666666666658
climatology,6,diffuse_radiation,0.3333333333333286,0.11111111111110795,-0.3333333333333286
climatology,6,temperature_2m,0.5899999999999963,0.34809999999999564,-0.5899999999999963
climatology,6,relative_humidity_2m,12.733333333333334,162.1377777777778,12.733333333333334
climatology,6,cloud_cover,11.933333333333337,142.40444444444452,11.933333333333337
climatology,6,wind_speed_100m,2.3000000000000007,5.290000000000004,2.3000000000000007
climatology,6,wind_speed_10m,2.516666666666667,6.333611111111113,2.516666666666667
climatology,6,surface_pressure,0.7533333333333303,0.5675111111111065,0.7533333333333303
climatology,6,precipitation,0.21666666666666667,0.04694444444444445,-0.21666666666666667
climatology,12,temperature_2m,0.7633333333333319,0.5826777777777755,-0.7633333333333319
climatology,12,relative_humidity_2m,11.400000000000006,129.96000000000012,11.400000000000006
climatology,12,cloud_cover,16.266666666666666,264.6044444444444,16.266666666666666
climatology,12,wind_speed_100m,7.1033333333333335,50.457344444444445,-7.1033333333333335
climatology,12,wind_speed_10m,1.606666666666667,2.5813777777777784,-1.606666666666667
climatology,12,surface_pressure,0.38999999999987267,0.15209999999990068,0.38999999999987267
climatology,12,precipitation,0.016666666666666666,0.0002777777777777778,-0.016666666666666666
climatology,24,shortwave_radiation,63.26666666666665,4002.671111111109,63.26666666666665
climatology,24,direct_normal_irradiance,86.80999999999995,7535.976099999991,86.80999999999995
climatology,24,diffuse_radiation,26.099999999999994,681.2099999999997,-26.099999999999994
climatology,24,temperature_2m,0.07666666666666799,0.005877777777777981,-0.07666666666666799
climatology,24,relative_humidity_2m,0.7333333333333343,0.5377777777777791,-0.7333333333333343
climatology,24,cloud_cover,26.299999999999997,691.6899999999998,-26.299999999999997
climatology,24,wind_speed_100m,2.583333333333334,6.673611111111114,-2.583333333333334
climatology,24,wind_speed_10m,1.21,1.4641,-1.21
climatology,24,surface_pressure,0.9666666666668107,0.9344444444447229,0.9666666666668107
climatology,24,precipitation,0.013333333333333336,0.00017777777777777784,0.013333333333333336
climatology,48,shortwave_radiation,144.26666666666665,20812.871111111108,144.26666666666665
climatology,48,direct_normal_irradiance,266.80999999999995,71187.57609999998,266.80999999999995
climatology,48,diffuse_radiation,108.1,11685.609999999999,-108.1
climatology,48,temperature_2m,1.423333333333332,2.025877777777774,1.423333333333332
climatology,48,relative_humidity_2m,8.733333333333334,76.27111111111113,-8.733333333333334
climatology,48,cloud_cover,20.299999999999997,412.08999999999986,-20.299999999999997
climatology,48,wind_speed_100m,3.716666666666667,13.813611111111111,3.716666666666667
climatology,48,wind_speed_10m,2.5900000000000007,6.7081000000000035,2.5900000000000007
climatology,48,surface_pressure,1.2666666666667652,1.6044444444446941,1.2666666666667652
climatology,48,precipitation,0.013333333333333336,0.00017777777777777784,0.013333333333333336
climatology,72,shortwave_radiation,165.26666666666665,27313.071111111105,165.26666666666665
climatology,72,direct_normal_irradiance,208.1099999999999,43309.77209999996,208.1099999999999
climatology,72,diffuse_radiation,35.099999999999994,1232.0099999999995,-35.099999999999994
climatology,72,temperature_2m,1.5233333333333334,2.3205444444444447,1.5233333333333334
climatology,72,relative_humidity_2m,8.733333333333334,76.27111111111113,-8.733333333333334
climatology,72,cloud_cover,21.700000000000003,470.8900000000001,21.700000000000003
climatology,72,wind_speed_100m,5.816666666666666,33.83361111111111,5.816666666666666
climatology,72,wind_speed_10m,3.990000000000001,15.920100000000009,3.990000000000001
climatology,72,surface_pressure,0.9666666666668107,0.9344444444447229,0.9666666666668107
climatology,72,precipitation,0.08666666666666667,0.007511111111111112,-0.08666666666666667
mos,1,shortwave_radiation,47.8224689498702,2286.988536461299,47.8224689498702
mos,1,direct_normal_irradiance,228.4754079363039,52201.01203166047,228.4754079363039
mos,1,diffuse_radiation,86.64450975284345,7507.271070310583,-86.64450975284345
mos,1,temperature_2m,1.5583187866968125,2.4283574409722255,1.5583187866968125
mos,1,relative_humidity_2m,6.170168342632238,38.070977376421055,-6.170168342632238
mos,1,cloud_cover,20.0,400.0,20.0
mos,1,wind_speed_100m,8.220249213513103,67.5724971322628,8.220249213513103
mos,1,wind_speed_10m,6.307955233132799,39.79029922320746,6.307955233132799
mos,1,surface_pressure,0.5797342838751547,0.33609183990023844,0.5797342838751547
mos,1,precipitation,0.0,0.0,0.0
mos,6,shortwave_radiation,16.837143747376274,283.489409569812,16.837143747376274
mos,6,direct_normal_irradiance,178.86497261558588,31992.67842877429,178.86497261558588
mos,6,diffuse_radiation,3.158176342937523,9.974077813090226,-3.158176342937523
mos,6,temperature_2m,0.9880209922512648,0.9761854811291739,0.9880209922512648
mos,6,relative_humidity_2m,0.4094533257661226,0.1676520259809385,-0.4094533257661226
mos,6,cloud_cover,12.0,144.0,12.0
mos,6,wind_speed_100m,5.6674511817791196,32.12000289784954,5.6674511817791196
mos,6,wind_speed_10m,5.087836664331876,25.88608192291971,5.087836664331876
mos,6,surface_pressure,0.5910527805912125,0.34934338944460397,0.5910527805912125
mos,6,precipitation,0.0,0.0,0.0
mos,12,temperature_2m,0.5662856414418957,0.3206794277032593,0.5662856414418957
mos,12,relative_humidity_2m,0.40793863701200905,0.16641393156721568,-0.40793863701200905
mos,12,cloud_cover,12.0,144.0,12.0
mos,12,wind_speed_100m,1.229874835904253,1.5125921119905135,-1.229874835904253
mos,12,wind_speed_10m,0.4896146170724094,0.23972247325096208,0.4896146170724094
mos,12,surface_pressure,0.6408618073214711,0.41070385608334237,0.6408618073214711
mos,12,precipitation,0.0,0.0,0.0
mos,24,shortwave_radiation,37.819535794412104,1430.3172877048185,37.819535794412104
mos,24,direct_normal_irradiance,196.9045846935639,38771.415473344874,196.9045846935639
mos,24,diffuse_radiation,141.95026465218024,20149.87763482401,-141.95026465218024
mos,24,temperature_2m,0.6597129836989026,0.4352212208609086,0.6597129836989026
mos,24,relative_humidity_2m,2.9495602946830104,8.699905931970527,-2.9495602946830104
mos,24,cloud_cover,35.0,1225.0,-35.0
mos,24,wind_speed_100m,5.3630499459998235,28.76230472328871,5.3630499459998235
mos,24,wind_speed_10m,4.249932523929787,18.061926457956208,4.249932523929787
mos,24,surface_pressure,0.7403375152114222,0.5480996364294228,0.7403375152114222
mos,24,precipitation,0.19999999999999998,0.039999999999999994,-0.19999999999999998
mos,48,shortwave_radiation,20.78844229371896,432.15933299928315,20.78844229371896
mos,48,direct_normal_irradiance,238.7943911725755,57022.761255481004,238.7943911725755
mos,48,diffuse_radiation,164.7916213352289,27156.27846229347,-164.7916213352289
mos,48,temperature_2m,1.23798415951293,1.5326047792049355,1.23798415951293
mos,48,relative_humidity_2m,4.453739552633458,19.835796002691673,-4.453739552633458
mos,48,cloud_cover,19.0,361.0,-19.0
mos,48,wind_speed_100m,10.742289674968706,115.39678746093927,10.742289674968706
mos,48,wind_speed_10m,7.248116056479763,52.535186368199746,7.248116056479763
mos,48,surface_pressure,0.7498282380873889,0.5622423866332379,0.7498282380873889
mos,48,precipitation,0.19999999999999998,0.039999999999999994,-0.19999999999999998
mos,72,shortwave_radiation,8.648157905814173,74.79063516389618,8.648157905814173
mos,72,direct_normal_irradiance,177.7346401588245,31589.602312386833,177.7346401588245
mos,72,diffuse_radiation,83.91844049468165,7042.3046550594245,-83.91844049468165
mos,72,temperature_2m,0.7631799534297876,0.5824436413170928,0.7631799534297876
mos,72,relative_humidity_2m,2.679204165165501,7.17813495864017,-2.679204165165501
mos,72,cloud_cover,5.0,25.0,5.0
mos,72,wind_speed_100m,12.53738048225733,157.18590935688704,12.53738048225733
mos,72,wind_speed_10m,8.170938954279828,66.76424339456753,8.170938954279828
mos,72,surface_pressure,1.0295146882515382,1.059900493325662,1.0295146882515382
mos,72,precipitation,0.2,0.04000000000000001,-0.2
patchtst,1,shortwave_radiation,140.02746838310895,19607.69190178258,140.02746838310895
patchtst,1,direct_normal_irradiance,189.58344225005987,35941.88157538179,189.58344225005987
patchtst,1,diffuse_radiation,57.026905633373644,3252.067966117703,-57.026905633373644
patchtst,1,temperature_2m,1.0382981583812132,1.078063065697819,1.0382981583812132
patchtst,1,relative_humidity_2m,4.385541742761426,19.232976377502922,-4.385541742761426
patchtst,1,cloud_cover,20.59915136678515,424.32503703172654,20.59915136678515
patchtst,1,wind_speed_100m,1.183908779460678,1.4016399980840721,1.183908779460678
patchtst,1,wind_speed_10m,1.1588006346906496,1.3428189109594524,1.1588006346906496
patchtst,1,surface_pressure,0.503312917030712,0.2533238924499644,0.503312917030712
patchtst,1,precipitation,0.05083294172712122,0.002583987964632901,-0.05083294172712122
patchtst,6,shortwave_radiation,56.42333253769448,3183.5924546592523,56.42333253769448
patchtst,6,direct_normal_irradiance,128.10182069653536,16410.076465767295,128.10182069653536
patchtst,6,diffuse_radiation,27.611888039964498,762.4163611315345,27.611888039964498
patchtst,6,temperature_2m,0.7777518608498681,0.6048979570554327,-0.7777518608498681
patchtst,6,relative_humidity_2m,13.3256165104182,177.57205538273013,13.3256165104182
patchtst,6,cloud_cover,13.275564061688243,176.24060115598843,13.275564061688243
patchtst,6,wind_speed_100m,2.843099542533378,8.083215008753502,2.843099542533378
patchtst,6,wind_speed_10m,2.54680240863712,6.4862025086398365,2.54680240863712
patchtst,6,surface_pressure,0.3339109768776325,0.11149654047937482,0.3339109768776325
patchtst,6,precipitation,0.10743773734349576,0.011542867405489984,-0.10743773734349576
patchtst,12,temperature_2m,0.849948957461109,0.7224132302892261,-0.849948957461109
patchtst,12,relative_humidity_2m,17.28730042853755,298.8507561065145,17.28730042853755
patchtst,12,cloud_cover,29.58668084273016,875.3716832895759,29.58668084273016
patchtst,12,wind_speed_100m,4.343979492659772,18.870157832648648,-4.343979492659772
patchtst,12,wind_speed_10m,1.0549635800327248,1.1129481551954634,-1.0549635800327248
patchtst,12,surface_pressure,0.04163146116366079,0.0017331785586213965,-0.04163146116366079
patchtst,12,precipitation,0.0,0.0,0.0
patchtst,24,shortwave_radiation,53.01283897141275,2810.3610958089384,53.01283897141275
patchtst,24,direct_normal_irradiance,56.65580567693246,3209.880316902332,56.65580567693246
patchtst,24,diffuse_radiation,2.7133382788896654,7.362204615687932,2.7133382788896654
patchtst,24,temperature_2m,0.16464096865784583,0.027106648560593773,-0.16464096865784583
patchtst,24,relative_humidity_2m,3.4634345912395474,11.99537916779465,3.4634345912395474
patchtst,24,cloud_cover,34.90272073312937,1218.1999145748189,-34.90272073312937
patchtst,24,wind_speed_100m,0.6704773985630048,0.4495399419838144,-0.6704773985630048
patchtst,24,wind_speed_10m,0.21625308661867493,0.04676539747210412,-0.21625308661867493
patchtst,24,surface_pressure,0.31817680943754567,0.10123648206385626,0.31817680943754567
patchtst,24,precipitation,0.08121611755266364,0.006596057750328079,0.08121611755266364
patchtst,48,shortwave_radiation,148.27918761758156,21986.71748052995,148.27918761758156
patchtst,48,direct_normal_irradiance,253.62466024626792,64325.46828503483,253.62466024626792
patchtst,48,diffuse_radiation,92.73725413479858,8600.198304462216,-92.73725413479858
patchtst,48,temperature_2m,1.4317636639626592,2.0499471894437784,1.4317636639626592
patchtst,48,relative_humidity_2m,9.794303170547678,95.9283745966003,-9.794303170547678
patchtst,48,cloud_cover,32.67970680062106,1067.9632365745586,-32.67970680062106
patchtst,48,wind_speed_100m,5.6689311717213755,32.13678062971429,5.6689311717213755
patchtst,48,wind_speed_10m,3.632710541893876,13.196585881186897,3.632710541893876
patchtst,48,surface_pressure,0.9549194334932736,0.9118711244631146,0.9549194334932736
patchtst,48,precipitation,0.1,0.010000000000000002,0.1
patchtst,72,shortwave_radiation,182.6462057349553,33359.63646937561,182.6462057349553
patchtst,72,direct_normal_irradiance,238.46989211029597,56867.8894430962,238.46989211029597
patchtst,72,diffuse_radiation,21.615818668951334,467.24361672898505,-21.615818668951334
patchtst,72,temperature_2m,1.8180094423824933,3.3051583325919043,1.8180094423824933
patchtst,72,relative_humidity_2m,9.176116425014854,84.20111264542739,-9.176116425014854
patchtst,72,cloud_cover,9.94662711258313,98.93539091677381,9.94662711258313
patchtst,72,wind_speed_100m,7.295119654454778,53.2187707728124,7.295119654454778
patchtst,72,wind_speed_10m,4.746079122340187,22.525267035513398,4.746079122340187
patchtst,72,surface_pressure,0.7552403284453248,0.5703879537102021,0.7552403284453248
patchtst,72,precipitation,0.0036599999608195044,1.3395599713198773e-05,-0.0036599999608195044
ecmwf_crudo,1,shortwave_radiation,38.0,1444.0,38.0
ecmwf_crudo,1,temperature_2m,2.299999999999997,5.289999999999987,2.299999999999997
ecmwf_crudo,1,relative_humidity_2m,14.0,196.0,-14.0
ecmwf_crudo,1,cloud_cover,20.0,400.0,20.0
ecmwf_crudo,1,wind_speed_10m,9.399999999999999,88.35999999999997,-9.399999999999999
ecmwf_crudo,1,surface_pressure,1.3000000000000682,1.6900000000001774,-1.3000000000000682
ecmwf_crudo,6,shortwave_radiation,5.0,25.0,-5.0
ecmwf_crudo,6,temperature_2m,0.3999999999999986,0.15999999999999887,-0.3999999999999986
ecmwf_crudo,6,relative_humidity_2m,16.0,256.0,16.0
ecmwf_crudo,6,cloud_cover,12.0,144.0,12.0
ecmwf_crudo,6,wind_speed_10m,3.8,14.44,-3.8
ecmwf_crudo,6,surface_pressure,1.6000000000000227,2.560000000000073,-1.6000000000000227
ecmwf_crudo,12,temperature_2m,0.3000000000000007,0.09000000000000043,0.3000000000000007
ecmwf_crudo,12,relative_humidity_2m,1.0,1.0,1.0
ecmwf_crudo,12,cloud_cover,12.0,144.0,12.0
ecmwf_crudo,12,wind_speed_10m,5.4,29.160000000000004,-5.4
ecmwf_crudo,12,surface_pressure,1.2000000000000455,1.4400000000001092,-1.2000000000000455
ecmwf_crudo,24,shortwave_radiation,146.0,21316.0,146.0
ecmwf_crudo,24,temperature_2m,2.0,4.0,2.0
ecmwf_crudo,24,relative_humidity_2m,19.0,361.0,-19.0
ecmwf_crudo,24,cloud_cover,35.0,1225.0,-35.0
ecmwf_crudo,24,wind_speed_10m,11.6,134.56,-11.6
ecmwf_crudo,24,surface_pressure,1.0,1.0,-1.0
ecmwf_crudo,48,shortwave_radiation,55.0,3025.0,55.0
ecmwf_crudo,48,temperature_2m,3.099999999999998,9.609999999999987,3.099999999999998
ecmwf_crudo,48,relative_humidity_2m,22.0,484.0,-22.0
ecmwf_crudo,48,cloud_cover,19.0,361.0,-19.0
ecmwf_crudo,48,wind_speed_10m,10.499999999999998,110.24999999999996,-10.499999999999998
ecmwf_crudo,48,surface_pressure,1.0,1.0,-1.0
ecmwf_crudo,72,shortwave_radiation,47.0,2209.0,47.0
ecmwf_crudo,72,temperature_2m,3.1000000000000014,9.610000000000008,3.1000000000000014
ecmwf_crudo,72,relative_humidity_2m,18.0,324.0,-18.0
ecmwf_crudo,72,cloud_cover,5.0,25.0,5.0
ecmwf_crudo,72,wind_speed_10m,11.599999999999998,134.55999999999995,-11.599999999999998
ecmwf_crudo,72,surface_pressure,0.6000000000000227,0.3600000000000273,-0.6000000000000227
persistence,1,shortwave_radiation,10.0,100.0,-10.0
persistence,1,direct_normal_irradiance,151.90000000000003,23073.61000000001,-151.90000000000003
persistence,1,diffuse_radiation,17.0,289.0,17.0
persistence,1,temperature_2m,0.1999999999999993,0.039999999999999716,-0.1999999999999993
persistence,1,relative_humidity_2m,8.0,64.0,8.0
persistence,1,cloud_cover,54.0,2916.0,54.0
persistence,1,wind_speed_100m,0.19999999999999973,0.0399999999999999,-0.19999999999999973
persistence,1,wind_speed_10m,0.3999999999999999,0.15999999999999992,-0.3999999999999999
persistence,1,surface_pressure,0.10000000000002274,0.010000000000004547,0.10000000000002274
persistence,1,precipitation,0.0,0.0,0.0
persistence,6,temperature_2m,0.40000000000000036,0.16000000000000028,0.40000000000000036
persistence,6,relative_humidity_2m,15.0,225.0,15.0
persistence,6,cloud_cover,80.0,6400.0,80.0
persistence,6,wind_speed_100m,1.3000000000000003,1.6900000000000006,-1.3000000000000003
persistence,6,wind_speed_10m,0.2999999999999998,0.0899999999999999,-0.2999999999999998
persistence,6,surface_pressure,0.39999999999997726,0.15999999999998182,0.39999999999997726
persistence,6,precipitation,0.0,0.0,0.0
persistence,12,temperature_2m,3.5,12.25,3.5
persistence,12,relative_humidity_2m,2.0,4.0,-2.0
persistence,12,cloud_cover,76.0,5776.0,76.0
persistence,12,wind_speed_100m,0.9000000000000001,0.8100000000000003,-0.9000000000000001
persistence,12,wind_speed_10m,2.0,4.0,-2.0
persistence,12,surface_pressure,3.1000000000000227,9.610000000000142,3.1000000000000227
persistence,12,precipitation,0.0,0.0,0.0
persistence,24,shortwave_radiation,9.0,81.0,9.0
persistence,24,direct_normal_irradiance,111.69999999999993,12476.889999999985,111.69999999999993
persistence,24,diffuse_radiation,37.0,1369.0,-37.0
persistence,24,temperature_2m,1.0,1.0,1.0
persistence,24,relative_humidity_2m,18.0,324.0,-18.0
persistence,24,cloud_cover,53.0,2809.0,-53.0
persistence,24,wind_speed_100m,6.4,40.96000000000001,-6.4
persistence,24,wind_speed_10m,4.800000000000001,23.040000000000006,-4.800000000000001
persistence,24,surface_pressure,0.1999999999999318,0.03999999999997272,-0.1999999999999318
persistence,24,precipitation,0.0,0.0,0.0
persistence,48,shortwave_radiation,24.0,576.0,24.0
persistence,48,direct_normal_irradiance,130.19999999999993,16952.039999999983,130.19999999999993
persistence,48,diffuse_radiation,29.0,841.0,-29.0
persistence,48,temperature_2m,2.1999999999999993,4.839999999999997,2.1999999999999993
persistence,48,relative_humidity_2m,27.0,729.0,-27.0
persistence,48,cloud_cover,22.0,484.0,-22.0
persistence,48,wind_speed_100m,3.5999999999999996,12.959999999999997,-3.5999999999999996
persistence,48,wind_speed_10m,4.1,16.81,-4.1
persistence,48,surface_pressure,0.0,0.0,0.0
persistence,48,precipitation,0.0,0.0,0.0
persistence,72,shortwave_radiation,23.0,529.0,23.0
persistence,72,direct_normal_irradiance,134.29999999999995,18036.489999999987,134.29999999999995
persistence,72,diffuse_radiation,31.0,961.0,-31.0
persistence,72,temperature_2m,2.3000000000000007,5.290000000000004,2.3000000000000007
persistence,72,relative_humidity_2m,28.0,784.0,-28.0
persistence,72,cloud_cover,24.0,576.0,-24.0
persistence,72,wind_speed_100m,3.8999999999999995,15.209999999999996,3.8999999999999995
persistence,72,wind_speed_10m,1.3999999999999995,1.9599999999999984,1.3999999999999995
persistence,72,surface_pressure,0.39999999999997726,0.15999999999998182,-0.39999999999997726
persistence,72,precipitation,0.0,0.0,0.0
climatology,1,shortwave_radiation,13.099999999999994,171.60999999999984,13.099999999999994
climatology,1,direct_normal_irradiance,82.67666666666656,6835.431211111094,82.67666666666656
climatology,1,diffuse_radiation,1.8999999999999986,3.6099999999999945,1.8999999999999986
climatology,1,temperature_2m,0.7266666666666666,0.5280444444444443,-0.7266666666666666
climatology,1,relative_humidity_2m,18.733333333333334,350.9377777777778,18.733333333333334
climatology,1,cloud_cover,16.83333333333333,283.361111111111,-16.83333333333333
climatology,1,wind_speed_100m,1.720000000000001,2.9584000000000037,-1.720000000000001
climatology,1,wind_speed_10m,0.3000000000000007,0.09000000000000043,0.3000000000000007
climatology,1,surface_pressure,0.5900000000000318,0.34810000000003755,0.5900000000000318
climatology,1,precipitation,0.17333333333333334,0.030044444444444447,-0.17333333333333334
climatology,6,temperature_2m,0.7633333333333319,0.5826777777777755,-0.7633333333333319
climatology,6,relative_humidity_2m,11.400000000000006,129.96000000000012,11.400000000000006
climatology,6,cloud_cover,16.266666666666666,264.6044444444444,16.266666666666666
climatology,6,wind_speed_100m,7.1033333333333335,50.457344444444445,-7.1033333333333335
climatology,6,wind_speed_10m,1.606666666666667,2.5813777777777784,-1.606666666666667
climatology,6,surface_pressure,0.38999999999987267,0.15209999999990068,0.38999999999987267
climatology,6,precipitation,0.016666666666666666,0.0002777777777777778,-0.016666666666666666
climatology,12,temperature_2m,0.7333333333333307,0.5377777777777739,0.7333333333333307
climatology,12,relative_humidity_2m,3.200000000000003,10.240000000000018,-3.200000000000003
climatology,12,cloud_cover,16.46666666666667,271.15111111111116,16.46666666666667
climatology,12,wind_speed_100m,6.096666666666667,37.16934444444445,-6.096666666666667
climatology,12,wind_speed_10m,3.22,10.368400000000001,-3.22
climatology,12,surface_pressure,1.9566666666665924,3.828544444444154,1.9566666666665924
climatology,12,precipitation,0.0,0.0,0.0
climatology,24,shortwave_radiation,47.76666666666665,2281.654444444443,47.76666666666665
climatology,24,direct_normal_irradiance,217.39999999999992,47262.759999999966,217.39999999999992
climatology,24,diffuse_radiation,38.96666666666667,1518.4011111111113,-38.96666666666667
climatology,24,temperature_2m,0.45666666666667055,0.208544444444448,0.45666666666667055
climatology,24,relative_humidity_2m,6.200000000000003,38.44000000000003,-6.200000000000003
climatology,24,cloud_cover,42.16666666666667,1778.0277777777783,-42.16666666666667
climatology,24,wind_speed_100m,3.8300000000000005,14.668900000000004,-3.8300000000000005
climatology,24,wind_speed_10m,2.15,4.6225,-2.15
climatology,24,surface_pressure,0.5199999999999818,0.2703999999999811,0.5199999999999818
climatology,24,precipitation,0.21666666666666667,0.04694444444444445,-0.21666666666666667
climatology,48,shortwave_radiation,62.76666666666665,3939.6544444444426,62.76666666666665
climatology,48,direct_normal_irradiance,235.89999999999992,55648.80999999996,235.89999999999992
climatology,48,diffuse_radiation,30.96666666666667,958.9344444444446,-30.96666666666667
climatology,48,temperature_2m,1.6566666666666698,2.744544444444455,1.6566666666666698
climatology,48,relative_humidity_2m,15.200000000000003,231.04000000000008,-15.200000000000003
climatology,48,cloud_cover,11.166666666666671,124.69444444444456,-11.166666666666671
climatology,48,wind_speed_100m,1.0300000000000002,1.0609000000000006,-1.0300000000000002
climatology,48,wind_speed_10m,1.4499999999999997,2.102499999999999,-1.4499999999999997
climatology,48,surface_pressure,0.7199999999999136,0.5183999999998756,0.7199999999999136
climatology,48,precipitation,0.21666666666666667,0.04694444444444445,-0.21666666666666667
climatology,72,shortwave_radiation,61.76666666666665,3815.1211111111093,61.76666666666665
climatology,72,direct_normal_irradiance,239.99999999999994,57599.99999999997,239.99999999999994
climatology,72,diffuse_radiation,32.96666666666667,1086.8011111111111,-32.96666666666667
climatology,72,temperature_2m,1.7566666666666713,3.0858777777777937,1.7566666666666713
climatology,72,relative_humidity_2m,16.200000000000003,262.4400000000001,-16.200000000000003
climatology,72,cloud_cover,13.166666666666671,173.36111111111123,-13.166666666666671
climatology,72,wind_speed_100m,6.469999999999999,41.86089999999999,6.469999999999999
climatology,72,wind_speed_10m,4.05,16.4025,4.05
climatology,72,surface_pressure,0.31999999999993634,0.10239999999995926,0.31999999999993634
climatology,72,precipitation,0.21666666666666667,0.04694444444444445,-0.21666666666666667
mos,1,shortwave_radiation,10.263576372996269,105.34099996432725,10.263576372996269
mos,1,direct_normal_irradiance,152.7102646986008,23320.424944316725,152.7102646986008
mos,1,diffuse_radiation,12.577962645914113,158.20514432201074,12.577962645914113
mos,1,temperature_2m,0.5962485132793045,0.35551228958778097,0.5962485132793045
mos,1,relative_humidity_2m,3.7823850262140297,14.306436486528106,3.7823850262140297
mos,1,cloud_cover,9.0,81.0,9.0
mos,1,wind_speed_100m,0.8944834944821398,0.8001007219009802,0.8944834944821398
mos,1,wind_speed_10m,2.463180894476089,6.067260118912026,2.463180894476089
mos,1,surface_pressure,0.4174955190679839,0.17430250844184528,0.4174955190679839
mos,1,precipitation,0.0,0.0,0.0
mos,6,temperature_2m,0.6386788390042337,0.4079106593917959,0.6386788390042337
mos,6,relative_humidity_2m,0.45232223727343523,0.20459540633204584,-0.45232223727343523
mos,6,cloud_cover,12.0,144.0,12.0
mos,6,wind_speed_100m,1.229874835904253,1.5125921119905135,-1.229874835904253
mos,6,wind_speed_10m,0.4896146170724094,0.23972247325096208,0.4896146170724094
mos,6,surface_pressure,0.6634110986112773,0.44011428576062195,0.6634110986112773
mos,6,precipitation,0.0,0.0,0.0
mos,12,temperature_2m,1.2108584854627118,1.4661782718170522,1.2108584854627118
mos,12,relative_humidity_2m,16.73829861538509,280.17064053780246,-16.73829861538509
mos,12,cloud_cover,5.0,25.0,-5.0
mos,12,wind_speed_100m,1.115488147476791,1.2443138071612032,-1.115488147476791
mos,12,wind_speed_10m,0.9947589085879766,0.9895452862151423,-0.9947589085879766
mos,12,surface_pressure,0.03241842349871149,0.0010509541821418094,-0.03241842349871149
mos,12,precipitation,0.1,0.010000000000000002,-0.1
mos,24,shortwave_radiation,57.74601695245997,3334.6024738737938,57.74601695245997
mos,24,direct_normal_irradiance,267.05804360968864,71319.99865663436,267.05804360968864
mos,24,diffuse_radiation,39.6216668401688,1569.8764831933318,-39.6216668401688
mos,24,temperature_2m,0.3455275643780702,0.11938929774504144,0.3455275643780702
mos,24,relative_humidity_2m,11.719217412030794,137.34005675044574,-11.719217412030794
mos,24,cloud_cover,21.0,441.0,-21.0
mos,24,wind_speed_100m,0.24190503073613923,0.05851804389545246,-0.24190503073613923
mos,24,wind_speed_10m,0.5318076171388515,0.28281934164690326,0.5318076171388515
mos,24,surface_pressure,0.5048613048295465,0.25488493711419224,0.5048613048295465
mos,24,precipitation,0.1,0.010000000000000002,-0.1
mos,48,shortwave_radiation,40.62057886984206,1650.0314277210596,40.62057886984206
mos,48,direct_normal_irradiance,326.8535610906582,106833.25039764465,326.8535610906582
mos,48,diffuse_radiation,36.02835324169938,1298.04223730867,-36.02835324169938
mos,48,temperature_2m,2.316654906892225,5.366889957627824,2.316654906892225
mos,48,relative_humidity_2m,23.42510489780578,548.7355394732044,-23.42510489780578
mos,48,cloud_cover,6.0,36.0,-6.0
mos,48,wind_speed_100m,2.798700485895142,7.832724409749704,2.798700485895142
mos,48,wind_speed_10m,0.8936369783929603,0.7985870491513002,0.8936369783929603
mos,48,surface_pressure,0.7486729999444606,0.5605112608458382,0.7486729999444606
mos,48,precipitation,0.0,0.0,0.0
mos,72,shortwave_radiation,30.901567821942763,954.9068938541284,30.901567821942763
mos,72,direct_normal_irradiance,309.360236780049,95703.75610060796,309.360236780049
mos,72,diffuse_radiation,49.104361524656355,2411.238320744151,-49.104361524656355
mos,72,temperature_2m,2.027228162284924,4.109654021961111,2.027228162284924
mos,72,relative_humidity_2m,16.926932864753617,286.5210562078761,-16.926932864753617
mos,72,cloud_cover,23.0,529.0,-23.0
mos,72,wind_speed_100m,10.662661564074051,113.6923516299821,10.662661564074051
mos,72,wind_speed_10m,6.8587432509439505,47.042358982369194,6.8587432509439505
mos,72,surface_pressure,0.5791707716413157,0.33543878272359706,0.5791707716413157
mos,72,precipitation,0.0,0.0,0.0
patchtst,1,shortwave_radiation,118.72965802020168,14096.731693594042,118.72965802020168
patchtst,1,direct_normal_irradiance,380.85399258619424,145049.76366884488,380.85399258619424
patchtst,1,diffuse_radiation,51.93754710711348,2697.508799503632,51.93754710711348
patchtst,1,temperature_2m,0.6623140632349838,0.43865991835883406,-0.6623140632349838
patchtst,1,relative_humidity_2m,8.763183441266548,76.79338402528822,8.763183441266548
patchtst,1,cloud_cover,24.948386706721067,622.4219992680964,-24.948386706721067
patchtst,1,wind_speed_100m,3.4433503014609363,11.85666129857112,-3.4433503014609363
patchtst,1,wind_speed_10m,1.4699375296788162,2.1607163411582606,-1.4699375296788162
patchtst,1,surface_pressure,0.2039294879434692,0.04158723605288556,-0.2039294879434692
patchtst,1,precipitation,0.0177144598478427,0.00031380208770083126,-0.0177144598478427
patchtst,6,temperature_2m,0.7246137254918548,0.5250650511711851,-0.7246137254918548
patchtst,6,relative_humidity_2m,13.212705194505105,174.57557855690217,13.212705194505105
patchtst,6,cloud_cover,26.762455178562277,716.2290071845548,26.762455178562277
patchtst,6,wind_speed_100m,5.279464699335399,27.87274751152862,-5.279464699335399
patchtst,6,wind_speed_10m,1.5397624488303645,2.370868398828081,-1.5397624488303645
patchtst,6,surface_pressure,0.1340659305922145,0.017973673745556477,-0.1340659305922145
patchtst,6,precipitation,0.0009155066306411608,8.381523907479308e-07,-0.0009155066306411608
patchtst,12,temperature_2m,1.0737477787168395,1.1529342922993469,1.0737477787168395
patchtst,12,relative_humidity_2m,1.843816722685773,3.399660106855704,1.843816722685773
patchtst,12,cloud_cover,16.643403871868188,277.002892442117,16.643403871868188
patchtst,12,wind_speed_100m,4.296926059181187,18.463573558070365,-4.296926059181187
patchtst,12,wind_speed_10m,2.9539975039744877,8.726101253487503,-2.9539975039744877
patchtst,12,surface_pressure,1.8888363088800588,3.567702601743645,1.8888363088800588
patchtst,12,precipitation,0.0037888830287641784,1.4355634605657214e-05,-0.0037888830287641784
patchtst,24,shortwave_radiation,83.15671204678861,6915.038758432518,83.15671204678861
patchtst,24,direct_normal_irradiance,280.2103970113957,78517.866593284,280.2103970113957
patchtst,24,diffuse_radiation,8.033510044839673,64.53728364053993,-8.033510044839673
patchtst,24,temperature_2m,0.6075759240551477,0.3691485034914666,0.6075759240551477
patchtst,24,relative_humidity_2m,14.103594595606353,198.9113805172167,-14.103594595606353
patchtst,24,cloud_cover,55.751542940302045,3108.2345402243427,-55.751542940302045
patchtst,24,wind_speed_100m,5.008158080963977,25.081647363924784,-5.008158080963977
patchtst,24,wind_speed_10m,3.224667399450093,10.398479837076227,-3.224667399450093
patchtst,24,surface_pressure,0.25588143558900356,0.06547530907908938,0.25588143558900356
patchtst,24,precipitation,0.053728275981264506,0.0028867276399189242,-0.053728275981264506
patchtst,48,shortwave_radiation,105.5584088393912,11142.577676704062,105.5584088393912
patchtst,48,direct_normal_irradiance,323.06507560198946,104371.04307371916,323.06507560198946
patchtst,48,diffuse_radiation,1.019499409840975,1.0393790466660966,-1.019499409840975
patchtst,48,temperature_2m,1.9027455951923997,3.6204408000240793,1.9027455951923997
patchtst,48,relative_humidity_2m,25.11791909098301,630.9098594611687,-25.11791909098301
patchtst,48,cloud_cover,23.345064581571677,544.9920403177524,-23.345064581571677
patchtst,48,wind_speed_100m,1.5811545944969074,2.5000498516986798,-1.5811545944969074
patchtst,48,wind_speed_10m,1.9986289208323007,3.994517563187287,-1.9986289208323007
patchtst,48,surface_pressure,0.6840356093366609,0.4679047148405769,0.6840356093366609
patchtst,48,precipitation,0.08370221557899027,0.007006060892831761,-0.08370221557899027
patchtst,72,shortwave_radiation,106.77866222512603,11401.682706587557,106.77866222512603
patchtst,72,direct_normal_irradiance,328.29622371833926,107778.41050772187,328.29622371833926
patchtst,72,diffuse_radiation,4.872382972110685,23.740115826914156,-4.872382972110685
patchtst,72,temperature_2m,1.9788007324298817,3.9156523386650366,1.9788007324298817
patchtst,72,relative_humidity_2m,24.639703345302422,607.1149809445074,-24.639703345302422
patchtst,72,cloud_cover,24.683380102099093,609.2692532647014,-24.683380102099093
patchtst,72,wind_speed_100m,5.716844428672783,32.682310221647036,5.716844428672783
patchtst,72,wind_speed_10m,3.4778406045311394,12.09537527052552,3.4778406045311394
patchtst,72,surface_pressure,0.31332140025267563,0.09817029985629737,0.31332140025267563
patchtst,72,precipitation,0.066067977335728,0.004364977629234269,-0.066067977335728
ecmwf_crudo,1,shortwave_radiation,12.0,144.0,-12.0
ecmwf_crudo,1,temperature_2m,0.1999999999999993,0.039999999999999716,-0.1999999999999993
ecmwf_crudo,1,relative_humidity_2m,20.0,400.0,20.0
ecmwf_crudo,1,cloud_cover,9.0,81.0,9.0
ecmwf_crudo,1,wind_speed_10m,3.7,13.690000000000001,-3.7
ecmwf_crudo,1,surface_pressure,1.2999999999999545,1.6899999999998818,-1.2999999999999545
ecmwf_crudo,6,temperature_2m,0.3000000000000007,0.09000000000000043,0.3000000000000007
ecmwf_crudo,6,relative_humidity_2m,1.0,1.0,1.0
ecmwf_crudo,6,cloud_cover,12.0,144.0,12.0
ecmwf_crudo,6,wind_speed_10m,5.4,29.160000000000004,-5.4
ecmwf_crudo,6,surface_pressure,1.2000000000000455,1.4400000000001092,-1.2000000000000455
ecmwf_crudo,12,temperature_2m,0.09999999999999964,0.009999999999999929,-0.09999999999999964
ecmwf_crudo,12,relative_humidity_2m,11.0,121.0,-11.0
ecmwf_crudo,12,cloud_cover,5.0,25.0,-5.0
ecmwf_crudo,12,wind_speed_10m,6.5,42.25,-6.5
ecmwf_crudo,12,surface_pressure,1.6000000000000227,2.560000000000073,-1.6000000000000227
ecmwf_crudo,24,shortwave_radiation,17.0,289.0,17.0
ecmwf_crudo,24,temperature_2m,1.8000000000000007,3.2400000000000024,1.8000000000000007
ecmwf_crudo,24,relative_humidity_2m,19.0,361.0,-19.0
ecmwf_crudo,24,cloud_cover,21.0,441.0,-21.0
ecmwf_crudo,24,wind_speed_10m,14.4,207.36,-14.4
ecmwf_crudo,24,surface_pressure,1.0,1.0,-1.0
ecmwf_crudo,48,shortwave_radiation,20.0,400.0,20.0
ecmwf_crudo,48,temperature_2m,2.3999999999999986,5.759999999999994,2.3999999999999986
ecmwf_crudo,48,relative_humidity_2m,22.0,484.0,-22.0
ecmwf_crudo,48,cloud_cover,6.0,36.0,-6.0
ecmwf_crudo,48,wind_speed_10m,12.200000000000001,148.84000000000003,-12.200000000000001
ecmwf_crudo,48,surface_pressure,1.0,1.0,-1.0
ecmwf_crudo,72,shortwave_radiation,22.0,484.0,22.0
ecmwf_crudo,72,temperature_2m,2.900000000000002,8.410000000000013,2.900000000000002
ecmwf_crudo,72,relative_humidity_2m,23.0,529.0,-23.0
ecmwf_crudo,72,cloud_cover,23.0,529.0,-23.0
ecmwf_crudo,72,wind_speed_10m,8.3,68.89000000000001,-8.3
ecmwf_crudo,72,surface_pressure,0.8999999999999773,0.8099999999999591,-0.8999999999999773
persistence,1,temperature_2m,1.3000000000000007,1.690000000000002,1.3000000000000007
persistence,1,relative_humidity_2m,6.0,36.0,6.0
persistence,1,cloud_cover,61.0,3721.0,61.0
persistence,1,wind_speed_100m,0.7999999999999998,0.6399999999999997,-0.7999999999999998
persistence,1,wind_speed_10m,1.6,2.5600000000000005,-1.6
persistence,1,surface_pressure,1.0,1.0,1.0
persistence,1,precipitation,0.0,0.0,0.0
persistence,6,temperature_2m,3.5,12.25,3.5
persistence,6,relative_humidity_2m,2.0,4.0,-2.0
persistence,6,cloud_cover,76.0,5776.0,76.0
persistence,6,wind_speed_100m,0.9000000000000001,0.8100000000000003,-0.9000000000000001
persistence,6,wind_speed_10m,2.0,4.0,-2.0
persistence,6,surface_pressure,3.1000000000000227,9.610000000000142,3.1000000000000227
persistence,6,precipitation,0.0,0.0,0.0
persistence,12,shortwave_radiation,154.0,23716.0,-154.0
persistence,12,direct_normal_irradiance,276.79999999999995,76618.23999999998,-276.79999999999995
persistence,12,diffuse_radiation,94.0,8836.0,94.0
persistence,12,temperature_2m,1.3000000000000007,1.690000000000002,-1.3000000000000007
persistence,12,relative_humidity_2m,9.0,81.0,9.0
persistence,12,cloud_cover,16.0,256.0,-16.0
persistence,12,wind_speed_100m,1.200000000000001,1.4400000000000026,-1.200000000000001
persistence,12,wind_speed_10m,1.0,1.0,-1.0
persistence,12,surface_pressure,0.39999999999997726,0.15999999999998182,-0.39999999999997726
persistence,12,precipitation,0.1,0.010000000000000002,0.1
persistence,24,temperature_2m,1.9000000000000004,3.610000000000001,1.9000000000000004
persistence,24,relative_humidity_2m,9.0,81.0,-9.0
persistence,24,cloud_cover,14.0,196.0,-14.0
persistence,24,wind_speed_100m,5.3999999999999995,29.159999999999993,5.3999999999999995
persistence,24,wind_speed_10m,0.5,0.25,-0.5
persistence,24,surface_pressure,0.8000000000000682,0.6400000000001091,0.8000000000000682
persistence,24,precipitation,0.0,0.0,0.0
persistence,48,temperature_2m,1.6999999999999993,2.8899999999999975,1.6999999999999993
persistence,48,relative_humidity_2m,17.0,289.0,-17.0
persistence,48,cloud_cover,12.0,144.0,-12.0
persistence,48,wind_speed_100m,4.1,16.81,4.1
persistence,48,wind_speed_10m,0.7,0.48999999999999994,-0.7
persistence,48,surface_pressure,0.8000000000000682,0.6400000000001091,0.8000000000000682
persistence,48,precipitation,0.0,0.0,0.0
persistence,72,temperature_2m,1.1999999999999993,1.4399999999999984,1.1999999999999993
persistence,72,relative_humidity_2m,21.0,441.0,-21.0
persistence,72,cloud_cover,28.0,784.0,-28.0
persistence,72,wind_speed_100m,5.8,33.64,5.8
persistence,72,wind_speed_10m,0.3999999999999999,0.15999999999999992,0.3999999999999999
persistence,72,surface_pressure,0.1999999999999318,0.03999999999997272,-0.1999999999999318
persistence,72,precipitation,0.0,0.0,0.0
climatology,1,temperature_2m,0.206666666666667,0.04271111111111125,0.206666666666667
climatology,1,relative_humidity_2m,3.0333333333333314,9.2011111111111,3.0333333333333314
climatology,1,cloud_cover,1.9666666666666686,3.867777777777785,1.9666666666666686
climatology,1,wind_speed_100m,6.186666666666667,38.274844444444454,-6.186666666666667
climatology,1,wind_speed_10m,3.1233333333333335,9.755211111111112,-3.1233333333333335
climatology,1,surface_pressure,1.1599999999998545,1.3455999999996624,1.1599999999998545
climatology,1,precipitation,0.010000000000000002,0.00010000000000000005,-0.010000000000000002
climatology,6,temperature_2m,0.7333333333333307,0.5377777777777739,0.7333333333333307
climatology,6,relative_humidity_2m,3.200000000000003,10.240000000000018,-3.200000000000003
climatology,6,cloud_cover,16.46666666666667,271.15111111111116,16.46666666666667
climatology,6,wind_speed_100m,6.096666666666667,37.16934444444445,-6.096666666666667
climatology,6,wind_speed_10m,3.22,10.368400000000001,-3.22
climatology,6,surface_pressure,1.9566666666665924,3.828544444444154,1.9566666666665924
climatology,6,precipitation,0.0,0.0,0.0
climatology,12,shortwave_radiation,63.26666666666665,4002.671111111109,63.26666666666665
climatology,12,direct_normal_irradiance,86.80999999999995,7535.976099999991,86.80999999999995
climatology,12,diffuse_radiation,26.099999999999994,681.2099999999997,-26.099999999999994
climatology,12,temperature_2m,0.07666666666666799,0.005877777777777981,-0.07666666666666799
climatology,12,relative_humidity_2m,0.7333333333333343,0.5377777777777791,-0.7333333333333343
climatology,12,cloud_cover,26.299999999999997,691.6899999999998,-26.299999999999997
climatology,12,wind_speed_100m,2.583333333333334,6.673611111111114,-2.583333333333334
climatology,12,wind_speed_10m,1.21,1.4641,-1.21
climatology,12,surface_pressure,0.9666666666668107,0.9344444444447229,0.9666666666668107
climatology,12,precipitation,0.013333333333333336,0.00017777777777777784,0.013333333333333336
climatology,24,temperature_2m,1.126666666666667,1.2693777777777784,1.126666666666667
climatology,24,relative_humidity_2m,1.8333333333333286,3.361111111111094,1.8333333333333286
climatology,24,cloud_cover,2.0999999999999943,4.409999999999976,2.0999999999999943
climatology,24,wind_speed_100m,1.42,2.0164,-1.42
climatology,24,wind_speed_10m,1.9699999999999998,3.880899999999999,-1.9699999999999998
climatology,24,surface_pressure,1.1266666666665515,1.2693777777775181,1.1266666666665515
climatology,24,precipitation,0.016666666666666666,0.0002777777777777778,-0.016666666666666666
climatology,48,temperature_2m,0.9266666666666659,0.8587111111111096,0.9266666666666659
climatology,48,relative_humidity_2m,6.166666666666671,38.027777777777835,-6.166666666666671
climatology,48,cloud_cover,4.099999999999994,16.809999999999953,4.099999999999994
climatology,48,wind_speed_100m,2.7199999999999998,7.398399999999999,-2.7199999999999998
climatology,48,wind_speed_10m,2.17,4.7089,-2.17
climatology,48,surface_pressure,1.1266666666665515,1.2693777777775181,1.1266666666665515
climatology,48,precipitation,0.016666666666666666,0.0002777777777777778,-0.016666666666666666
climatology,72,temperature_2m,0.42666666666666586,0.18204444444444376,0.42666666666666586
climatology,72,relative_humidity_2m,10.166666666666671,103.36111111111121,-10.166666666666671
climatology,72,cloud_cover,11.900000000000006,141.61000000000013,-11.900000000000006
climatology,72,wind_speed_100m,1.0199999999999996,1.040399999999999,-1.0199999999999996
climatology,72,wind_speed_10m,1.0699999999999998,1.1448999999999996,-1.0699999999999998
climatology,72,surface_pressure,0.12666666666655146,0.01604444444441526,0.12666666666655146
climatology,72,precipitation,0.016666666666666666,0.0002777777777777778,-0.016666666666666666
mos,1,temperature_2m,1.727406156051222,2.9839320279636588,1.727406156051222
mos,1,relative_humidity_2m,5.840013048048959,34.1057524013821,-5.840013048048959
mos,1,cloud_cover,4.0,16.0,4.0
mos,1,wind_speed_100m,0.39874073082046024,0.15899417041523473,0.39874073082046024
mos,1,wind_speed_10m,0.8345473157003448,0.696469222142651,-0.8345473157003448
mos,1,surface_pressure,1.4058565748248384,1.9764327089782263,1.4058565748248384
mos,1,precipitation,0.0,0.0,0.0
mos,6,temperature_2m,1.2020324023521933,1.4448818963045853,1.2020324023521933
mos,6,relative_humidity_2m,16.821864860463137,282.97513738368446,-16.821864860463137
mos,6,cloud_cover,5.0,25.0,-5.0
mos,6,wind_speed_100m,0.972615615328791,0.9459811351814028,-0.972615615328791
mos,6,wind_speed_10m,0.9947589085879766,0.9895452862151423,-0.9947589085879766
mos,6,surface_pressure,0.13215007973258253,0.017463643573327917,0.13215007973258253
mos,6,precipitation,0.1,0.010000000000000002,-0.1
mos,12,shortwave_radiation,37.819535794412104,1430.3172877048185,37.819535794412104
mos,12,direct_normal_irradiance,198.09919812766418,39243.292298823544,198.09919812766418
mos,12,diffuse_radiation,166.3370037441253,27667.998814573155,-166.3370037441253
mos,12,temperature_2m,0.6597129836989026,0.4352212208609086,0.6597129836989026
mos,12,relative_humidity_2m,2.9495602946830104,8.699905931970527,-2.9495602946830104
mos,12,cloud_cover,35.0,1225.0,-35.0
mos,12,wind_speed_100m,5.3630499459998235,28.76230472328871,5.3630499459998235
mos,12,wind_speed_10m,4.249932523929787,18.061926457956208,4.249932523929787
mos,12,surface_pressure,0.7403375152114222,0.5480996364294228,0.7403375152114222
mos,12,precipitation,0.19999999999999998,0.039999999999999994,-0.19999999999999998
mos,24,temperature_2m,1.782371443513325,3.1768479626517743,1.782371443513325
mos,24,relative_humidity_2m,3.441900254435808,11.846677361485279,-3.441900254435808
mos,24,cloud_cover,10.0,100.0,-10.0
mos,24,wind_speed_100m,4.3810121419025245,19.193267387497347,4.3810121419025245
mos,24,wind_speed_10m,0.07900229518079938,0.006241362643834156,-0.07900229518079938
mos,24,surface_pressure,1.0746156204457975,1.1547987317061064,1.0746156204457975
mos,24,precipitation,0.0,0.0,0.0
mos,48,temperature_2m,1.3704288720564737,1.8780752933659788,1.3704288720564737
mos,48,relative_humidity_2m,7.996340717678152,63.94146487319754,-7.996340717678152
mos,48,cloud_cover,12.0,144.0,-12.0
mos,48,wind_speed_100m,2.656162039322828,7.055196779139603,2.656162039322828
mos,48,wind_speed_10m,0.19770176951673002,0.03908598967004624,-0.19770176951673002
mos,48,surface_pressure,0.9513893182834181,0.9051416349437871,0.9513893182834181
mos,48,precipitation,0.0,0.0,0.0
mos,72,temperature_2m,0.8323669762195678,0.6928347831009065,0.8323669762195678
mos,72,relative_humidity_2m,12.25188704924824,150.10873626753673,-12.25188704924824
mos,72,cloud_cover,28.0,784.0,-28.0
mos,72,wind_speed_100m,4.261866825156267,18.163508835367562,4.261866825156267
mos,72,wind_speed_10m,0.7793467095111444,0.607381293625848,0.7793467095111444
mos,72,surface_pressure,0.7206520749496121,0.5193394131291814,0.7206520749496121
mos,72,precipitation,0.0,0.0,0.0
patchtst,1,temperature_2m,0.7825708930940873,0.6124172027180774,0.7825708930940873
patchtst,1,relative_humidity_2m,5.63668816633583,31.77225348451038,-5.63668816633583
patchtst,1,cloud_cover,3.789780565434512,14.36243673414513,-3.789780565434512
patchtst,1,wind_speed_100m,1.1096533041168257,1.2313304553373885,-1.1096533041168257
patchtst,1,wind_speed_10m,1.9593436531091544,3.839027550979126,-1.9593436531091544
patchtst,1,surface_pressure,0.8500349047269538,0.7225593392541614,0.8500349047269538
patchtst,1,precipitation,0.0,0.0,0.0
patchtst,6,temperature_2m,1.1428045680458325,1.3060022807464218,1.1428045680458325
patchtst,6,relative_humidity_2m,2.606255106123598,6.792565678195326,-2.606255106123598
patchtst,6,cloud_cover,10.492034071217333,110.08277895158535,10.492034071217333
patchtst,6,wind_speed_100m,4.31227666808896,18.595730062144423,-4.31227666808896
patchtst,6,wind_speed_10m,3.0206843378206885,9.124533868755211,-3.0206843378206885
patchtst,6,surface_pressure,1.8434252397781847,3.398216614651258,1.8434252397781847
patchtst,6,precipitation,0.066733839090726,0.0044534052797869095,-0.066733839090726
patchtst,12,shortwave_radiation,55.584495913534056,3089.636185961684,55.584495913534056
patchtst,12,direct_normal_irradiance,74.91763742389242,5612.652397177805,74.91763742389242
patchtst,12,diffuse_radiation,8.938407930689777,79.89513633541792,8.938407930689777
patchtst,12,temperature_2m,0.26701170051824263,0.07129524821364369,-0.26701170051824263
patchtst,12,relative_humidity_2m,3.6433656466905973,13.274113235485194,3.6433656466905973
patchtst,12,cloud_cover,39.35330307733176,1548.6824630963292,-39.35330307733176
patchtst,12,wind_speed_100m,0.5213639349001866,0.271820352614606,-0.5213639349001866
patchtst,12,wind_speed_10m,0.15299887569716297,0.023408655964595928,-0.15299887569716297
patchtst,12,surface_pressure,0.3256977015691973,0.1060789928074579,0.3256977015691973
patchtst,12,precipitation,0.07333416783475041,0.005377900172015342,0.07333416783475041
patchtst,24,temperature_2m,1.0004107143208092,1.0008215973278718,1.0004107143208092
patchtst,24,relative_humidity_2m,6.283290457535969,39.47973897376257,-6.283290457535969
patchtst,24,cloud_cover,5.881519831187575,34.59227552465272,-5.881519831187575
patchtst,24,wind_speed_100m,1.6949359164180162,2.8728077607637803,1.6949359164180162
patchtst,24,wind_speed_10m,1.450453714383098,2.1038159775677254,-1.450453714383098
patchtst,24,surface_pressure,0.7643577031982431,0.5842426984384935,0.7643577031982431
patchtst,24,precipitation,0.004382120197856831,1.9202977428464795e-05,-0.004382120197856831
patchtst,48,temperature_2m,0.6319904453561538,0.3994119230214696,0.6319904453561538
patchtst,48,relative_humidity_2m,12.437407907903221,154.68911546757357,-12.437407907903221
patchtst,48,cloud_cover,5.8269178922691935,33.95297212324686,-5.8269178922691935
patchtst,48,wind_speed_100m,0.37107508985925186,0.13769672231405183,-0.37107508985925186
patchtst,48,wind_speed_10m,1.6240626795018407,2.6375795869506984,-1.6240626795018407
patchtst,48,surface_pressure,0.8831450462814701,0.7799451727714999,0.8831450462814701
patchtst,48,precipitation,0.0,0.0,0.0
patchtst,72,temperature_2m,0.18183256672064552,0.033063082320218005,0.18183256672064552
patchtst,72,relative_humidity_2m,14.01760896258753,196.49336102801428,-14.01760896258753
patchtst,72,cloud_cover,18.907084567641448,357.4778468479454,-18.907084567641448
patchtst,72,wind_speed_100m,1.3884527322416265,1.9278009896692376,1.3884527322416265
patchtst,72,wind_speed_10m,0.5982510015092566,0.3579042608068285,-0.5982510015092566
patchtst,72,surface_pressure,0.18220705545900273,0.0331994110590401,-0.18220705545900273
patchtst,72,precipitation,0.0,0.0,0.0
ecmwf_crudo,1,temperature_2m,1.0999999999999996,1.2099999999999993,1.0999999999999996
ecmwf_crudo,1,relative_humidity_2m,7.0,49.0,-7.0
ecmwf_crudo,1,cloud_cover,4.0,16.0,4.0
ecmwf_crudo,1,wind_speed_10m,8.0,64.0,-8.0
ecmwf_crudo,1,surface_pressure,0.7999999999999545,0.6399999999999273,-0.7999999999999545
ecmwf_crudo,6,temperature_2m,0.09999999999999964,0.009999999999999929,-0.09999999999999964
ecmwf_crudo,6,relative_humidity_2m,11.0,121.0,-11.0
ecmwf_crudo,6,cloud_cover,5.0,25.0,-5.0
ecmwf_crudo,6,wind_speed_10m,6.5,42.25,-6.5
ecmwf_crudo,6,surface_pressure,1.6000000000000227,2.560000000000073,-1.6000000000000227
ecmwf_crudo,12,shortwave_radiation,146.0,21316.0,146.0
ecmwf_crudo,12,temperature_2m,2.0,4.0,2.0
ecmwf_crudo,12,relative_humidity_2m,19.0,361.0,-19.0
ecmwf_crudo,12,cloud_cover,35.0,1225.0,-35.0
ecmwf_crudo,12,wind_speed_10m,11.6,134.56,-11.6
ecmwf_crudo,12,surface_pressure,1.0,1.0,-1.0
ecmwf_crudo,24,temperature_2m,1.200000000000001,1.4400000000000026,1.200000000000001
ecmwf_crudo,24,relative_humidity_2m,11.0,121.0,-11.0
ecmwf_crudo,24,cloud_cover,10.0,100.0,-10.0
ecmwf_crudo,24,wind_speed_10m,8.5,72.25,-8.5
ecmwf_crudo,24,surface_pressure,1.1999999999999318,1.4399999999998363,-1.1999999999999318
ecmwf_crudo,48,temperature_2m,1.0999999999999996,1.2099999999999993,1.0999999999999996
ecmwf_crudo,48,relative_humidity_2m,13.0,169.0,-13.0
ecmwf_crudo,48,cloud_cover,12.0,144.0,-12.0
ecmwf_crudo,48,wind_speed_10m,10.1,102.00999999999999,-10.1
ecmwf_crudo,48,surface_pressure,1.1999999999999318,1.4399999999998363,-1.1999999999999318
ecmwf_crudo,72,temperature_2m,0.6999999999999993,0.489999999999999,0.6999999999999993
ecmwf_crudo,72,relative_humidity_2m,18.0,324.0,-18.0
ecmwf_crudo,72,cloud_cover,28.0,784.0,-28.0
ecmwf_crudo,72,wind_speed_10m,11.7,136.89,-11.7
ecmwf_crudo,72,surface_pressure,1.1999999999999318,1.4399999999998363,-1.1999999999999318
persistence,1,temperature_2m,3.0,9.0,3.0
persistence,1,relative_humidity_2m,3.0,9.0,3.0
persistence,1,cloud_cover,56.0,3136.0,56.0
persistence,1,wind_speed_100m,0.9000000000000001,0.8100000000000003,-0.9000000000000001
persistence,1,wind_speed_10m,1.9,3.61,-1.9
persistence,1,surface_pressure,3.0,9.0,3.0
persistence,1,precipitation,0.0,0.0,0.0
persistence,6,shortwave_radiation,154.0,23716.0,-154.0
persistence,6,direct_normal_irradiance,276.79999999999995,76618.23999999998,-276.79999999999995
persistence,6,diffuse_radiation,94.0,8836.0,94.0
persistence,6,temperature_2m,1.3000000000000007,1.690000000000002,-1.3000000000000007
persistence,6,relative_humidity_2m,9.0,81.0,9.0
persistence,6,cloud_cover,16.0,256.0,-16.0
persistence,6,wind_speed_100m,1.200000000000001,1.4400000000000026,-1.200000000000001
persistence,6,wind_speed_10m,1.0,1.0,-1.0
persistence,6,surface_pressure,0.39999999999997726,0.15999999999998182,-0.39999999999997726
persistence,6,precipitation,0.1,0.010000000000000002,0.1
persistence,12,shortwave_radiation,9.0,81.0,9.0
persistence,12,direct_normal_irradiance,111.69999999999993,12476.889999999985,111.69999999999993
persistence,12,diffuse_radiation,37.0,1369.0,-37.0
persistence,12,temperature_2m,1.0,1.0,1.0
persistence,12,relative_humidity_2m,18.0,324.0,-18.0
persistence,12,cloud_cover,53.0,2809.0,-53.0
persistence,12,wind_speed_100m,6.4,40.96000000000001,-6.4
persistence,12,wind_speed_10m,4.800000000000001,23.040000000000006,-4.800000000000001
persistence,12,surface_pressure,0.1999999999999318,0.03999999999997272,-0.1999999999999318
persistence,12,precipitation,0.0,0.0,0.0
persistence,24,temperature_2m,0.29999999999999893,0.08999999999999936,-0.29999999999999893
persistence,24,relative_humidity_2m,2.0,4.0,2.0
persistence,24,cloud_cover,54.0,2916.0,-54.0
persistence,24,wind_speed_100m,5.0,25.0,5.0
persistence,24,wind_speed_10m,1.8000000000000003,3.240000000000001,1.8000000000000003
persistence,24,surface_pressure,1.2000000000000455,1.4400000000001092,-1.2000000000000455
persistence,24,precipitation,0.0,0.0,0.0
persistence,48,temperature_2m,0.1999999999999993,0.039999999999999716,-0.1999999999999993
persistence,48,relative_humidity_2m,3.0,9.0,-3.0
persistence,48,cloud_cover,55.0,3025.0,-55.0
persistence,48,wind_speed_100m,7.3999999999999995,54.75999999999999,7.3999999999999995
persistence,48,wind_speed_10m,2.8000000000000003,7.840000000000002,2.8000000000000003
persistence,48,surface_pressure,1.2999999999999545,1.6899999999998818,-1.2999999999999545
persistence,48,precipitation,0.0,0.0,0.0
persistence,72,temperature_2m,0.6999999999999993,0.489999999999999,-0.6999999999999993
persistence,72,relative_humidity_2m,1.0,1.0,-1.0
persistence,72,cloud_cover,4.0,16.0,4.0
persistence,72,wind_speed_100m,9.8,96.04000000000002,9.8
persistence,72,wind_speed_10m,4.5,20.25,4.5
persistence,72,surface_pressure,2.7000000000000455,7.290000000000245,-2.7000000000000455
persistence,72,precipitation,0.0,0.0,0.0
climatology,1,temperature_2m,0.3600000000000012,0.12960000000000088,-0.3600000000000012
climatology,1,relative_humidity_2m,3.4666666666666686,12.017777777777791,3.4666666666666686
climatology,1,cloud_cover,14.566666666666663,212.18777777777765,14.566666666666663
climatology,1,wind_speed_100m,5.24,27.457600000000003,-5.24
climatology,1,wind_speed_10m,2.9933333333333336,8.960044444444446,-2.9933333333333336
climatology,1,surface_pressure,1.1433333333334303,1.307211111111333,1.1433333333334303
climatology,1,precipitation,0.0,0.0,0.0
climatology,6,shortwave_radiation,63.26666666666665,4002.671111111109,63.26666666666665
climatology,6,direct_normal_irradiance,86.80999999999995,7535.976099999991,86.80999999999995
climatology,6,diffuse_radiation,26.099999999999994,681.2099999999997,-26.099999999999994
climatology,6,temperature_2m,0.07666666666666799,0.005877777777777981,-0.07666666666666799
climatology,6,relative_humidity_2m,0.7333333333333343,0.5377777777777791,-0.7333333333333343
climatology,6,cloud_cover,26.299999999999997,691.6899999999998,-26.299999999999997
climatology,6,wind_speed_100m,2.583333333333334,6.673611111111114,-2.583333333333334
climatology,6,wind_speed_10m,1.21,1.4641,-1.21
climatology,6,surface_pressure,0.9666666666668107,0.9344444444447229,0.9666666666668107
climatology,6,precipitation,0.013333333333333336,0.00017777777777777784,0.013333333333333336
climatology,12,shortwave_radiation,47.76666666666665,2281.654444444443,47.76666666666665
climatology,12,direct_normal_irradiance,217.39999999999992,47262.759999999966,217.39999999999992
climatology,12,diffuse_radiation,38.96666666666667,1518.4011111111113,-38.96666666666667
climatology,12,temperature_2m,0.45666666666667055,0.208544444444448,0.45666666666667055
climatology,12,relative_humidity_2m,6.200000000000003,38.44000000000003,-6.200000000000003
climatology,12,cloud_cover,42.16666666666667,1778.0277777777783,-42.16666666666667
climatology,12,wind_speed_100m,3.8300000000000005,14.668900000000004,-3.8300000000000005
climatology,12,wind_speed_10m,2.15,4.6225,-2.15
climatology,12,surface_pressure,0.5199999999999818,0.2703999999999811,0.5199999999999818
climatology,12,precipitation,0.21666666666666667,0.04694444444444445,-0.21666666666666667
climatology,24,temperature_2m,0.37999999999999723,0.1443999999999979,0.37999999999999723
climatology,24,relative_humidity_2m,1.0666666666666629,1.1377777777777698,-1.0666666666666629
climatology,24,cloud_cover,37.53333333333333,1408.751111111111,-37.53333333333333
climatology,24,wind_speed_100m,0.7699999999999996,0.5928999999999993,-0.7699999999999996
climatology,24,wind_speed_10m,1.2366666666666668,1.5293444444444448,-1.2366666666666668
climatology,24,surface_pressure,0.6499999999998636,0.42249999999982263,0.6499999999998636
climatology,24,precipitation,0.0,0.0,0.0
climatology,48,temperature_2m,0.4799999999999969,0.230399999999997,0.4799999999999969
climatology,48,relative_humidity_2m,6.066666666666663,36.8044444444444,-6.066666666666663
climatology,48,cloud_cover,38.53333333333333,1484.8177777777776,-38.53333333333333
climatology,48,wind_speed_100m,1.63,2.6569,1.63
climatology,48,wind_speed_10m,0.2366666666666668,0.05601111111111118,-0.2366666666666668
climatology,48,surface_pressure,0.5499999999999545,0.30249999999995,0.5499999999999545
climatology,48,precipitation,0.0,0.0,0.0
climatology,72,temperature_2m,0.020000000000003126,0.0004000000000001251,-0.020000000000003126
climatology,72,relative_humidity_2m,4.066666666666663,16.537777777777748,-4.066666666666663
climatology,72,cloud_cover,20.46666666666667,418.8844444444445,20.46666666666667
climatology,72,wind_speed_100m,4.03,16.240900000000003,4.03
climatology,72,wind_speed_10m,1.4633333333333334,2.1413444444444445,1.4633333333333334
climatology,72,surface_pressure,0.8500000000001364,0.722500000000232,-0.8500000000001364
climatology,72,precipitation,0.0,0.0,0.0
mos,1,temperature_2m,0.09558411898213137,0.009136323801590247,-0.09558411898213137
mos,1,relative_humidity_2m,8.53181882981906,72.79193254485506,-8.53181882981906
mos,1,cloud_cover,5.0,25.0,-5.0
mos,1,wind_speed_100m,0.2916008082477426,0.08503103137073674,-0.2916008082477426
mos,1,wind_speed_10m,0.3319547379390959,0.11019394804021385,-0.3319547379390959
mos,1,surface_pressure,0.7985973402065838,0.6377577117850302,-0.7985973402065838
mos,1,precipitation,0.1,0.010000000000000002,-0.1
mos,6,shortwave_radiation,40.44207874322694,1635.5617330733685,40.44207874322694
mos,6,direct_normal_irradiance,198.34192036120686,39339.517372571325,198.34192036120686
mos,6,diffuse_radiation,141.95026465218024,20149.87763482401,-141.95026465218024
mos,6,temperature_2m,0.6597129836989026,0.4352212208609086,0.6597129836989026
mos,6,relative_humidity_2m,2.9495602946830104,8.699905931970527,-2.9495602946830104
mos,6,cloud_cover,35.0,1225.0,-35.0
mos,6,wind_speed_100m,5.3630499459998235,28.76230472328871,5.3630499459998235
mos,6,wind_speed_10m,4.249932523929787,18.061926457956208,4.249932523929787
mos,6,surface_pressure,0.7403375152114222,0.5480996364294228,0.7403375152114222
mos,6,precipitation,0.19999999999999998,0.039999999999999994,-0.19999999999999998
mos,12,shortwave_radiation,75.65402795207837,5723.531945373855,75.65402795207837
mos,12,direct_normal_irradiance,267.05804360968864,71319.99865663436,267.05804360968864
mos,12,diffuse_radiation,39.6216668401688,1569.8764831933318,-39.6216668401688
mos,12,temperature_2m,0.35528311690876535,0.12622609316040742,0.35528311690876535
mos,12,relative_humidity_2m,12.4611948109455,155.28137611633505,-12.4611948109455
mos,12,cloud_cover,21.0,441.0,-21.0
mos,12,wind_speed_100m,0.24190503073613923,0.05851804389545246,-0.24190503073613923
mos,12,wind_speed_10m,0.5318076171388515,0.28281934164690326,0.5318076171388515
mos,12,surface_pressure,0.4993016746699368,0.2493021623282034,0.4993016746699368
mos,12,precipitation,0.1,0.010000000000000002,-0.1
mos,24,temperature_2m,0.6902814190262188,0.4764884374528502,0.6902814190262188
mos,24,relative_humidity_2m,7.7205772494733225,59.60731306508505,-7.7205772494733225
mos,24,cloud_cover,40.0,1600.0,-40.0
mos,24,wind_speed_100m,4.452931330238338,19.828597431818178,4.452931330238338
mos,24,wind_speed_10m,0.8095433343702998,0.655360410223383,0.8095433343702998
mos,24,surface_pressure,0.24825354619758855,0.06162982319967823,0.24825354619758855
mos,24,precipitation,0.0,0.0,0.0
mos,48,temperature_2m,0.16964249325062752,0.028778575516289207,0.16964249325062752
mos,48,relative_humidity_2m,7.192157311633807,51.727126795287624,-7.192157311633807
mos,48,cloud_cover,36.0,1296.0,-36.0
mos,48,wind_speed_100m,6.552323512209693,42.932943408655966,6.552323512209693
mos,48,wind_speed_10m,1.5816397842082892,2.501584406990444,1.5816397842082892
mos,48,surface_pressure,0.1596147409590003,0.02547686553140877,0.1596147409590003
mos,48,precipitation,0.0,0.0,0.0
mos,72,temperature_2m,0.3269220039677183,0.10687799667826883,0.3269220039677183
mos,72,relative_humidity_2m,11.497548821456036,132.19362890176507,-11.497548821456036
mos,72,cloud_cover,1.0,1.0,-1.0
mos,72,wind_speed_100m,9.342960060354596,87.29090268938116,9.342960060354596
mos,72,wind_speed_10m,3.348687223163964,11.21370611858158,3.348687223163964
mos,72,surface_pressure,0.05398094633255823,0.0029139425669585323,0.05398094633255823
mos,72,precipitation,0.0,0.0,0.0
patchtst,1,temperature_2m,0.7468761235110932,0.5578239438709578,-0.7468761235110932
patchtst,1,relative_humidity_2m,8.45725731345803,71.52520126603933,8.45725731345803
patchtst,1,cloud_cover,1.2503180443517437,1.5632952120315688,1.2503180443517437
patchtst,1,wind_speed_100m,1.226278055059289,1.5037578683199928,-1.226278055059289
patchtst,1,wind_speed_10m,1.4135842172920168,1.9982203393770837,-1.4135842172920168
patchtst,1,surface_pressure,0.07078865306300486,0.005011033402474467,-0.07078865306300486
patchtst,1,precipitation,0.0,0.0,0.0
patchtst,6,shortwave_radiation,31.657075470586733,1002.1704273504242,31.657075470586733
patchtst,6,direct_normal_irradiance,12.50671348629453,156.41788222826148,12.50671348629453
patchtst,6,diffuse_radiation,4.982418214067991,24.824491259876467,4.982418214067991
patchtst,6,temperature_2m,0.32665509102282897,0.10670354849113269,-0.32665509102282897
patchtst,6,relative_humidity_2m,0.14808407729392314,0.021928893947992602,0.14808407729392314
patchtst,6,cloud_cover,42.929696810125506,1842.9588682093001,-42.929696810125506
patchtst,6,wind_speed_100m,0.06733545371955074,0.00453406332761776,0.06733545371955074
patchtst,6,wind_speed_10m,0.15549039854934232,0.024177264041033316,0.15549039854934232
patchtst,6,surface_pressure,0.004323731722593038,1.8694656008957362e-05,0.004323731722593038
patchtst,6,precipitation,0.08078193845551865,0.006525721580631203,0.08078193845551865
patchtst,12,shortwave_radiation,77.87455247574695,6064.445923297866,77.87455247574695
patchtst,12,direct_normal_irradiance,265.4037562192872,70439.15381530681,265.4037562192872
patchtst,12,diffuse_radiation,11.094940190308236,123.09769782651696,-11.094940190308236
patchtst,12,temperature_2m,0.6204444804526332,0.384951353324138,0.6204444804526332
patchtst,12,relative_humidity_2m,17.242029387829945,297.28757741079147,-17.242029387829945
patchtst,12,cloud_cover,58.42117232410547,3413.033375722827,-58.42117232410547
patchtst,12,wind_speed_100m,3.5279502684842723,12.446433096898248,-3.5279502684842723
patchtst,12,wind_speed_10m,2.3200522796308265,5.382642580220195,-2.3200522796308265
patchtst,12,surface_pressure,0.10062188103063363,0.010124762942142988,0.10062188103063363
patchtst,12,precipitation,0.08054069346467657,0.0064868033037709955,-0.08054069346467657
patchtst,24,temperature_2m,0.023733392464510672,0.000563273917874492,-0.023733392464510672
patchtst,24,relative_humidity_2m,0.5986186396382891,0.3583442757223958,-0.5986186396382891
patchtst,24,cloud_cover,50.71611930819276,2572.1247576828423,-50.71611930819276
patchtst,24,wind_speed_100m,2.1863705285794843,4.780216088240934,2.1863705285794843
patchtst,24,wind_speed_10m,0.07280607386482751,0.00530072439161072,-0.07280607386482751
patchtst,24,surface_pressure,0.037308490406985584,0.0013919234564481354,0.037308490406985584
patchtst,24,precipitation,0.0,0.0,0.0
patchtst,48,temperature_2m,0.20459526166960096,0.041859221097652485,0.20459526166960096
patchtst,48,relative_humidity_2m,3.7017111886917036,13.702665724485344,-3.7017111886917036
patchtst,48,cloud_cover,52.63361396122832,2770.2973186196086,-52.63361396122832
patchtst,48,wind_speed_100m,3.883777630657727,15.083728684397348,3.883777630657727
patchtst,48,wind_speed_10m,0.6349360510490589,0.40314378892177316,0.6349360510490589
patchtst,48,surface_pressure,0.22613950338109134,0.05113907498944662,0.22613950338109134
patchtst,48,precipitation,0.0,0.0,0.0
patchtst,72,temperature_2m,0.27438949086556974,0.07528959269746659,-0.27438949086556974
patchtst,72,relative_humidity_2m,0.5978887606664784,0.3574709701312975,-0.5978887606664784
patchtst,72,cloud_cover,8.399148513088605,70.54569574491852,8.399148513088605
patchtst,72,wind_speed_100m,6.400317789408117,40.964067805414004,6.400317789408117
patchtst,72,wind_speed_10m,2.23224481400562,4.982916909654985,2.23224481400562
patchtst,72,surface_pressure,1.0371685704639049,1.07571864355814,-1.0371685704639049
patchtst,72,precipitation,0.0,0.0,0.0
ecmwf_crudo,1,temperature_2m,1.5999999999999996,2.5599999999999987,-1.5999999999999996
ecmwf_crudo,1,relative_humidity_2m,4.0,16.0,-4.0
ecmwf_crudo,1,cloud_cover,5.0,25.0,-5.0
ecmwf_crudo,1,wind_speed_10m,8.5,72.25,-8.5
ecmwf_crudo,1,surface_pressure,3.1000000000000227,9.610000000000142,-3.1000000000000227
ecmwf_crudo,6,shortwave_radiation,146.0,21316.0,146.0
ecmwf_crudo,6,temperature_2m,2.0,4.0,2.0
ecmwf_crudo,6,relative_humidity_2m,19.0,361.0,-19.0
ecmwf_crudo,6,cloud_cover,35.0,1225.0,-35.0
ecmwf_crudo,6,wind_speed_10m,11.6,134.56,-11.6
ecmwf_crudo,6,surface_pressure,1.0,1.0,-1.0
ecmwf_crudo,12,shortwave_radiation,17.0,289.0,17.0
ecmwf_crudo,12,temperature_2m,1.8000000000000007,3.2400000000000024,1.8000000000000007
ecmwf_crudo,12,relative_humidity_2m,19.0,361.0,-19.0
ecmwf_crudo,12,cloud_cover,21.0,441.0,-21.0
ecmwf_crudo,12,wind_speed_10m,14.4,207.36,-14.4
ecmwf_crudo,12,surface_pressure,1.0,1.0,-1.0
ecmwf_crudo,24,temperature_2m,0.10000000000000142,0.010000000000000285,0.10000000000000142
ecmwf_crudo,24,relative_humidity_2m,13.0,169.0,-13.0
ecmwf_crudo,24,cloud_cover,40.0,1600.0,-40.0
ecmwf_crudo,24,wind_speed_10m,9.7,94.08999999999999,-9.7
ecmwf_crudo,24,surface_pressure,2.1000000000000227,4.410000000000095,-2.1000000000000227
ecmwf_crudo,48,temperature_2m,0.40000000000000036,0.16000000000000028,0.40000000000000036
ecmwf_crudo,48,relative_humidity_2m,12.0,144.0,-12.0
ecmwf_crudo,48,cloud_cover,36.0,1296.0,-36.0
ecmwf_crudo,48,wind_speed_10m,12.7,161.29,-12.7
ecmwf_crudo,48,surface_pressure,1.6999999999999318,2.889999999999768,-1.6999999999999318
ecmwf_crudo,72,temperature_2m,0.0,0.0,0.0
ecmwf_crudo,72,relative_humidity_2m,13.0,169.0,-13.0
ecmwf_crudo,72,cloud_cover,1.0,1.0,-1.0
ecmwf_crudo,72,wind_speed_10m,9.799999999999999,96.03999999999998,-9.799999999999999
ecmwf_crudo,72,surface_pressure,2.2000000000000455,4.8400000000002,-2.2000000000000455
persistence,1,shortwave_radiation,124.0,15376.0,-124.0
persistence,1,direct_normal_irradiance,184.10000000000002,33892.810000000005,-184.10000000000002
persistence,1,diffuse_radiation,55.0,3025.0,55.0
persistence,1,temperature_2m,1.6999999999999993,2.8899999999999975,-1.6999999999999993
persistence,1,relative_humidity_2m,9.0,81.0,9.0
persistence,1,cloud_cover,62.0,3844.0,-62.0
persistence,1,wind_speed_100m,1.4000000000000004,1.960000000000001,-1.4000000000000004
persistence,1,wind_speed_10m,1.7000000000000002,2.8900000000000006,-1.7000000000000002
persistence,1,surface_pressure,0.6999999999999318,0.4899999999999045,-0.6999999999999318
persistence,1,precipitation,0.1,0.010000000000000002,0.1
persistence,6,shortwave_radiation,9.0,81.0,9.0
persistence,6,direct_normal_irradiance,111.69999999999993,12476.889999999985,111.69999999999993
persistence,6,diffuse_radiation,37.0,1369.0,-37.0
persistence,6,temperature_2m,1.0,1.0,1.0
persistence,6,relative_humidity_2m,18.0,324.0,-18.0
persistence,6,cloud_cover,53.0,2809.0,-53.0
persistence,6,wind_speed_100m,6.4,40.96000000000001,-6.4
persistence,6,wind_speed_10m,4.800000000000001,23.040000000000006,-4.800000000000001
persistence,6,surface_pressure,0.1999999999999318,0.03999999999997272,-0.1999999999999318
persistence,6,precipitation,0.0,0.0,0.0
persistence,12,temperature_2m,1.9000000000000004,3.610000000000001,1.9000000000000004
persistence,12,relative_humidity_2m,9.0,81.0,-9.0
persistence,12,cloud_cover,14.0,196.0,-14.0
persistence,12,wind_speed_100m,5.3999999999999995,29.159999999999993,5.3999999999999995
persistence,12,wind_speed_10m,0.5,0.25,-0.5
persistence,12,surface_pressure,0.8000000000000682,0.6400000000001091,0.8000000000000682
persistence,12,precipitation,0.0,0.0,0.0
persistence,24,shortwave_radiation,81.0,6561.0,81.0
persistence,24,direct_normal_irradiance,180.0,32400.0,180.0
persistence,24,diffuse_radiation,82.0,6724.0,-82.0
persistence,24,temperature_2m,1.5,2.25,1.5
persistence,24,relative_humidity_2m,8.0,64.0,-8.0
persistence,24,cloud_cover,6.0,36.0,6.0
persistence,24,wind_speed_100m,6.300000000000001,39.69000000000001,6.300000000000001
persistence,24,wind_speed_10m,3.8000000000000007,14.440000000000005,3.8000000000000007
persistence,24,surface_pressure,0.2999999999999545,0.08999999999997271,0.2999999999999545
persistence,24,precipitation,0.0,0.0,0.0
persistence,48,shortwave_radiation,102.0,10404.0,102.0
persistence,48,direct_normal_irradiance,121.29999999999995,14713.68999999999,121.29999999999995
persistence,48,diffuse_radiation,9.0,81.0,-9.0
persistence,48,temperature_2m,1.6000000000000014,2.5600000000000045,1.6000000000000014
persistence,48,relative_humidity_2m,8.0,64.0,-8.0
persistence,48,cloud_cover,48.0,2304.0,48.0
persistence,48,wind_speed_100m,8.4,70.56,8.4
persistence,48,wind_speed_10m,5.200000000000001,27.04000000000001,5.200000000000001
persistence,48,surface_pressure,0.0,0.0,0.0
persistence,48,precipitation,0.1,0.010000000000000002,-0.1
persistence,72,shortwave_radiation,199.0,39601.0,-199.0
persistence,72,direct_normal_irradiance,379.9,144324.00999999998,-379.9
persistence,72,diffuse_radiation,142.0,20164.0,142.0
persistence,72,temperature_2m,0.6999999999999993,0.489999999999999,-0.6999999999999993
persistence,72,relative_humidity_2m,4.0,16.0,-4.0
persistence,72,cloud_cover,52.0,2704.0,52.0
persistence,72,wind_speed_100m,8.700000000000001,75.69000000000001,8.700000000000001
persistence,72,wind_speed_10m,4.700000000000001,22.09000000000001,4.700000000000001
persistence,72,surface_pressure,2.300000000000068,5.290000000000314,-2.300000000000068
persistence,72,precipitation,0.1,0.010000000000000002,-0.1
climatology,1,shortwave_radiation,43.133333333333326,1860.4844444444439,43.133333333333326
climatology,1,direct_normal_irradiance,107.44666666666672,11544.786177777789,107.44666666666672
climatology,1,diffuse_radiation,72.36666666666667,5236.934444444446,-72.36666666666667
climatology,1,temperature_2m,0.22000000000000242,0.04840000000000106,-0.22000000000000242
climatology,1,relative_humidity_2m,1.3666666666666671,1.867777777777779,-1.3666666666666671
climatology,1,cloud_cover,44.63333333333334,1992.134444444445,-44.63333333333334
climatology,1,wind_speed_100m,2.443333333333337,5.969877777777795,-2.443333333333337
climatology,1,wind_speed_10m,1.5566666666666675,2.423211111111114,-1.5566666666666675
climatology,1,surface_pressure,0.853333333333353,0.7281777777778115,0.853333333333353
climatology,1,precipitation,0.06333333333333335,0.004011111111111114,-0.06333333333333335
climatology,6,shortwave_radiation,47.76666666666665,2281.654444444443,47.76666666666665
climatology,6,direct_normal_irradiance,217.39999999999992,47262.759999999966,217.39999999999992
climatology,6,diffuse_radiation,38.96666666666667,1518.4011111111113,-38.96666666666667
climatology,6,temperature_2m,0.45666666666667055,0.208544444444448,0.45666666666667055
climatology,6,relative_humidity_2m,6.200000000000003,38.44000000000003,-6.200000000000003
climatology,6,cloud_cover,42.16666666666667,1778.0277777777783,-42.16666666666667
climatology,6,wind_speed_100m,3.8300000000000005,14.668900000000004,-3.8300000000000005
climatology,6,wind_speed_10m,2.15,4.6225,-2.15
climatology,6,surface_pressure,0.5199999999999818,0.2703999999999811,0.5199999999999818
climatology,6,precipitation,0.21666666666666667,0.04694444444444445,-0.21666666666666667
climatology,12,temperature_2m,1.126666666666667,1.2693777777777784,1.126666666666667
climatology,12,relative_humidity_2m,1.8333333333333286,3.361111111111094,1.8333333333333286
climatology,12,cloud_cover,2.0999999999999943,4.409999999999976,2.0999999999999943
climatology,12,wind_speed_100m,1.42,2.0164,-1.42
climatology,12,wind_speed_10m,1.9699999999999998,3.880899999999999,-1.9699999999999998
climatology,12,surface_pressure,1.1266666666665515,1.2693777777775181,1.1266666666665515
climatology,12,precipitation,0.016666666666666666,0.0002777777777777778,-0.016666666666666666
climatology,24,shortwave_radiation,146.06666666666672,21335.47111111113,146.06666666666672
climatology,24,direct_normal_irradiance,272.58333333333337,74301.67361111114,272.58333333333337
climatology,24,diffuse_radiation,110.4,12188.160000000002,-110.4
climatology,24,temperature_2m,1.4533333333333296,2.112177777777767,1.4533333333333296
climatology,24,relative_humidity_2m,8.966666666666669,80.40111111111115,-8.966666666666669
climatology,24,cloud_cover,19.900000000000006,396.0100000000002,-19.900000000000006
climatology,24,wind_speed_100m,3.883333333333331,15.080277777777761,3.883333333333331
climatology,24,wind_speed_10m,2.696666666666667,7.272011111111114,2.696666666666667
climatology,24,surface_pressure,1.2166666666668107,1.4802777777781282,1.2166666666668107
climatology,24,precipitation,0.01999999999999999,0.0003999999999999996,0.01999999999999999
climatology,48,shortwave_radiation,167.06666666666672,27911.271111111128,167.06666666666672
climatology,48,direct_normal_irradiance,213.88333333333333,45746.08027777777,213.88333333333333
climatology,48,diffuse_radiation,37.400000000000006,1398.7600000000004,-37.400000000000006
climatology,48,temperature_2m,1.553333333333331,2.412844444444437,1.553333333333331
climatology,48,relative_humidity_2m,8.966666666666669,80.40111111111115,-8.966666666666669
climatology,48,cloud_cover,22.099999999999994,488.40999999999974,22.099999999999994
climatology,48,wind_speed_100m,5.983333333333331,35.800277777777744,5.983333333333331
climatology,48,wind_speed_10m,4.096666666666668,16.782677777777785,4.096666666666668
climatology,48,surface_pressure,0.9166666666668561,0.8402777777781252,0.9166666666668561
climatology,48,precipitation,0.08000000000000002,0.006400000000000003,-0.08000000000000002
climatology,72,shortwave_radiation,133.93333333333328,17938.137777777763,-133.93333333333328
climatology,72,direct_normal_irradiance,287.3166666666666,82550.86694444441,-287.3166666666666
climatology,72,diffuse_radiation,113.6,12904.96,113.6
climatology,72,temperature_2m,0.7466666666666697,0.5575111111111156,-0.7466666666666697
climatology,72,relative_humidity_2m,4.966666666666669,24.667777777777797,-4.966666666666669
climatology,72,cloud_cover,26.099999999999994,681.2099999999997,26.099999999999994
climatology,72,wind_speed_100m,6.283333333333331,39.48027777777775,6.283333333333331
climatology,72,wind_speed_10m,3.5966666666666676,12.936011111111117,3.5966666666666676
climatology,72,surface_pressure,1.383333333333212,1.9136111111107756,-1.383333333333212
climatology,72,precipitation,0.08000000000000002,0.006400000000000003,-0.08000000000000002
mos,1,shortwave_radiation,47.04513926212576,2213.2451281928065,47.04513926212576
mos,1,direct_normal_irradiance,284.60695555402697,81001.11914973188,284.60695555402697
mos,1,diffuse_radiation,214.74497406207212,46115.40388492003,-214.74497406207212
mos,1,temperature_2m,0.7481257310674998,0.559692109485281,0.7481257310674998
mos,1,relative_humidity_2m,2.777980958387552,7.717178205163822,-2.777980958387552
mos,1,cloud_cover,48.0,2304.0,-48.0
mos,1,wind_speed_100m,6.710189322290656,45.02664074098354,6.710189322290656
mos,1,wind_speed_10m,4.662907442309864,21.742705815548717,4.662907442309864
mos,1,surface_pressure,0.5640570729026422,0.3181603814914966,0.5640570729026422
mos,1,precipitation,0.19999999999999998,0.039999999999999994,-0.19999999999999998
mos,6,shortwave_radiation,57.74601695245997,3334.6024738737938,57.74601695245997
mos,6,direct_normal_irradiance,267.05804360968864,71319.99865663436,267.05804360968864
mos,6,diffuse_radiation,45.47357113898609,2067.8456721324287,-45.47357113898609
mos,6,temperature_2m,0.35528311690876535,0.12622609316040742,0.35528311690876535
mos,6,relative_humidity_2m,12.527220191652518,156.93124573014654,-12.527220191652518
mos,6,cloud_cover,21.0,441.0,-21.0
mos,6,wind_speed_100m,0.24190503073613923,0.05851804389545246,-0.24190503073613923
mos,6,wind_speed_10m,0.5318076171388515,0.28281934164690326,0.5318076171388515
mos,6,surface_pressure,0.5048613048295465,0.25488493711419224,0.5048613048295465
mos,6,precipitation,0.1,0.010000000000000002,-0.1
mos,12,temperature_2m,1.728412793193316,2.9874107836743207,1.728412793193316
mos,12,relative_humidity_2m,4.615162518820739,21.29972507512779,-4.615162518820739
mos,12,cloud_cover,10.0,100.0,-10.0
mos,12,wind_speed_100m,4.3810121419025245,19.193267387497347,4.3810121419025245
mos,12,wind_speed_10m,0.07900229518079938,0.006241362643834156,-0.07900229518079938
mos,12,surface_pressure,1.1232189102992152,1.2616207204537564,1.1232189102992152
mos,12,precipitation,0.0,0.0,0.0
mos,24,shortwave_radiation,65.79340418318816,4328.7720340123615,65.79340418318816
mos,24,direct_normal_irradiance,270.7367216929067,73298.37247302242,270.7367216929067
mos,24,diffuse_radiation,182.35995608240108,33255.15358237525,-182.35995608240108
mos,24,temperature_2m,1.740952273407487,3.0309148182826973,1.740952273407487
mos,24,relative_humidity_2m,6.3049180659446336,39.751991818275016,-6.3049180659446336
mos,24,cloud_cover,19.0,361.0,-19.0
mos,24,wind_speed_100m,10.742289674968706,115.39678746093927,10.742289674968706
mos,24,wind_speed_10m,7.248116056479763,52.535186368199746,7.248116056479763
mos,24,surface_pressure,0.7498282380873889,0.5622423866332379,0.7498282380873889
mos,24,precipitation,0.19999999999999998,0.039999999999999994,-0.19999999999999998
mos,48,shortwave_radiation,37.80596024980309,1429.2906304096916,37.80596024980309
mos,48,direct_normal_irradiance,190.34168663239348,36229.95767006428,190.34168663239348
mos,48,diffuse_radiation,87.06982068873032,7581.15367476765,-87.06982068873032
mos,48,temperature_2m,1.116201666353973,1.2459061599713863,1.116201666353973
mos,48,relative_humidity_2m,4.016590704114826,16.133000884381634,-4.016590704114826
mos,48,cloud_cover,5.0,25.0,5.0
mos,48,wind_speed_100m,12.53738048225733,157.18590935688704,12.53738048225733
mos,48,wind_speed_10m,8.170938954279828,66.76424339456753,8.170938954279828
mos,48,surface_pressure,0.9906697156196742,0.9814264854459661,0.9906697156196742
mos,48,precipitation,0.2,0.04000000000000001,-0.2
mos,72,shortwave_radiation,91.11145505489367,8301.29724221991,-91.11145505489367
mos,72,direct_normal_irradiance,107.79118465569238,11618.939489477572,-107.79118465569238
mos,72,diffuse_radiation,47.76254035489552,2281.2602611530233,-47.76254035489552
mos,72,temperature_2m,0.20684161464006579,0.042783453546909475,-0.20684161464006579
mos,72,relative_humidity_2m,2.614154933726887,6.833806017528625,-2.614154933726887
mos,72,cloud_cover,1.0,1.0,1.0
mos,72,wind_speed_100m,12.904541138622802,166.52718199840828,12.904541138622802
mos,72,wind_speed_10m,7.906770919759283,62.517026377551055,7.906770919759283
mos,72,surface_pressure,0.12107150770998487,0.014658309979168926,-0.12107150770998487
mos,72,precipitation,0.0,0.0,0.0
patchtst,1,shortwave_radiation,90.07073237991051,8112.73683145346,90.07073237991051
patchtst,1,direct_normal_irradiance,125.40702324567701,15726.921479341774,125.40702324567701
patchtst,1,diffuse_radiation,41.285571976043485,1704.4984533890672,-41.285571976043485
patchtst,1,temperature_2m,0.31500936192005113,0.09923089809727777,0.31500936192005113
patchtst,1,relative_humidity_2m,5.417248643823605,29.346582869008685,-5.417248643823605
patchtst,1,cloud_cover,37.17036535778989,1381.6360608315867,-37.17036535778989
patchtst,1,wind_speed_100m,0.4678841796439901,0.2189156055611296,0.4678841796439901
patchtst,1,wind_speed_10m,0.13573233942576213,0.0184232679659903,0.13573233942576213
patchtst,1,surface_pressure,0.11882865398149534,0.014120249007053947,0.11882865398149534
patchtst,1,precipitation,0.04334993123000894,0.001879216537646504,0.04334993123000894
patchtst,6,shortwave_radiation,64.42791931351479,4150.956787068772,64.42791931351479
patchtst,6,direct_normal_irradiance,251.29642801009112,63149.894730630906,251.29642801009112
patchtst,6,diffuse_radiation,12.37118293477343,153.04616720562933,-12.37118293477343
patchtst,6,temperature_2m,0.6284263109198349,0.39491962825631305,0.6284263109198349
patchtst,6,relative_humidity_2m,17.099550408581166,292.3946241756083,-17.099550408581166
patchtst,6,cloud_cover,51.88800390657711,2692.3649494089614,-51.88800390657711
patchtst,6,wind_speed_100m,4.274371521263605,18.270251901789347,-4.274371521263605
patchtst,6,wind_speed_10m,2.870301043293248,8.238628079130308,-2.870301043293248
patchtst,6,surface_pressure,0.06426343183022709,0.004129788670598244,0.06426343183022709
patchtst,6,precipitation,0.03190659958363862,0.001018031096990648,-0.03190659958363862
patchtst,12,temperature_2m,1.0123712015594482,1.0248954497469207,1.0123712015594482
patchtst,12,relative_humidity_2m,4.172340191801567,17.408422676122736,-4.172340191801567
patchtst,12,cloud_cover,2.654360085664848,7.0456274643707,-2.654360085664848
patchtst,12,wind_speed_100m,1.6762337831630463,2.8097596958170983,1.6762337831630463
patchtst,12,wind_speed_10m,1.3050287163212353,1.7030999504230513,-1.3050287163212353
patchtst,12,surface_pressure,0.568535999902565,0.3232331831852094,0.568535999902565
patchtst,12,precipitation,0.0,0.0,0.0
patchtst,24,shortwave_radiation,166.9498509994595,27872.25274874173,166.9498509994595
patchtst,24,direct_normal_irradiance,290.3866458060903,84324.40406251175,290.3866458060903
patchtst,24,diffuse_radiation,92.79174623677156,8610.308169669408,-92.79174623677156
patchtst,24,temperature_2m,1.627216356557728,2.647833071049007,1.627216356557728
patchtst,24,relative_humidity_2m,11.586749571438297,134.25276563122554,-11.586749571438297
patchtst,24,cloud_cover,26.83055469362604,719.8786651676584,-26.83055469362604
patchtst,24,wind_speed_100m,6.343520451014761,40.24025171244252,6.343520451014761
patchtst,24,wind_speed_10m,4.062656560423088,16.505178327948755,4.062656560423088
patchtst,24,surface_pressure,0.7208751786552057,0.5196610232011747,0.7208751786552057
patchtst,24,precipitation,0.06567657012400022,0.004313411863252718,0.06567657012400022
patchtst,48,shortwave_radiation,181.54514918341363,32958.64119202791,181.54514918341363
patchtst,48,direct_normal_irradiance,228.22615900918947,52087.179656087836,228.22615900918947
patchtst,48,diffuse_radiation,22.408747275454942,502.1519544552093,-22.408747275454942
patchtst,48,temperature_2m,1.7857649720951052,3.188956535561832,1.7857649720951052
patchtst,48,relative_humidity_2m,12.701785829337403,161.33536325435648,-12.701785829337403
patchtst,48,cloud_cover,11.958044577059994,142.9948301069539,11.958044577059994
patchtst,48,wind_speed_100m,8.290172264020107,68.72695616712826,8.290172264020107
patchtst,48,wind_speed_10m,5.332584194254833,28.43645418881647,5.332584194254833
patchtst,48,surface_pressure,0.6699844158241604,0.4488791174472414,0.6699844158241604
patchtst,48,precipitation,0.004635692519630585,2.1489645136558965e-05,-0.004635692519630585
patchtst,72,shortwave_radiation,109.12990522032464,11909.33621339704,-109.12990522032464
patchtst,72,direct_normal_irradiance,232.39154441492823,54005.829915555565,-232.39154441492823
patchtst,72,diffuse_radiation,125.67618258929932,15794.502870218901,125.67618258929932
patchtst,72,temperature_2m,0.4010199575019655,0.16081700631487822,-0.4010199575019655
patchtst,72,relative_humidity_2m,5.740241269962382,32.95036983737934,-5.740241269962382
patchtst,72,cloud_cover,13.276068019871758,176.25398206826162,13.276068019871758
patchtst,72,wind_speed_100m,8.059635581359077,64.95772570430925,8.059635581359077
patchtst,72,wind_speed_10m,4.693746865134624,22.031259633961113,4.693746865134624
patchtst,72,surface_pressure,1.6003309699858619,2.5610592134958896,-1.6003309699858619
patchtst,72,precipitation,0.0,0.0,0.0
ecmwf_crudo,1,shortwave_radiation,89.0,7921.0,89.0
ecmwf_crudo,1,temperature_2m,2.3000000000000007,5.290000000000004,2.3000000000000007
ecmwf_crudo,1,relative_humidity_2m,21.0,441.0,-21.0
ecmwf_crudo,1,cloud_cover,48.0,2304.0,-48.0
ecmwf_crudo,1,wind_speed_10m,12.599999999999998,158.75999999999993,-12.599999999999998
ecmwf_crudo,1,surface_pressure,1.1999999999999318,1.4399999999998363,-1.1999999999999318
ecmwf_crudo,6,shortwave_radiation,17.0,289.0,17.0
ecmwf_crudo,6,temperature_2m,1.8000000000000007,3.2400000000000024,1.8000000000000007
ecmwf_crudo,6,relative_humidity_2m,19.0,361.0,-19.0
ecmwf_crudo,6,cloud_cover,21.0,441.0,-21.0
ecmwf_crudo,6,wind_speed_10m,14.4,207.36,-14.4
ecmwf_crudo,6,surface_pressure,1.0,1.0,-1.0
ecmwf_crudo,12,temperature_2m,1.200000000000001,1.4400000000000026,1.200000000000001
ecmwf_crudo,12,relative_humidity_2m,11.0,121.0,-11.0
ecmwf_crudo,12,cloud_cover,10.0,100.0,-10.0
ecmwf_crudo,12,wind_speed_10m,8.5,72.25,-8.5
ecmwf_crudo,12,surface_pressure,1.1999999999999318,1.4399999999998363,-1.1999999999999318
ecmwf_crudo,24,shortwave_radiation,55.0,3025.0,55.0
ecmwf_crudo,24,temperature_2m,3.099999999999998,9.609999999999987,3.099999999999998
ecmwf_crudo,24,relative_humidity_2m,22.0,484.0,-22.0
ecmwf_crudo,24,cloud_cover,19.0,361.0,-19.0
ecmwf_crudo,24,wind_speed_10m,10.499999999999998,110.24999999999996,-10.499999999999998
ecmwf_crudo,24,surface_pressure,1.0,1.0,-1.0
ecmwf_crudo,48,shortwave_radiation,47.0,2209.0,47.0
ecmwf_crudo,48,temperature_2m,3.1000000000000014,9.610000000000008,3.1000000000000014
ecmwf_crudo,48,relative_humidity_2m,18.0,324.0,-18.0
ecmwf_crudo,48,cloud_cover,5.0,25.0,5.0
ecmwf_crudo,48,wind_speed_10m,11.599999999999998,134.55999999999995,-11.599999999999998
ecmwf_crudo,48,surface_pressure,0.6000000000000227,0.3600000000000273,-0.6000000000000227
ecmwf_crudo,72,shortwave_radiation,49.0,2401.0,-49.0
ecmwf_crudo,72,temperature_2m,2.3000000000000007,5.290000000000004,2.3000000000000007
ecmwf_crudo,72,relative_humidity_2m,18.0,324.0,-18.0
ecmwf_crudo,72,cloud_cover,1.0,1.0,1.0
ecmwf_crudo,72,wind_speed_10m,14.5,210.25,-14.5
ecmwf_crudo,72,surface_pressure,1.3000000000000682,1.6900000000001774,-1.3000000000000682
persistence,1,shortwave_radiation,0.0,0.0,0.0
persistence,1,direct_normal_irradiance,64.10000000000002,4108.810000000003,64.10000000000002
persistence,1,diffuse_radiation,11.0,121.0,-11.0
persistence,1,temperature_2m,0.8000000000000007,0.6400000000000011,0.8000000000000007
persistence,1,relative_humidity_2m,22.0,484.0,-22.0
persistence,1,cloud_cover,42.0,1764.0,-42.0
persistence,1,wind_speed_100m,0.8000000000000003,0.6400000000000005,-0.8000000000000003
persistence,1,wind_speed_10m,1.1,1.2100000000000002,-1.1
persistence,1,surface_pressure,0.3000000000000682,0.09000000000004092,-0.3000000000000682
persistence,1,precipitation,0.0,0.0,0.0
persistence,6,temperature_2m,1.9000000000000004,3.610000000000001,1.9000000000000004
persistence,6,relative_humidity_2m,9.0,81.0,-9.0
persistence,6,cloud_cover,14.0,196.0,-14.0
persistence,6,wind_speed_100m,5.3999999999999995,29.159999999999993,5.3999999999999995
persistence,6,wind_speed_10m,0.5,0.25,-0.5
persistence,6,surface_pressure,0.8000000000000682,0.6400000000001091,0.8000000000000682
persistence,6,precipitation,0.0,0.0,0.0
persistence,12,temperature_2m,0.29999999999999893,0.08999999999999936,-0.29999999999999893
persistence,12,relative_humidity_2m,2.0,4.0,2.0
persistence,12,cloud_cover,54.0,2916.0,-54.0
persistence,12,wind_speed_100m,5.0,25.0,5.0
persistence,12,wind_speed_10m,1.8000000000000003,3.240000000000001,1.8000000000000003
persistence,12,surface_pressure,1.2000000000000455,1.4400000000001092,-1.2000000000000455
persistence,12,precipitation,0.0,0.0,0.0
persistence,24,shortwave_radiation,15.0,225.0,15.0
persistence,24,direct_normal_irradiance,18.5,342.25,18.5
persistence,24,diffuse_radiation,8.0,64.0,8.0
persistence,24,temperature_2m,1.1999999999999993,1.4399999999999984,1.1999999999999993
persistence,24,relative_humidity_2m,9.0,81.0,-9.0
persistence,24,cloud_cover,31.0,961.0,31.0
persistence,24,wind_speed_100m,2.8000000000000003,7.840000000000002,2.8000000000000003
persistence,24,wind_speed_10m,0.7000000000000002,0.49000000000000027,0.7000000000000002
persistence,24,surface_pressure,0.1999999999999318,0.03999999999997272,0.1999999999999318
persistence,24,precipitation,0.0,0.0,0.0
persistence,48,shortwave_radiation,14.0,196.0,14.0
persistence,48,direct_normal_irradiance,22.600000000000023,510.760000000001,22.600000000000023
persistence,48,diffuse_radiation,6.0,36.0,6.0
persistence,48,temperature_2m,1.3000000000000007,1.690000000000002,1.3000000000000007
persistence,48,relative_humidity_2m,10.0,100.0,-10.0
persistence,48,cloud_cover,29.0,841.0,29.0
persistence,48,wind_speed_100m,10.299999999999999,106.08999999999997,10.299999999999999
persistence,48,wind_speed_10m,6.199999999999999,38.43999999999999,6.199999999999999
persistence,48,surface_pressure,0.20000000000004547,0.04000000000001819,-0.20000000000004547
persistence,48,precipitation,0.0,0.0,0.0
persistence,72,shortwave_radiation,109.0,11881.0,-109.0
persistence,72,direct_normal_irradiance,457.19999999999993,209031.83999999994,-457.19999999999993
persistence,72,diffuse_radiation,82.0,6724.0,82.0
persistence,72,temperature_2m,0.6000000000000014,0.3600000000000017,-0.6000000000000014
persistence,72,relative_humidity_2m,9.0,81.0,-9.0
persistence,72,cloud_cover,65.0,4225.0,65.0
persistence,72,wind_speed_100m,10.7,114.48999999999998,10.7
persistence,72,wind_speed_10m,6.4,40.96000000000001,6.4
persistence,72,surface_pressure,1.5,2.25,-1.5
persistence,72,precipitation,0.0,0.0,0.0
climatology,1,shortwave_radiation,14.233333333333334,202.5877777777778,14.233333333333334
climatology,1,direct_normal_irradiance,153.24333333333334,23483.519211111114,153.24333333333334
climatology,1,diffuse_radiation,9.466666666666669,89.61777777777782,-9.466666666666669
climatology,1,temperature_2m,0.13333333333333286,0.017777777777777653,0.13333333333333286
climatology,1,relative_humidity_2m,4.533333333333331,20.551111111111094,-4.533333333333331
climatology,1,cloud_cover,58.266666666666666,3395.0044444444443,-58.266666666666666
climatology,1,wind_speed_100m,2.216666666666667,4.913611111111112,-2.216666666666667
climatology,1,wind_speed_10m,0.6733333333333329,0.4533777777777772,-0.6733333333333329
climatology,1,surface_pressure,0.2666666666666515,0.07111111111110302,0.2666666666666515
climatology,1,precipitation,0.17333333333333334,0.030044444444444447,-0.17333333333333334
climatology,6,temperature_2m,1.126666666666667,1.2693777777777784,1.126666666666667
climatology,6,relative_humidity_2m,1.8333333333333286,3.361111111111094,1.8333333333333286
climatology,6,cloud_cover,2.0999999999999943,4.409999999999976,2.0999999999999943
climatology,6,wind_speed_100m,1.42,2.0164,-1.42
climatology,6,wind_speed_10m,1.9699999999999998,3.880899999999999,-1.9699999999999998
climatology,6,surface_pressure,1.1266666666665515,1.2693777777775181,1.1266666666665515
climatology,6,precipitation,0.016666666666666666,0.0002777777777777778,-0.016666666666666666
climatology,12,temperature_2m,0.37999999999999723,0.1443999999999979,0.37999999999999723
climatology,12,relative_humidity_2m,1.0666666666666629,1.1377777777777698,-1.0666666666666629
climatology,12,cloud_cover,37.53333333333333,1408.751111111111,-37.53333333333333
climatology,12,wind_speed_100m,0.7699999999999996,0.5928999999999993,-0.7699999999999996
climatology,12,wind_speed_10m,1.2366666666666668,1.5293444444444448,-1.2366666666666668
climatology,12,surface_pressure,0.6499999999998636,0.42249999999982263,0.6499999999998636
climatology,12,precipitation,0.0,0.0,0.0
climatology,24,shortwave_radiation,54.89999999999998,3014.0099999999975,54.89999999999998
climatology,24,direct_normal_irradiance,215.8699999999999,46599.856899999955,215.8699999999999
climatology,24,diffuse_radiation,30.5,930.25,-30.5
climatology,24,temperature_2m,1.5433333333333366,2.3818777777777878,1.5433333333333366
climatology,24,relative_humidity_2m,14.033333333333331,196.93444444444438,-14.033333333333331
climatology,24,cloud_cover,9.066666666666663,82.20444444444438,-9.066666666666663
climatology,24,wind_speed_100m,0.9033333333333333,0.8160111111111111,-0.9033333333333333
climatology,24,wind_speed_10m,1.4066666666666676,1.9787111111111138,-1.4066666666666676
climatology,24,surface_pressure,0.6533333333331939,0.4268444444442622,0.6533333333331939
climatology,24,precipitation,0.21333333333333335,0.04551111111111112,-0.21333333333333335
climatology,48,shortwave_radiation,53.89999999999998,2905.2099999999978,53.89999999999998
climatology,48,direct_normal_irradiance,219.9699999999999,48386.800899999966,219.9699999999999
climatology,48,diffuse_radiation,32.5,1056.25,-32.5
climatology,48,temperature_2m,1.643333333333338,2.7005444444444597,1.643333333333338
climatology,48,relative_humidity_2m,15.033333333333331,226.00111111111104,-15.033333333333331
climatology,48,cloud_cover,11.066666666666663,122.47111111111103,-11.066666666666663
climatology,48,wind_speed_100m,6.596666666666666,43.5160111111111,6.596666666666666
climatology,48,wind_speed_10m,4.093333333333332,16.755377777777767,4.093333333333332
climatology,48,surface_pressure,0.2533333333332166,0.06417777777771864,0.2533333333332166
climatology,48,precipitation,0.21333333333333335,0.04551111111111112,-0.21333333333333335
climatology,72,shortwave_radiation,69.10000000000002,4774.810000000003,-69.10000000000002
climatology,72,direct_normal_irradiance,259.83000000000004,67511.62890000003,-259.83000000000004
climatology,72,diffuse_radiation,43.5,1892.25,43.5
climatology,72,temperature_2m,0.25666666666666416,0.0658777777777765,-0.25666666666666416
climatology,72,relative_humidity_2m,14.033333333333331,196.93444444444438,-14.033333333333331
climatology,72,cloud_cover,24.933333333333337,621.6711111111113,24.933333333333337
climatology,72,wind_speed_100m,6.996666666666666,48.95334444444444,6.996666666666666
climatology,72,wind_speed_10m,4.293333333333332,18.4327111111111,4.293333333333332
climatology,72,surface_pressure,1.046666666666738,1.0955111111112603,-1.046666666666738
climatology,72,precipitation,0.21333333333333335,0.04551111111111112,-0.21333333333333335
mos,1,shortwave_radiation,4.499289204339291,20.243603344284093,4.499289204339291
mos,1,direct_normal_irradiance,203.4735708894912,41401.49405052081,203.4735708894912
mos,1,diffuse_radiation,6.546155623315656,42.85215344466718,-6.546155623315656
mos,1,temperature_2m,0.36692920143464214,0.1346370388654642,0.36692920143464214
mos,1,relative_humidity_2m,11.802988842649825,139.31054561971624,-11.802988842649825
mos,1,cloud_cover,43.0,1849.0,-43.0
mos,1,wind_speed_100m,1.0800187113934971,1.1664404169600702,1.0800187113934971
mos,1,wind_speed_10m,1.217086115295156,1.4812986120442537,1.217086115295156
mos,1,surface_pressure,0.13331071636366687,0.017771747097394038,0.13331071636366687
mos,1,precipitation,0.1,0.010000000000000002,-0.1
mos,6,temperature_2m,1.782371443513325,3.1768479626517743,1.782371443513325
mos,6,relative_humidity_2m,4.38721337831403,19.247641226857603,-4.38721337831403
mos,6,cloud_cover,10.0,100.0,-10.0
mos,6,wind_speed_100m,4.3810121419025245,19.193267387497347,4.3810121419025245
mos,6,wind_speed_10m,0.07900229518079938,0.006241362643834156,-0.07900229518079938
mos,6,surface_pressure,1.0832841092604895,1.1735044613762922,1.0832841092604895
mos,6,precipitation,0.0,0.0,0.0
mos,12,temperature_2m,0.7082845821175194,0.5016670492653892,0.7082845821175194
mos,12,relative_humidity_2m,7.7205772494733225,59.60731306508505,-7.7205772494733225
mos,12,cloud_cover,40.0,1600.0,-40.0
mos,12,wind_speed_100m,4.434472121440157,19.664542995829965,4.434472121440157
mos,12,wind_speed_10m,0.670050734432305,0.4489679867132713,0.670050734432305
mos,12,surface_pressure,0.325033849875922,0.10564700356516339,0.325033849875922
mos,12,precipitation,0.0,0.0,0.0
mos,24,shortwave_radiation,49.67016018517171,2467.124812820617,49.67016018517171
mos,24,direct_normal_irradiance,374.6011384485935,140326.0129269823,374.6011384485935
mos,24,diffuse_radiation,28.09762082609977,789.4762960872756,-28.09762082609977
mos,24,temperature_2m,1.9020507571752105,3.617797082870792,1.9020507571752105
mos,24,relative_humidity_2m,14.589170418812685,212.8438935091591,-14.589170418812685
mos,24,cloud_cover,6.0,36.0,-6.0
mos,24,wind_speed_100m,3.00808302593762,9.04856349093403,3.00808302593762
mos,24,wind_speed_10m,0.6642782754983121,0.4412656272990114,0.6642782754983121
mos,24,surface_pressure,0.7706518223395733,0.5939042312753052,0.7706518223395733
mos,24,precipitation,0.0,0.0,0.0
mos,48,shortwave_radiation,33.71983005750968,1137.0269391073334,33.71983005750968
mos,48,direct_normal_irradiance,365.8191217566618,133823.62984281534,365.8191217566618
mos,48,diffuse_radiation,45.21719340525922,2044.594579448618,-45.21719340525922
mos,48,temperature_2m,1.6745465430227533,2.804106124749454,1.6745465430227533
mos,48,relative_humidity_2m,10.628968222941737,112.97496548430522,-10.628968222941737
mos,48,cloud_cover,23.0,529.0,-23.0
mos,48,wind_speed_100m,10.419757416541302,108.57134461956745,10.419757416541302
mos,48,wind_speed_10m,6.4021044580298305,40.98694149152543,6.4021044580298305
mos,48,surface_pressure,0.6431071580833532,0.413586816778047,0.6431071580833532
mos,48,precipitation,0.0,0.0,0.0
mos,72,shortwave_radiation,38.68420850632549,1496.4679877608653,-38.68420850632549
mos,72,direct_normal_irradiance,27.088882633685955,733.8075623416125,-27.088882633685955
mos,72,diffuse_radiation,35.73873999096938,1277.2575361421138,35.73873999096938
mos,72,temperature_2m,1.6600843321610483,2.7558799898865938,1.6600843321610483
mos,72,relative_humidity_2m,8.05220161787122,64.83795089484788,-8.05220161787122
mos,72,cloud_cover,2.0,4.0,2.0
mos,72,wind_speed_100m,10.356176052393753,107.25038242817385,10.356176052393753
mos,72,wind_speed_10m,6.327029697964925,40.03130479893014,6.327029697964925
mos,72,surface_pressure,0.3844744606066115,0.14782061085874487,0.3844744606066115
mos,72,precipitation,0.0,0.0,0.0
patchtst,1,shortwave_radiation,118.71832997387838,14094.04187178667,118.71832997387838
patchtst,1,direct_normal_irradiance,444.67906401029245,197739.46996906976,444.67906401029245
patchtst,1,diffuse_radiation,41.0,1681.0,41.0
patchtst,1,temperature_2m,0.35387776741691823,0.12522947427198247,-0.35387776741691823
patchtst,1,relative_humidity_2m,7.792277215657009,60.71958420564735,-7.792277215657009
patchtst,1,cloud_cover,46.19238497086129,2133.736429296252,-46.19238497086129
patchtst,1,wind_speed_100m,0.07668184138453027,0.005880104798122259,0.07668184138453027
patchtst,1,wind_speed_10m,0.5416922005676037,0.293430440155773,0.5416922005676037
patchtst,1,surface_pressure,0.37757223534299555,0.14256079290190643,-0.37757223534299555
patchtst,1,precipitation,0.049055037310478555,0.002406396685532443,-0.049055037310478555
patchtst,6,temperature_2m,0.6885263622826425,0.4740685515581687,0.6885263622826425
patchtst,6,relative_humidity_2m,1.5993021393105948,2.5577673328034454,-1.5993021393105948
patchtst,6,cloud_cover,4.334732161701524,18.789902913689566,4.334732161701524
patchtst,6,wind_speed_100m,2.2646662119943404,5.128713051748795,2.2646662119943404
patchtst,6,wind_speed_10m,0.76946129028781,0.5920706772513814,-0.76946129028781
patchtst,6,surface_pressure,0.4609413967475575,0.21246697123558922,0.4609413967475575
patchtst,6,precipitation,0.046577209185166835,0.0021694364154787897,-0.046577209185166835
patchtst,12,temperature_2m,0.05254520267744667,0.0027609983244139486,0.05254520267744667
patchtst,12,relative_humidity_2m,1.5034781076299453,2.260446420122521,-1.5034781076299453
patchtst,12,cloud_cover,48.72492250054057,2374.118072683685,-48.72492250054057
patchtst,12,wind_speed_100m,2.094625628665585,4.3874565242626975,2.094625628665585
patchtst,12,wind_speed_10m,0.2914811370854977,0.08496125327665471,-0.2914811370854977
patchtst,12,surface_pressure,0.0057690793146321084,3.3282276138516076e-05,0.0057690793146321084
patchtst,12,precipitation,0.04224100996587127,0.0017843029229368359,-0.04224100996587127
patchtst,24,shortwave_radiation,97.98938514707379,9601.919601501566,97.98938514707379
patchtst,24,direct_normal_irradiance,293.3133534719017,86032.72332493274,293.3133534719017
patchtst,24,diffuse_radiation,2.8077766568481195,7.883609754741203,2.8077766568481195
patchtst,24,temperature_2m,1.5798067819974122,2.495789468445019,1.5798067819974122
patchtst,24,relative_humidity_2m,21.756994471310605,473.3668084246402,-21.756994471310605
patchtst,24,cloud_cover,12.629853921256284,159.51321007227276,-12.629853921256284
patchtst,24,wind_speed_100m,0.39414277781951723,0.15534852930728532,0.39414277781951723
patchtst,24,wind_speed_10m,0.7194701091387259,0.5176372379440901,-0.7194701091387259
patchtst,24,surface_pressure,0.6079708497094316,0.36962855409640827,0.6079708497094316
patchtst,24,precipitation,0.07561906507167448,0.00571824300231414,-0.07561906507167448
patchtst,48,shortwave_radiation,103.6740765959164,10748.31415801594,103.6740765959164
patchtst,48,direct_normal_irradiance,318.9292501924828,101715.8666283393,318.9292501924828
patchtst,48,diffuse_radiation,0.5068040624341563,0.2568503576997642,-0.5068040624341563
patchtst,48,temperature_2m,1.817157192805734,3.3020602633656155,1.817157192805734
patchtst,48,relative_humidity_2m,23.497122536310684,552.1147674863994,-23.497122536310684
patchtst,48,cloud_cover,19.170450777998113,367.50618303164845,-19.170450777998113
patchtst,48,wind_speed_100m,7.170445950691233,51.415295131784305,7.170445950691233
patchtst,48,wind_speed_10m,4.268009617467678,18.215906094796594,4.268009617467678
patchtst,48,surface_pressure,0.24494489960591181,0.05999800384295022,0.24494489960591181
patchtst,48,precipitation,0.09996780429040897,0.00999356189464551,-0.09996780429040897
patchtst,72,shortwave_radiation,21.585541730187373,465.93561178566046,-21.585541730187373
patchtst,72,direct_normal_irradiance,161.34643379557573,26032.671698550104,-161.34643379557573
patchtst,72,diffuse_radiation,73.49861236664009,5402.04601982162,73.49861236664009
patchtst,72,temperature_2m,0.1344597338565876,0.01807942002878437,-0.1344597338565876
patchtst,72,relative_humidity_2m,20.995165179456052,440.7969609126439,-20.995165179456052
patchtst,72,cloud_cover,11.068525531011147,122.5122574306456,11.068525531011147
patchtst,72,wind_speed_100m,7.196509816863887,51.78975354421829,7.196509816863887
patchtst,72,wind_speed_10m,4.44132101125493,19.725332325014513,4.44132101125493
patchtst,72,surface_pressure,1.0892730363800638,1.1865157477846437,-1.0892730363800638
patchtst,72,precipitation,0.08149834921318538,0.006641980924474314,-0.08149834921318538
ecmwf_crudo,1,shortwave_radiation,9.0,81.0,-9.0
ecmwf_crudo,1,temperature_2m,1.0000000000000018,1.0000000000000036,1.0000000000000018
ecmwf_crudo,1,relative_humidity_2m,15.0,225.0,-15.0
ecmwf_crudo,1,cloud_cover,43.0,1849.0,-43.0
ecmwf_crudo,1,wind_speed_10m,12.1,146.41,-12.1
ecmwf_crudo,1,surface_pressure,1.3999999999999773,1.9599999999999362,-1.3999999999999773
ecmwf_crudo,6,temperature_2m,1.200000000000001,1.4400000000000026,1.200000000000001
ecmwf_crudo,6,relative_humidity_2m,11.0,121.0,-11.0
ecmwf_crudo,6,cloud_cover,10.0,100.0,-10.0
ecmwf_crudo,6,wind_speed_10m,8.5,72.25,-8.5
ecmwf_crudo,6,surface_pressure,1.1999999999999318,1.4399999999998363,-1.1999999999999318
ecmwf_crudo,12,temperature_2m,0.10000000000000142,0.010000000000000285,0.10000000000000142
ecmwf_crudo,12,relative_humidity_2m,13.0,169.0,-13.0
ecmwf_crudo,12,cloud_cover,40.0,1600.0,-40.0
ecmwf_crudo,12,wind_speed_10m,9.7,94.08999999999999,-9.7
ecmwf_crudo,12,surface_pressure,2.1000000000000227,4.410000000000095,-2.1000000000000227
ecmwf_crudo,24,shortwave_radiation,20.0,400.0,20.0
ecmwf_crudo,24,temperature_2m,2.3999999999999986,5.759999999999994,2.3999999999999986
ecmwf_crudo,24,relative_humidity_2m,22.0,484.0,-22.0
ecmwf_crudo,24,cloud_cover,6.0,36.0,-6.0
ecmwf_crudo,24,wind_speed_10m,12.200000000000001,148.84000000000003,-12.200000000000001
ecmwf_crudo,24,surface_pressure,1.0,1.0,-1.0
ecmwf_crudo,48,shortwave_radiation,22.0,484.0,22.0
ecmwf_crudo,48,temperature_2m,2.900000000000002,8.410000000000013,2.900000000000002
ecmwf_crudo,48,relative_humidity_2m,23.0,529.0,-23.0
ecmwf_crudo,48,cloud_cover,23.0,529.0,-23.0
ecmwf_crudo,48,wind_speed_10m,8.3,68.89000000000001,-8.3
ecmwf_crudo,48,surface_pressure,0.8999999999999773,0.8099999999999591,-0.8999999999999773
ecmwf_crudo,72,shortwave_radiation,19.0,361.0,-19.0
ecmwf_crudo,72,temperature_2m,2.299999999999999,5.289999999999995,2.299999999999999
ecmwf_crudo,72,relative_humidity_2m,19.0,361.0,-19.0
ecmwf_crudo,72,cloud_cover,2.0,4.0,2.0
ecmwf_crudo,72,wind_speed_10m,7.1000000000000005,50.41000000000001,-7.1000000000000005
ecmwf_crudo,72,surface_pressure,0.8999999999999773,0.8099999999999591,-0.8999999999999773
persistence,1,temperature_2m,0.5,0.25,0.5
persistence,1,relative_humidity_2m,1.0,1.0,-1.0
persistence,1,cloud_cover,3.0,9.0,-3.0
persistence,1,wind_speed_100m,6.6,43.559999999999995,6.6
persistence,1,wind_speed_10m,1.9,3.61,1.9
persistence,1,surface_pressure,0.5,0.25,-0.5
persistence,1,precipitation,0.0,0.0,0.0
persistence,6,temperature_2m,0.29999999999999893,0.08999999999999936,-0.29999999999999893
persistence,6,relative_humidity_2m,2.0,4.0,2.0
persistence,6,cloud_cover,54.0,2916.0,-54.0
persistence,6,wind_speed_100m,5.0,25.0,5.0
persistence,6,wind_speed_10m,1.8000000000000003,3.240000000000001,1.8000000000000003
persistence,6,surface_pressure,1.2000000000000455,1.4400000000001092,-1.2000000000000455
persistence,6,precipitation,0.0,0.0,0.0
persistence,12,shortwave_radiation,81.0,6561.0,81.0
persistence,12,direct_normal_irradiance,180.0,32400.0,180.0
persistence,12,diffuse_radiation,82.0,6724.0,-82.0
persistence,12,temperature_2m,1.5,2.25,1.5
persistence,12,relative_humidity_2m,8.0,64.0,-8.0
persistence,12,cloud_cover,6.0,36.0,6.0
persistence,12,wind_speed_100m,6.300000000000001,39.69000000000001,6.300000000000001
persistence,12,wind_speed_10m,3.8000000000000007,14.440000000000005,3.8000000000000007
persistence,12,surface_pressure,0.2999999999999545,0.08999999999997271,0.2999999999999545
persistence,12,precipitation,0.0,0.0,0.0
persistence,24,temperature_2m,0.20000000000000107,0.040000000000000424,-0.20000000000000107
persistence,24,relative_humidity_2m,8.0,64.0,-8.0
persistence,24,cloud_cover,2.0,4.0,2.0
persistence,24,wind_speed_100m,1.2999999999999998,1.6899999999999995,-1.2999999999999998
persistence,24,wind_speed_10m,0.19999999999999996,0.03999999999999998,-0.19999999999999996
persistence,24,surface_pressure,0.0,0.0,0.0
persistence,24,precipitation,0.0,0.0,0.0
persistence,48,temperature_2m,0.7000000000000011,0.4900000000000015,-0.7000000000000011
persistence,48,relative_humidity_2m,12.0,144.0,-12.0
persistence,48,cloud_cover,14.0,196.0,-14.0
persistence,48,wind_speed_100m,0.40000000000000036,0.16000000000000028,0.40000000000000036
persistence,48,wind_speed_10m,0.8999999999999999,0.8099999999999998,0.8999999999999999
persistence,48,surface_pressure,1.0,1.0,-1.0
persistence,48,precipitation,0.0,0.0,0.0
persistence,72,temperature_2m,1.8000000000000007,3.2400000000000024,-1.8000000000000007
persistence,72,relative_humidity_2m,17.0,289.0,-17.0
persistence,72,cloud_cover,15.0,225.0,15.0
persistence,72,wind_speed_100m,7.500000000000001,56.250000000000014,7.500000000000001
persistence,72,wind_speed_10m,5.9,34.81,5.9
persistence,72,surface_pressure,2.7000000000000455,7.290000000000245,-2.7000000000000455
persistence,72,precipitation,0.0,0.0,0.0
climatology,1,temperature_2m,0.6833333333333336,0.4669444444444448,0.6833333333333336
climatology,1,relative_humidity_2m,1.7333333333333343,3.004444444444448,1.7333333333333343
climatology,1,cloud_cover,0.7666666666666657,0.5877777777777763,-0.7666666666666657
climatology,1,wind_speed_100m,0.5966666666666658,0.35601111111111006,0.5966666666666658
climatology,1,wind_speed_10m,1.056666666666667,1.1165444444444452,-1.056666666666667
climatology,1,surface_pressure,0.5933333333333621,0.35204444444447863,0.5933333333333621
climatology,1,precipitation,0.010000000000000002,0.00010000000000000005,-0.010000000000000002
climatology,6,temperature_2m,0.37999999999999723,0.1443999999999979,0.37999999999999723
climatology,6,relative_humidity_2m,1.0666666666666629,1.1377777777777698,-1.0666666666666629
climatology,6,cloud_cover,37.53333333333333,1408.751111111111,-37.53333333333333
climatology,6,wind_speed_100m,0.7699999999999996,0.5928999999999993,-0.7699999999999996
climatology,6,wind_speed_10m,1.2366666666666668,1.5293444444444448,-1.2366666666666668
climatology,6,surface_pressure,0.6499999999998636,0.42249999999982263,0.6499999999998636
climatology,6,precipitation,0.0,0.0,0.0
climatology,12,shortwave_radiation,146.06666666666672,21335.47111111113,146.06666666666672
climatology,12,direct_normal_irradiance,272.58333333333337,74301.67361111114,272.58333333333337
climatology,12,diffuse_radiation,110.4,12188.160000000002,-110.4
climatology,12,temperature_2m,1.4533333333333296,2.112177777777767,1.4533333333333296
climatology,12,relative_humidity_2m,8.966666666666669,80.40111111111115,-8.966666666666669
climatology,12,cloud_cover,19.900000000000006,396.0100000000002,-19.900000000000006
climatology,12,wind_speed_100m,3.883333333333331,15.080277777777761,3.883333333333331
climatology,12,wind_speed_10m,2.696666666666667,7.272011111111114,2.696666666666667
climatology,12,surface_pressure,1.2166666666668107,1.4802777777781282,1.2166666666668107
climatology,12,precipitation,0.01999999999999999,0.0003999999999999996,0.01999999999999999
climatology,24,temperature_2m,0.8966666666666665,0.8040111111111108,0.8966666666666665
climatology,24,relative_humidity_2m,6.200000000000003,38.44000000000003,-6.200000000000003
climatology,24,cloud_cover,4.566666666666663,20.85444444444441,4.566666666666663
climatology,24,wind_speed_100m,2.6900000000000004,7.236100000000002,-2.6900000000000004
climatology,24,wind_speed_10m,2.1499999999999995,4.622499999999998,-2.1499999999999995
climatology,24,surface_pressure,1.0666666666667197,1.137777777777891,1.0666666666667197
climatology,24,precipitation,0.016666666666666666,0.0002777777777777778,-0.016666666666666666
climatology,48,temperature_2m,0.3966666666666665,0.15734444444444431,0.3966666666666665
climatology,48,relative_humidity_2m,10.200000000000003,104.04000000000006,-10.200000000000003
climatology,48,cloud_cover,11.433333333333337,130.72111111111118,-11.433333333333337
climatology,48,wind_speed_100m,0.9900000000000002,0.9801000000000004,-0.9900000000000002
climatology,48,wind_speed_10m,1.0499999999999998,1.1024999999999996,-1.0499999999999998
climatology,48,surface_pressure,0.06666666666671972,0.004444444444451519,0.06666666666671972
climatology,48,precipitation,0.016666666666666666,0.0002777777777777778,-0.016666666666666666
climatology,72,temperature_2m,0.7033333333333331,0.4946777777777775,-0.7033333333333331
climatology,72,relative_humidity_2m,15.200000000000003,231.04000000000008,-15.200000000000003
climatology,72,cloud_cover,17.566666666666663,308.58777777777766,17.566666666666663
climatology,72,wind_speed_100m,6.11,37.332100000000004,6.11
climatology,72,wind_speed_10m,3.9500000000000006,15.602500000000004,3.9500000000000006
climatology,72,surface_pressure,1.6333333333333258,2.667777777777753,-1.6333333333333258
climatology,72,precipitation,0.016666666666666666,0.0002777777777777778,-0.016666666666666666
mos,1,temperature_2m,0.5823611912359308,0.33914455705773233,0.5823611912359308
mos,1,relative_humidity_2m,2.9049536736079062,8.43875584580807,-2.9049536736079062
mos,1,cloud_cover,10.0,100.0,-10.0
mos,1,wind_speed_100m,5.834189477187113,34.03776685572084,5.834189477187113
mos,1,wind_speed_10m,0.860957151248462,0.741247216285867,0.860957151248462
mos,1,surface_pressure,0.03405406117713028,0.0011596790826557317,0.03405406117713028
mos,1,precipitation,0.0,0.0,0.0
mos,6,temperature_2m,0.32906058650840997,0.10828086959325876,0.32906058650840997
mos,6,relative_humidity_2m,8.05184207230532,64.83216075734603,-8.05184207230532
mos,6,cloud_cover,40.0,1600.0,-40.0
mos,6,wind_speed_100m,4.434472121440157,19.664542995829965,4.434472121440157
mos,6,wind_speed_10m,0.9785230753825287,0.9575074090560819,0.9785230753825287
mos,6,surface_pressure,0.22782733063900196,0.05190529258609312,0.22782733063900196
mos,6,precipitation,0.0,0.0,0.0
mos,12,shortwave_radiation,65.79340418318816,4328.7720340123615,65.79340418318816
mos,12,direct_normal_irradiance,270.7367216929067,73298.37247302242,270.7367216929067
mos,12,diffuse_radiation,180.345324389087,32524.43602900502,-180.345324389087
mos,12,temperature_2m,1.734434253606267,3.008262180082728,1.734434253606267
mos,12,relative_humidity_2m,5.526447089988345,30.541617438440646,-5.526447089988345
mos,12,cloud_cover,19.0,361.0,-19.0
mos,12,wind_speed_100m,10.742289674968706,115.39678746093927,10.742289674968706
mos,12,wind_speed_10m,7.248116056479763,52.535186368199746,7.248116056479763
mos,12,surface_pressure,0.7498282380873889,0.5622423866332379,0.7498282380873889
mos,12,precipitation,0.19999999999999998,0.039999999999999994,-0.19999999999999998
mos,24,temperature_2m,1.1207984440039809,1.2561891520817448,1.1207984440039809
mos,24,relative_humidity_2m,14.716269003754078,216.56857339085306,-14.716269003754078
mos,24,cloud_cover,12.0,144.0,-12.0
mos,24,wind_speed_100m,3.1028239612522004,9.627516534520796,3.1028239612522004
mos,24,wind_speed_10m,0.17630006521720087,0.031081712995589282,-0.17630006521720087
mos,24,surface_pressure,0.9180194022866317,0.8427596229747045,0.9180194022866317
mos,24,precipitation,0.0,0.0,0.0
mos,48,temperature_2m,0.4806538131071303,0.23102808805442412,0.4806538131071303
mos,48,relative_humidity_2m,15.731298943015275,247.47376643451352,-15.731298943015275
mos,48,cloud_cover,28.0,784.0,-28.0
mos,48,wind_speed_100m,4.711978073962426,22.20273736950265,4.711978073962426
mos,48,wind_speed_10m,0.8743166983730142,0.7644296890538883,0.8743166983730142
mos,48,surface_pressure,0.4980915445316896,0.2480951867339641,0.4980915445316896
mos,48,precipitation,0.0,0.0,0.0
mos,72,temperature_2m,0.8382414962702516,0.7026488060693902,0.8382414962702516
mos,72,relative_humidity_2m,18.234953677784347,332.51353563094085,-18.234953677784347
mos,72,cloud_cover,1.0,1.0,-1.0
mos,72,wind_speed_100m,11.744470881458422,137.93259628542478,11.744470881458422
mos,72,wind_speed_10m,5.7920569302974405,33.547923483806606,5.7920569302974405
mos,72,surface_pressure,0.5114758647499684,0.261607560221728,-0.5114758647499684
mos,72,precipitation,0.0,0.0,0.0
patchtst,1,temperature_2m,0.20174971296173538,0.04070294668014262,-0.20174971296173538
patchtst,1,relative_humidity_2m,1.7202502433614768,2.95926089978522,-1.7202502433614768
patchtst,1,cloud_cover,5.461099546822794,29.823608260308127,-5.461099546822794
patchtst,1,wind_speed_100m,2.668090761815935,7.118708313287537,2.668090761815935
patchtst,1,wind_speed_10m,0.49312436816900185,0.2431716424820773,0.49312436816900185
patchtst,1,surface_pressure,0.3391711626078404,0.11503707754475412,-0.3391711626078404
patchtst,1,precipitation,0.008502218654021787,7.228772204079604e-05,-0.008502218654021787
patchtst,6,temperature_2m,0.07359232992453713,0.005415831023721922,-0.07359232992453713
patchtst,6,relative_humidity_2m,2.1931993764973186,4.810123505068227,-2.1931993764973186
patchtst,6,cloud_cover,51.966886352946204,2700.5572772200267,-51.966886352946204
patchtst,6,wind_speed_100m,0.9991521365980267,0.9983049920684018,0.9991521365980267
patchtst,6,wind_speed_10m,0.3467464649108898,0.12023311092819892,-0.3467464649108898
patchtst,6,surface_pressure,0.188373450866834,0.03548455699147952,-0.188373450866834
patchtst,6,precipitation,0.004533984003313396,2.055701094230177e-05,-0.004533984003313396
patchtst,12,shortwave_radiation,166.9887759615433,27885.251297134502,166.9887759615433
patchtst,12,direct_normal_irradiance,306.21381785789,93766.90224710503,306.21381785789
patchtst,12,diffuse_radiation,88.06735208580403,7755.858503404972,-88.06735208580403
patchtst,12,temperature_2m,1.5969068373751725,2.5501114472555755,1.5969068373751725
patchtst,12,relative_humidity_2m,9.352601384775596,87.4711526625064,-9.352601384775596
patchtst,12,cloud_cover,25.118661332953906,630.9471471596337,-25.118661332953906
patchtst,12,wind_speed_100m,6.412914416338101,41.12547131127704,6.412914416338101
patchtst,12,wind_speed_10m,4.234423718108111,17.93034422447652,4.234423718108111
patchtst,12,surface_pressure,0.6649937862819115,0.44221673579355264,0.6649937862819115
patchtst,12,precipitation,0.05059806947966175,0.002560164635068678,0.05059806947966175
patchtst,24,temperature_2m,0.24967399882993035,0.06233710569172807,0.24967399882993035
patchtst,24,relative_humidity_2m,10.010020924961765,100.20051891817239,-10.010020924961765
patchtst,24,cloud_cover,2.717777559207306,7.386314861330822,-2.717777559207306
patchtst,24,wind_speed_100m,0.5669208329553657,0.3213992308388056,-0.5669208329553657
patchtst,24,wind_speed_10m,1.250308643943949,1.5632717051209568,-1.250308643943949
patchtst,24,surface_pressure,0.41124091321512424,0.16911908870200934,0.41124091321512424
patchtst,24,precipitation,0.0,0.0,0.0
patchtst,48,temperature_2m,0.07168798967125056,0.005139167863105328,-0.07168798967125056
patchtst,48,relative_humidity_2m,10.979179765341001,120.5423883196733,-10.979179765341001
patchtst,48,cloud_cover,19.184753824371413,368.05477930173356,-19.184753824371413
patchtst,48,wind_speed_100m,1.1856420335293327,1.4057470316715714,1.1856420335293327
patchtst,48,wind_speed_10m,0.3223612775683091,0.10391679327547244,-0.3223612775683091
patchtst,48,surface_pressure,0.34310347830273713,0.11771999682343681,-0.34310347830273713
patchtst,48,precipitation,0.0,0.0,0.0
patchtst,72,temperature_2m,1.1033872960022109,1.2174635249790704,-1.1033872960022109
patchtst,72,relative_humidity_2m,17.940842973728394,321.8738466079795,-17.940842973728394
patchtst,72,cloud_cover,10.084402581396887,101.69517542368419,10.084402581396887
patchtst,72,wind_speed_100m,8.634589215298291,74.55613091694556,8.634589215298291
patchtst,72,wind_speed_10m,4.724460232309086,22.320524486670024,4.724460232309086
patchtst,72,surface_pressure,2.028465497689581,4.114672275317039,-2.028465497689581
patchtst,72,precipitation,0.0,0.0,0.0
ecmwf_crudo,1,temperature_2m,0.8000000000000007,0.6400000000000011,0.8000000000000007
ecmwf_crudo,1,relative_humidity_2m,10.0,100.0,-10.0
ecmwf_crudo,1,cloud_cover,10.0,100.0,-10.0
ecmwf_crudo,1,wind_speed_10m,9.9,98.01,-9.9
ecmwf_crudo,1,surface_pressure,1.8999999999999773,3.6099999999999137,-1.8999999999999773
ecmwf_crudo,6,temperature_2m,0.10000000000000142,0.010000000000000285,0.10000000000000142
ecmwf_crudo,6,relative_humidity_2m,13.0,169.0,-13.0
ecmwf_crudo,6,cloud_cover,40.0,1600.0,-40.0
ecmwf_crudo,6,wind_speed_10m,9.7,94.08999999999999,-9.7
ecmwf_crudo,6,surface_pressure,2.1000000000000227,4.410000000000095,-2.1000000000000227
ecmwf_crudo,12,shortwave_radiation,55.0,3025.0,55.0
ecmwf_crudo,12,temperature_2m,3.099999999999998,9.609999999999987,3.099999999999998
ecmwf_crudo,12,relative_humidity_2m,22.0,484.0,-22.0
ecmwf_crudo,12,cloud_cover,19.0,361.0,-19.0
ecmwf_crudo,12,wind_speed_10m,10.499999999999998,110.24999999999996,-10.499999999999998
ecmwf_crudo,12,surface_pressure,1.0,1.0,-1.0
ecmwf_crudo,24,temperature_2m,1.0999999999999996,1.2099999999999993,1.0999999999999996
ecmwf_crudo,24,relative_humidity_2m,13.0,169.0,-13.0
ecmwf_crudo,24,cloud_cover,12.0,144.0,-12.0
ecmwf_crudo,24,wind_speed_10m,10.1,102.00999999999999,-10.1
ecmwf_crudo,24,surface_pressure,1.1999999999999318,1.4399999999998363,-1.1999999999999318
ecmwf_crudo,48,temperature_2m,0.6999999999999993,0.489999999999999,0.6999999999999993
ecmwf_crudo,48,relative_humidity_2m,18.0,324.0,-18.0
ecmwf_crudo,48,cloud_cover,28.0,784.0,-28.0
ecmwf_crudo,48,wind_speed_10m,11.7,136.89,-11.7
ecmwf_crudo,48,surface_pressure,1.1999999999999318,1.4399999999998363,-1.1999999999999318
ecmwf_crudo,72,temperature_2m,1.0,1.0,1.0
ecmwf_crudo,72,relative_humidity_2m,14.0,196.0,-14.0
ecmwf_crudo,72,cloud_cover,1.0,1.0,-1.0
ecmwf_crudo,72,wind_speed_10m,3.1999999999999993,10.239999999999995,-3.1999999999999993
ecmwf_crudo,72,surface_pressure,1.8000000000000682,3.2400000000002454,-1.8000000000000682
persistence,1,temperature_2m,0.40000000000000036,0.16000000000000028,0.40000000000000036
persistence,1,relative_humidity_2m,4.0,16.0,-4.0
persistence,1,cloud_cover,50.0,2500.0,-50.0
persistence,1,wind_speed_100m,4.8,23.04,4.8
persistence,1,wind_speed_10m,1.7999999999999998,3.2399999999999993,1.7999999999999998
persistence,1,surface_pressure,0.6000000000000227,0.3600000000000273,-0.6000000000000227
persistence,1,precipitation,0.0,0.0,0.0
persistence,6,shortwave_radiation,81.0,6561.0,81.0
persistence,6,direct_normal_irradiance,180.0,32400.0,180.0
persistence,6,diffuse_radiation,82.0,6724.0,-82.0
persistence,6,temperature_2m,1.5,2.25,1.5
persistence,6,relative_humidity_2m,8.0,64.0,-8.0
persistence,6,cloud_cover,6.0,36.0,6.0
persistence,6,wind_speed_100m,6.300000000000001,39.69000000000001,6.300000000000001
persistence,6,wind_speed_10m,3.8000000000000007,14.440000000000005,3.8000000000000007
persistence,6,surface_pressure,0.2999999999999545,0.08999999999997271,0.2999999999999545
persistence,6,precipitation,0.0,0.0,0.0
persistence,12,shortwave_radiation,15.0,225.0,15.0
persistence,12,direct_normal_irradiance,18.5,342.25,18.5
persistence,12,diffuse_radiation,8.0,64.0,8.0
persistence,12,temperature_2m,1.1999999999999993,1.4399999999999984,1.1999999999999993
persistence,12,relative_humidity_2m,9.0,81.0,-9.0
persistence,12,cloud_cover,31.0,961.0,31.0
persistence,12,wind_speed_100m,2.8000000000000003,7.840000000000002,2.8000000000000003
persistence,12,wind_speed_10m,0.7000000000000002,0.49000000000000027,0.7000000000000002
persistence,12,surface_pressure,0.1999999999999318,0.03999999999997272,0.1999999999999318
persistence,12,precipitation,0.0,0.0,0.0
persistence,24,temperature_2m,0.09999999999999964,0.009999999999999929,0.09999999999999964
persistence,24,relative_humidity_2m,5.0,25.0,-5.0
persistence,24,cloud_cover,1.0,1.0,-1.0
persistence,24,wind_speed_100m,2.3999999999999995,5.759999999999997,2.3999999999999995
persistence,24,wind_speed_10m,1.0,1.0,1.0
persistence,24,surface_pressure,0.09999999999990905,0.00999999999998181,-0.09999999999990905
persistence,24,precipitation,0.0,0.0,0.0
persistence,48,temperature_2m,0.40000000000000036,0.16000000000000028,-0.40000000000000036
persistence,48,relative_humidity_2m,3.0,9.0,-3.0
persistence,48,cloud_cover,58.0,3364.0,58.0
persistence,48,wind_speed_100m,4.8,23.04,4.8
persistence,48,wind_speed_10m,2.7,7.290000000000001,2.7
persistence,48,surface_pressure,1.5,2.25,-1.5
persistence,48,precipitation,0.0,0.0,0.0
persistence,72,temperature_2m,0.20000000000000107,0.040000000000000424,-0.20000000000000107
persistence,72,relative_humidity_2m,15.0,225.0,-15.0
persistence,72,cloud_cover,59.0,3481.0,59.0
persistence,72,wind_speed_100m,3.7,13.690000000000001,3.7
persistence,72,wind_speed_10m,2.0999999999999996,4.409999999999998,2.0999999999999996
persistence,72,surface_pressure,1.2999999999999545,1.6899999999998818,-1.2999999999999545
persistence,72,precipitation,0.0,0.0,0.0
climatology,1,temperature_2m,0.023333333333333428,0.0005444444444444488,0.023333333333333428
climatology,1,relative_humidity_2m,0.7000000000000028,0.490000000000004,-0.7000000000000028
climatology,1,cloud_cover,35.8,1281.6399999999999,-35.8
climatology,1,wind_speed_100m,0.18666666666666654,0.03484444444444439,-0.18666666666666654
climatology,1,wind_speed_10m,1.033333333333334,1.0677777777777793,-1.033333333333334
climatology,1,surface_pressure,0.4700000000000273,0.22090000000002566,0.4700000000000273
climatology,1,precipitation,0.0,0.0,0.0
climatology,6,shortwave_radiation,146.06666666666672,21335.47111111113,146.06666666666672
climatology,6,direct_normal_irradiance,272.58333333333337,74301.67361111114,272.58333333333337
climatology,6,diffuse_radiation,110.4,12188.160000000002,-110.4
climatology,6,temperature_2m,1.4533333333333296,2.112177777777767,1.4533333333333296
climatology,6,relative_humidity_2m,8.966666666666669,80.40111111111115,-8.966666666666669
climatology,6,cloud_cover,19.900000000000006,396.0100000000002,-19.900000000000006
climatology,6,wind_speed_100m,3.883333333333331,15.080277777777761,3.883333333333331
climatology,6,wind_speed_10m,2.696666666666667,7.272011111111114,2.696666666666667
climatology,6,surface_pressure,1.2166666666668107,1.4802777777781282,1.2166666666668107
climatology,6,precipitation,0.01999999999999999,0.0003999999999999996,0.01999999999999999
climatology,12,shortwave_radiation,54.89999999999998,3014.0099999999975,54.89999999999998
climatology,12,direct_normal_irradiance,215.8699999999999,46599.856899999955,215.8699999999999
climatology,12,diffuse_radiation,30.5,930.25,-30.5
climatology,12,temperature_2m,1.5433333333333366,2.3818777777777878,1.5433333333333366
climatology,12,relative_humidity_2m,14.033333333333331,196.93444444444438,-14.033333333333331
climatology,12,cloud_cover,9.066666666666663,82.20444444444438,-9.066666666666663
climatology,12,wind_speed_100m,0.9033333333333333,0.8160111111111111,-0.9033333333333333
climatology,12,wind_speed_10m,1.4066666666666676,1.9787111111111138,-1.4066666666666676
climatology,12,surface_pressure,0.6533333333331939,0.4268444444442622,0.6533333333331939
climatology,12,precipitation,0.21333333333333335,0.04551111111111112,-0.21333333333333335
climatology,24,temperature_2m,0.466666666666665,0.21777777777777624,0.466666666666665
climatology,24,relative_humidity_2m,6.033333333333331,36.401111111111085,-6.033333333333331
climatology,24,cloud_cover,36.86666666666666,1359.1511111111106,-36.86666666666666
climatology,24,wind_speed_100m,1.6900000000000004,2.8561000000000014,1.6900000000000004
climatology,24,wind_speed_10m,0.1966666666666672,0.03867777777777799,-0.1966666666666672
climatology,24,surface_pressure,0.496666666666556,0.24667777777766786,0.496666666666556
climatology,24,precipitation,0.0,0.0,0.0
climatology,48,temperature_2m,0.03333333333333499,0.0011111111111112217,-0.03333333333333499
climatology,48,relative_humidity_2m,4.033333333333331,16.267777777777763,-4.033333333333331
climatology,48,cloud_cover,22.13333333333334,489.88444444444474,22.13333333333334
climatology,48,wind_speed_100m,4.090000000000001,16.728100000000005,4.090000000000001
climatology,48,wind_speed_10m,1.503333333333333,2.26001111111111,1.503333333333333
climatology,48,surface_pressure,0.9033333333335349,0.8160111111114754,-0.9033333333335349
climatology,48,precipitation,0.0,0.0,0.0
climatology,72,temperature_2m,0.1666666666666643,0.02777777777777699,0.1666666666666643
climatology,72,relative_humidity_2m,16.03333333333333,257.06777777777774,-16.03333333333333
climatology,72,cloud_cover,23.13333333333334,535.1511111111114,23.13333333333334
climatology,72,wind_speed_100m,2.990000000000001,8.940100000000006,2.990000000000001
climatology,72,wind_speed_10m,0.9033333333333324,0.8160111111111095,0.9033333333333324
climatology,72,surface_pressure,0.7033333333334895,0.4946777777779974,-0.7033333333334895
climatology,72,precipitation,0.0,0.0,0.0
mos,1,temperature_2m,0.3389776573683818,0.11490585219495605,0.3389776573683818
mos,1,relative_humidity_2m,7.906146338369538,62.50714992371406,-7.906146338369538
mos,1,cloud_cover,42.0,1764.0,-42.0
mos,1,wind_speed_100m,4.689152314646842,21.988149429957836,4.689152314646842
mos,1,wind_speed_10m,0.7377718160369511,0.5443072525384608,0.7377718160369511
mos,1,surface_pressure,0.5035716915515422,0.2535844485320816,-0.5035716915515422
mos,1,precipitation,0.0,0.0,0.0
mos,6,shortwave_radiation,67.4043492160838,4543.346293243777,67.4043492160838
mos,6,direct_normal_irradiance,270.7367216929067,73298.37247302242,270.7367216929067
mos,6,diffuse_radiation,168.93936436154786,28540.508830883828,-168.93936436154786
mos,6,temperature_2m,1.734434253606267,3.008262180082728,1.734434253606267
mos,6,relative_humidity_2m,5.526447089988345,30.541617438440646,-5.526447089988345
mos,6,cloud_cover,19.0,361.0,-19.0
mos,6,wind_speed_100m,10.742289674968706,115.39678746093927,10.742289674968706
mos,6,wind_speed_10m,7.248116056479763,52.535186368199746,7.248116056479763
mos,6,surface_pressure,0.7498282380873889,0.5622423866332379,0.7498282380873889
mos,6,precipitation,0.19999999999999998,0.039999999999999994,-0.19999999999999998
mos,12,shortwave_radiation,52.418804931934346,2747.7311104921846,52.418804931934346
mos,12,direct_normal_irradiance,385.7354300167249,148791.82197018765,385.7354300167249
mos,12,diffuse_radiation,22.72443427162861,516.3999129655689,-22.72443427162861
mos,12,temperature_2m,1.8924543683255415,3.581383536194424,1.8924543683255415
mos,12,relative_humidity_2m,13.287054875334235,176.54582726014326,-13.287054875334235
mos,12,cloud_cover,6.0,36.0,-6.0
mos,12,wind_speed_100m,2.913162138045065,8.486513642539293,2.913162138045065
mos,12,wind_speed_10m,0.6642782754983121,0.4412656272990114,0.6642782754983121
mos,12,surface_pressure,0.7800286034446344,0.6084446221917867,0.7800286034446344
mos,12,precipitation,0.0,0.0,0.0
mos,24,temperature_2m,0.5007669834662654,0.2507675717299029,0.5007669834662654
mos,24,relative_humidity_2m,5.534948158679882,30.635651119273813,-5.534948158679882
mos,24,cloud_cover,36.0,1296.0,-36.0
mos,24,wind_speed_100m,6.810894052927212,46.38827780019927,6.810894052927212
mos,24,wind_speed_10m,1.5630414509236317,2.443098577305452,1.5630414509236317
mos,24,surface_pressure,0.383860430832101,0.1473488303586062,0.383860430832101
mos,24,precipitation,0.0,0.0,0.0
mos,48,temperature_2m,0.5861042659739599,0.34351821059287435,0.5861042659739599
mos,48,relative_humidity_2m,10.447874409258276,109.15807967163397,-10.447874409258276
mos,48,cloud_cover,1.0,1.0,-1.0
mos,48,wind_speed_100m,9.09845905966578,82.7819572604143,9.09845905966578
mos,48,wind_speed_10m,3.358252314491609,11.277858607788248,3.358252314491609
mos,48,surface_pressure,0.05892605347253266,0.003472279777847778,0.05892605347253266
mos,48,precipitation,0.0,0.0,0.0
mos,72,temperature_2m,1.0045823375366627,1.0091856728906252,1.0045823375366627
mos,72,relative_humidity_2m,15.112317399204741,228.38213717430637,-15.112317399204741
mos,72,cloud_cover,0.0,0.0,0.0
mos,72,wind_speed_100m,7.657976017634423,58.64459668666398,7.657976017634423
mos,72,wind_speed_10m,2.7099497195614726,7.343827482551304,2.7099497195614726
mos,72,surface_pressure,0.974799113347558,0.9502333113831852,0.974799113347558
mos,72,precipitation,0.0,0.0,0.0
patchtst,1,temperature_2m,0.12201207982671924,0.014886947623641709,-0.12201207982671924
patchtst,1,relative_humidity_2m,1.3705190543636547,1.8783224783738464,1.3705190543636547
patchtst,1,cloud_cover,18.599638480380555,345.94655160085307,-18.599638480380555
patchtst,1,wind_speed_100m,0.36902632353250553,0.13618042745991743,0.36902632353250553
patchtst,1,wind_speed_10m,0.324641219657404,0.10539192150064683,-0.324641219657404
patchtst,1,surface_pressure,0.03334677983343681,0.0011120077252597081,-0.03334677983343681
patchtst,1,precipitation,0.0,0.0,0.0
patchtst,6,shortwave_radiation,154.1451718648599,23760.734009247193,154.1451718648599
patchtst,6,direct_normal_irradiance,241.52979459699236,58336.64167806532,241.52979459699236
patchtst,6,diffuse_radiation,91.00935687160052,8282.70303818234,-91.00935687160052
patchtst,6,temperature_2m,1.6746773502265313,2.804544227361756,1.6746773502265313
patchtst,6,relative_humidity_2m,11.679011646661579,136.3993130428568,-11.679011646661579
patchtst,6,cloud_cover,21.230522087842402,450.7350681223641,-21.230522087842402
patchtst,6,wind_speed_100m,5.699535121853749,32.484700605244434,5.699535121853749
patchtst,6,wind_speed_10m,4.012226674167646,16.097962884902373,4.012226674167646
patchtst,6,surface_pressure,0.7746379452564724,0.6000639462311697,0.7746379452564724
patchtst,6,precipitation,0.0808079878375054,0.0065299308983464205,0.0808079878375054
patchtst,12,shortwave_radiation,97.03264269016995,9415.333747438191,97.03264269016995
patchtst,12,direct_normal_irradiance,275.2860430410487,75782.40549319811,275.2860430410487
patchtst,12,diffuse_radiation,1.1008041697969873,1.2117698202424343,1.1008041697969873
patchtst,12,temperature_2m,1.777042295038651,3.1578793183562364,1.777042295038651
patchtst,12,relative_humidity_2m,23.28563995310998,542.2210280258716,-23.28563995310998
patchtst,12,cloud_cover,11.256421694616776,126.70702936703921,-11.256421694616776
patchtst,12,wind_speed_100m,0.4698582610251405,0.22076678545356906,-0.4698582610251405
patchtst,12,wind_speed_10m,1.013491936721591,1.0271659057996816,-1.013491936721591
patchtst,12,surface_pressure,0.6146629024112826,0.37781048360066194,0.6146629024112826
patchtst,12,precipitation,0.12677967623702552,0.016073086306765013,-0.12677967623702552
patchtst,24,temperature_2m,0.2168697541313911,0.04703249025701002,0.2168697541313911
patchtst,24,relative_humidity_2m,4.308352748995802,18.56190340977968,-4.308352748995802
patchtst,24,cloud_cover,38.73047720621017,1500.0498646207654,-38.73047720621017
patchtst,24,wind_speed_100m,2.911339125821409,8.475895505538567,2.911339125821409
patchtst,24,wind_speed_10m,0.6514644044290967,0.4244058702381577,0.6514644044290967
patchtst,24,surface_pressure,0.2241118350036686,0.05022611458871158,0.2241118350036686
patchtst,24,precipitation,0.0,0.0,0.0
patchtst,48,temperature_2m,0.14892585936312486,0.022178911587045245,-0.14892585936312486
patchtst,48,relative_humidity_2m,0.08333595124619819,0.006944880770108722,-0.08333595124619819
patchtst,48,cloud_cover,16.228606716997817,263.36767597498664,16.228606716997817
patchtst,48,wind_speed_100m,5.613173799941038,31.507720108344508,5.613173799941038
patchtst,48,wind_speed_10m,2.179620478030598,4.750745428250333,2.179620478030598
patchtst,48,surface_pressure,1.0585004386542778,1.1204231786312986,-1.0585004386542778
patchtst,48,precipitation,0.0,0.0,0.0
patchtst,72,temperature_2m,0.035803397134342774,0.0012818832463594642,0.035803397134342774
patchtst,72,relative_humidity_2m,12.161651789361855,147.9057742456884,-12.161651789361855
patchtst,72,cloud_cover,15.610241754444303,243.67964763219635,15.610241754444303
patchtst,72,wind_speed_100m,4.469428185774992,19.97578830779993,4.469428185774992
patchtst,72,wind_speed_10m,1.535220515031615,2.356902029773937,1.535220515031615
patchtst,72,surface_pressure,0.8522808663674368,0.7263826751760287,-0.8522808663674368
patchtst,72,precipitation,0.0,0.0,0.0
ecmwf_crudo,1,temperature_2m,0.5999999999999996,0.3599999999999996,-0.5999999999999996
ecmwf_crudo,1,relative_humidity_2m,11.0,121.0,-11.0
ecmwf_crudo,1,cloud_cover,42.0,1764.0,-42.0
ecmwf_crudo,1,wind_speed_10m,11.0,121.0,-11.0
ecmwf_crudo,1,surface_pressure,2.900000000000091,8.410000000000528,-2.900000000000091
ecmwf_crudo,6,shortwave_radiation,55.0,3025.0,55.0
ecmwf_crudo,6,temperature_2m,3.099999999999998,9.609999999999987,3.099999999999998
ecmwf_crudo,6,relative_humidity_2m,22.0,484.0,-22.0
ecmwf_crudo,6,cloud_cover,19.0,361.0,-19.0
ecmwf_crudo,6,wind_speed_10m,10.499999999999998,110.24999999999996,-10.499999999999998
ecmwf_crudo,6,surface_pressure,1.0,1.0,-1.0
ecmwf_crudo,12,shortwave_radiation,20.0,400.0,20.0
ecmwf_crudo,12,temperature_2m,2.3999999999999986,5.759999999999994,2.3999999999999986
ecmwf_crudo,12,relative_humidity_2m,22.0,484.0,-22.0
ecmwf_crudo,12,cloud_cover,6.0,36.0,-6.0
ecmwf_crudo,12,wind_speed_10m,12.200000000000001,148.84000000000003,-12.200000000000001
ecmwf_crudo,12,surface_pressure,1.0,1.0,-1.0
ecmwf_crudo,24,temperature_2m,0.40000000000000036,0.16000000000000028,0.40000000000000036
ecmwf_crudo,24,relative_humidity_2m,12.0,144.0,-12.0
ecmwf_crudo,24,cloud_cover,36.0,1296.0,-36.0
ecmwf_crudo,24,wind_speed_10m,12.7,161.29,-12.7
ecmwf_crudo,24,surface_pressure,1.6999999999999318,2.889999999999768,-1.6999999999999318
ecmwf_crudo,48,temperature_2m,0.0,0.0,0.0
ecmwf_crudo,48,relative_humidity_2m,13.0,169.0,-13.0
ecmwf_crudo,48,cloud_cover,1.0,1.0,-1.0
ecmwf_crudo,48,wind_speed_10m,9.799999999999999,96.03999999999998,-9.799999999999999
ecmwf_crudo,48,surface_pressure,2.2000000000000455,4.8400000000002,-2.2000000000000455
ecmwf_crudo,72,temperature_2m,0.7999999999999989,0.6399999999999983,0.7999999999999989
ecmwf_crudo,72,relative_humidity_2m,16.0,256.0,-16.0
ecmwf_crudo,72,cloud_cover,0.0,0.0,0.0
ecmwf_crudo,72,wind_speed_10m,10.100000000000001,102.01000000000003,-10.100000000000001
ecmwf_crudo,72,surface_pressure,1.2999999999999545,1.6899999999998818,-1.2999999999999545
persistence,1,shortwave_radiation,144.0,20736.0,144.0
persistence,1,direct_normal_irradiance,192.70000000000005,37133.290000000015,192.70000000000005
persistence,1,diffuse_radiation,45.0,2025.0,-45.0
persistence,1,temperature_2m,1.6000000000000014,2.5600000000000045,1.6000000000000014
persistence,1,relative_humidity_2m,5.0,25.0,-5.0
persistence,1,cloud_cover,19.0,361.0,19.0
persistence,1,wind_speed_100m,6.5,42.25,6.5
persistence,1,wind_speed_10m,4.3999999999999995,19.359999999999996,4.3999999999999995
persistence,1,surface_pressure,0.1999999999999318,0.03999999999997272,0.1999999999999318
persistence,1,precipitation,0.0,0.0,0.0
persistence,6,shortwave_radiation,15.0,225.0,15.0
persistence,6,direct_normal_irradiance,18.5,342.25,18.5
persistence,6,diffuse_radiation,8.0,64.0,8.0
persistence,6,temperature_2m,1.1999999999999993,1.4399999999999984,1.1999999999999993
persistence,6,relative_humidity_2m,9.0,81.0,-9.0
persistence,6,cloud_cover,31.0,961.0,31.0
persistence,6,wind_speed_100m,2.8000000000000003,7.840000000000002,2.8000000000000003
persistence,6,wind_speed_10m,0.7000000000000002,0.49000000000000027,0.7000000000000002
persistence,6,surface_pressure,0.1999999999999318,0.03999999999997272,0.1999999999999318
persistence,6,precipitation,0.0,0.0,0.0
persistence,12,temperature_2m,0.20000000000000107,0.040000000000000424,-0.20000000000000107
persistence,12,relative_humidity_2m,8.0,64.0,-8.0
persistence,12,cloud_cover,2.0,4.0,2.0
persistence,12,wind_speed_100m,1.2999999999999998,1.6899999999999995,-1.2999999999999998
persistence,12,wind_speed_10m,0.19999999999999996,0.03999999999999998,-0.19999999999999996
persistence,12,surface_pressure,0.0,0.0,0.0
persistence,12,precipitation,0.0,0.0,0.0
persistence,24,shortwave_radiation,21.0,441.0,21.0
persistence,24,direct_normal_irradiance,58.700000000000045,3445.6900000000055,-58.700000000000045
persistence,24,diffuse_radiation,73.0,5329.0,73.0
persistence,24,temperature_2m,0.10000000000000142,0.010000000000000285,0.10000000000000142
persistence,24,relative_humidity_2m,0.0,0.0,0.0
persistence,24,cloud_cover,42.0,1764.0,42.0
persistence,24,wind_speed_100m,2.0999999999999996,4.409999999999998,2.0999999999999996
persistence,24,wind_speed_10m,1.4000000000000004,1.960000000000001,1.4000000000000004
persistence,24,surface_pressure,0.2999999999999545,0.08999999999997271,-0.2999999999999545
persistence,24,precipitation,0.1,0.010000000000000002,-0.1
persistence,48,shortwave_radiation,280.0,78400.0,-280.0
persistence,48,direct_normal_irradiance,559.9,313488.00999999995,-559.9
persistence,48,diffuse_radiation,224.0,50176.0,224.0
persistence,48,temperature_2m,2.1999999999999993,4.839999999999997,-2.1999999999999993
persistence,48,relative_humidity_2m,4.0,16.0,4.0
persistence,48,cloud_cover,46.0,2116.0,46.0
persistence,48,wind_speed_100m,2.4000000000000004,5.760000000000002,2.4000000000000004
persistence,48,wind_speed_10m,0.9000000000000004,0.8100000000000006,0.9000000000000004
persistence,48,surface_pressure,2.6000000000000227,6.760000000000118,-2.6000000000000227
persistence,48,precipitation,0.1,0.010000000000000002,-0.1
persistence,72,shortwave_radiation,18.0,324.0,18.0
persistence,72,direct_normal_irradiance,84.89999999999998,7208.009999999997,-84.89999999999998
persistence,72,diffuse_radiation,92.0,8464.0,92.0
persistence,72,temperature_2m,0.6999999999999993,0.489999999999999,-0.6999999999999993
persistence,72,relative_humidity_2m,2.0,4.0,-2.0
persistence,72,cloud_cover,21.0,441.0,21.0
persistence,72,wind_speed_100m,1.1999999999999993,1.4399999999999984,1.1999999999999993
persistence,72,wind_speed_10m,0.7999999999999989,0.6399999999999983,0.7999999999999989
persistence,72,surface_pressure,1.8999999999999773,3.6099999999999137,-1.8999999999999773
persistence,72,precipitation,0.1,0.010000000000000002,-0.1
climatology,1,shortwave_radiation,183.66666666666663,33733.44444444443,183.66666666666663
climatology,1,direct_normal_irradiance,297.51666666666665,88516.16694444444,297.51666666666665
climatology,1,diffuse_radiation,117.5,13806.25,-117.5
climatology,1,temperature_2m,1.3633333333333333,1.8586777777777777,1.3633333333333333
climatology,1,relative_humidity_2m,6.333333333333336,40.11111111111114,-6.333333333333336
climatology,1,cloud_cover,24.33333333333333,592.1111111111109,-24.33333333333333
climatology,1,wind_speed_100m,4.156666666666668,17.27787777777779,4.156666666666668
climatology,1,wind_speed_10m,2.9033333333333315,8.429344444444434,2.9033333333333315
climatology,1,surface_pressure,0.9899999999997817,0.9800999999995678,0.9899999999997817
climatology,1,precipitation,0.06,0.0036,-0.06
climatology,6,shortwave_radiation,54.89999999999998,3014.0099999999975,54.89999999999998
climatology,6,direct_normal_irradiance,215.8699999999999,46599.856899999955,215.8699999999999
climatology,6,diffuse_radiation,30.5,930.25,-30.5
climatology,6,temperature_2m,1.5433333333333366,2.3818777777777878,1.5433333333333366
climatology,6,relative_humidity_2m,14.033333333333331,196.93444444444438,-14.033333333333331
climatology,6,cloud_cover,9.066666666666663,82.20444444444438,-9.066666666666663
climatology,6,wind_speed_100m,0.9033333333333333,0.8160111111111111,-0.9033333333333333
climatology,6,wind_speed_10m,1.4066666666666676,1.9787111111111138,-1.4066666666666676
climatology,6,surface_pressure,0.6533333333331939,0.4268444444442622,0.6533333333331939
climatology,6,precipitation,0.21333333333333335,0.04551111111111112,-0.21333333333333335
climatology,12,temperature_2m,0.8966666666666665,0.8040111111111108,0.8966666666666665
climatology,12,relative_humidity_2m,6.200000000000003,38.44000000000003,-6.200000000000003
climatology,12,cloud_cover,4.566666666666663,20.85444444444441,4.566666666666663
climatology,12,wind_speed_100m,2.6900000000000004,7.236100000000002,-2.6900000000000004
climatology,12,wind_speed_10m,2.1499999999999995,4.622499999999998,-2.1499999999999995
climatology,12,surface_pressure,1.0666666666667197,1.137777777777891,1.0666666666667197
climatology,12,precipitation,0.016666666666666666,0.0002777777777777778,-0.016666666666666666
climatology,24,shortwave_radiation,166.63333333333333,27766.667777777777,166.63333333333333
climatology,24,direct_normal_irradiance,214.3499999999999,45945.922499999964,214.3499999999999
climatology,24,diffuse_radiation,37.133333333333326,1378.884444444444,-37.133333333333326
climatology,24,temperature_2m,1.5166666666666586,2.300277777777753,1.5166666666666586
climatology,24,relative_humidity_2m,8.799999999999997,77.43999999999996,-8.799999999999997
climatology,24,cloud_cover,21.200000000000003,449.4400000000001,21.200000000000003
climatology,24,wind_speed_100m,5.966666666666667,35.60111111111111,5.966666666666667
climatology,24,wind_speed_10m,4.086666666666668,16.700844444444453,4.086666666666668
climatology,24,surface_pressure,0.8533333333334667,0.7281777777780054,0.8533333333334667
climatology,24,precipitation,0.08333333333333334,0.006944444444444446,-0.08333333333333334
climatology,48,shortwave_radiation,134.36666666666667,18054.401111111114,-134.36666666666667
climatology,48,direct_normal_irradiance,286.85,82282.92250000002,-286.85
climatology,48,diffuse_radiation,113.86666666666667,12965.61777777778,113.86666666666667
climatology,48,temperature_2m,0.7833333333333421,0.6136111111111249,-0.7833333333333421
climatology,48,relative_humidity_2m,4.799999999999997,23.039999999999974,-4.799999999999997
climatology,48,cloud_cover,25.200000000000003,635.0400000000002,25.200000000000003
climatology,48,wind_speed_100m,6.2666666666666675,39.27111111111112,6.2666666666666675
climatology,48,wind_speed_10m,3.586666666666668,12.864177777777785,3.586666666666668
climatology,48,surface_pressure,1.4466666666666015,2.092844444444256,-1.4466666666666015
climatology,48,precipitation,0.08333333333333334,0.006944444444444446,-0.08333333333333334
climatology,72,shortwave_radiation,163.63333333333333,26775.867777777774,163.63333333333333
climatology,72,direct_normal_irradiance,188.14999999999998,35400.42249999999,188.14999999999998
climatology,72,diffuse_radiation,18.133333333333326,328.8177777777775,-18.133333333333326
climatology,72,temperature_2m,0.7166666666666579,0.5136111111110986,0.7166666666666579
climatology,72,relative_humidity_2m,10.799999999999997,116.63999999999994,-10.799999999999997
climatology,72,cloud_cover,0.20000000000000284,0.04000000000000114,0.20000000000000284
climatology,72,wind_speed_100m,5.066666666666666,25.67111111111111,5.066666666666666
climatology,72,wind_speed_10m,3.4866666666666664,12.156844444444442,3.4866666666666664
climatology,72,surface_pressure,0.746666666666556,0.5575111111109459,-0.746666666666556
climatology,72,precipitation,0.08333333333333334,0.006944444444444446,-0.08333333333333334
mos,1,shortwave_radiation,124.2509751436844,15438.30482415648,124.2509751436844
mos,1,direct_normal_irradiance,370.097869466971,136972.4329839911,370.097869466971
mos,1,diffuse_radiation,114.72481688973488,13161.783610383198,-114.72481688973488
mos,1,temperature_2m,1.4925169618838297,2.227606881510937,1.4925169618838297
mos,1,relative_humidity_2m,2.9262888309935065,8.563166322397343,-2.9262888309935065
mos,1,cloud_cover,23.0,529.0,-23.0
mos,1,wind_speed_100m,10.855833950228561,117.84913075493505,10.855833950228561
mos,1,wind_speed_10m,7.269816488418741,52.85023177528499,7.269816488418741
mos,1,surface_pressure,0.16586962817063977,0.027512733549466296,0.16586962817063977
mos,1,precipitation,0.19999999999999998,0.039999999999999994,-0.19999999999999998
mos,6,shortwave_radiation,49.67016018517171,2467.124812820617,49.67016018517171
mos,6,direct_normal_irradiance,385.2389819464735,148409.0732111553,385.2389819464735
mos,6,diffuse_radiation,30.292710918919553,917.6483348172279,-30.292710918919553
mos,6,temperature_2m,1.8924543683255415,3.581383536194424,1.8924543683255415
mos,6,relative_humidity_2m,11.737263338190942,137.76335067004118,-11.737263338190942
mos,6,cloud_cover,6.0,36.0,-6.0
mos,6,wind_speed_100m,2.913162138045065,8.486513642539293,2.913162138045065
mos,6,wind_speed_10m,0.6642782754983121,0.4412656272990114,0.6642782754983121
mos,6,surface_pressure,0.7864549096357223,0.6185113248901322,0.7864549096357223
mos,6,precipitation,0.0,0.0,0.0
mos,12,temperature_2m,1.295127970512663,1.6773564600042494,1.295127970512663
mos,12,relative_humidity_2m,14.24123780334979,202.81285417155917,-14.24123780334979
mos,12,cloud_cover,12.0,144.0,-12.0
mos,12,wind_speed_100m,3.1028239612522004,9.627516534520796,3.1028239612522004
mos,12,wind_speed_10m,0.17630006521720087,0.031081712995589282,-0.17630006521720087
mos,12,surface_pressure,0.90193648195077,0.8134894174737317,0.90193648195077
mos,12,precipitation,0.0,0.0,0.0
mos,24,shortwave_radiation,20.420229667381136,416.9857796685927,20.420229667381136
mos,24,direct_normal_irradiance,188.0397102648725,35358.93263649719,188.0397102648725
mos,24,diffuse_radiation,74.91424513564999,5612.144124244259,-74.91424513564999
mos,24,temperature_2m,0.726456396236415,0.5277388956327992,0.726456396236415
mos,24,relative_humidity_2m,2.5979997944058937,6.749602931733066,-2.5979997944058937
mos,24,cloud_cover,5.0,25.0,5.0
mos,24,wind_speed_100m,12.53738048225733,157.18590935688704,12.53738048225733
mos,24,wind_speed_10m,8.170938954279828,66.76424339456753,8.170938954279828
mos,24,surface_pressure,1.0295146882515382,1.059900493325662,1.0295146882515382
mos,24,precipitation,0.2,0.04000000000000001,-0.2
mos,48,shortwave_radiation,108.13197080579266,11692.523110344797,-108.13197080579266
mos,48,direct_normal_irradiance,61.764666154626724,3814.873985192492,-61.764666154626724
mos,48,diffuse_radiation,64.59411039718532,4172.399098003764,-64.59411039718532
mos,48,temperature_2m,0.46072510617207385,0.2122676234572687,-0.46072510617207385
mos,48,relative_humidity_2m,1.6215764854396681,2.6295102981308665,-1.6215764854396681
mos,48,cloud_cover,1.0,1.0,1.0
mos,48,wind_speed_100m,12.904541138622802,166.52718199840828,12.904541138622802
mos,48,wind_speed_10m,7.906770919759283,62.517026377551055,7.906770919759283
mos,48,surface_pressure,0.08222653507812083,0.006761203070953436,-0.08222653507812083
mos,48,precipitation,0.0,0.0,0.0
mos,72,shortwave_radiation,115.46356310429962,13331.83440474058,115.46356310429962
mos,72,direct_normal_irradiance,374.61665413777826,140337.63755738377,374.61665413777826
mos,72,diffuse_radiation,149.45802172933855,22337.700259247435,-149.45802172933855
mos,72,temperature_2m,0.8345194367063478,0.6964226902406799,0.8345194367063478
mos,72,relative_humidity_2m,6.215632720097382,38.63409011114518,-6.215632720097382
mos,72,cloud_cover,12.0,144.0,-12.0
mos,72,wind_speed_100m,11.713600607644086,137.2084391953999,11.713600607644086
mos,72,wind_speed_10m,7.845976130849679,61.5593414458629,7.845976130849679
mos,72,surface_pressure,0.6226790763748795,0.38772923215507304,0.6226790763748795
mos,72,precipitation,0.1,0.010000000000000002,-0.1
patchtst,1,shortwave_radiation,198.3673831068637,39349.61868066524,198.3673831068637
patchtst,1,direct_normal_irradiance,225.78121544554824,50977.157248069074,225.78121544554824
patchtst,1,diffuse_radiation,48.113433936389015,2314.9025251512703,-48.113433936389015
patchtst,1,temperature_2m,0.7237646979468302,0.5238353379940663,0.7237646979468302
patchtst,1,relative_humidity_2m,3.316390051841836,10.998442975955495,-3.316390051841836
patchtst,1,cloud_cover,15.442273759143973,238.46381885234652,-15.442273759143973
patchtst,1,wind_speed_100m,3.0071462262669186,9.04292842615137,3.0071462262669186
patchtst,1,wind_speed_10m,2.4346392997040596,5.927468519663473,2.4346392997040596
patchtst,1,surface_pressure,0.14434825537807683,0.020836418830694484,0.14434825537807683
patchtst,1,precipitation,0.01256576720276717,0.00015789850539413907,0.01256576720276717
patchtst,6,shortwave_radiation,83.110127976569,6907.293372281678,83.110127976569
patchtst,6,direct_normal_irradiance,264.7015276615086,70066.89874633639,264.7015276615086
patchtst,6,diffuse_radiation,0.5621906765226896,0.31605835676903943,-0.5621906765226896
patchtst,6,temperature_2m,1.4174459651768352,2.0091530641960897,1.4174459651768352
patchtst,6,relative_humidity_2m,19.566307362765755,382.8403838142214,-19.566307362765755
patchtst,6,cloud_cover,11.51665858456856,132.6334249535167,-11.51665858456856
patchtst,6,wind_speed_100m,2.1836546251769997,4.768347522056903,-2.1836546251769997
patchtst,6,wind_speed_10m,2.0857014273547176,4.350150444069507,-2.0857014273547176
patchtst,6,surface_pressure,0.3887425583982349,0.15112077671000507,0.3887425583982349
patchtst,6,precipitation,0.12265828213097113,0.015045054175320911,-0.12265828213097113
patchtst,12,temperature_2m,0.12958868902254395,0.0167932283225816,0.12958868902254395
patchtst,12,relative_humidity_2m,7.498112837663484,56.221696126333946,-7.498112837663484
patchtst,12,cloud_cover,0.4168723289269707,0.17378253862499643,-0.4168723289269707
patchtst,12,wind_speed_100m,1.8910708586949259,3.576148992605164,-1.8910708586949259
patchtst,12,wind_speed_10m,1.972831707805329,3.892064947322091,-1.972831707805329
patchtst,12,surface_pressure,0.29220926957884785,0.08538625722780378,0.29220926957884785
patchtst,12,precipitation,0.016348606192076176,0.0002672769244235915,-0.016348606192076176
patchtst,24,shortwave_radiation,169.39231768811385,28693.757291750888,169.39231768811385
patchtst,24,direct_normal_irradiance,186.27153869798485,34697.08612891487,186.27153869798485
patchtst,24,diffuse_radiation,2.166298653014991,4.692849854054564,-2.166298653014991
patchtst,24,temperature_2m,1.2312713522701628,1.5160291429211954,1.2312713522701628
patchtst,24,relative_humidity_2m,5.642188625694843,31.834292487920255,-5.642188625694843
patchtst,24,cloud_cover,18.416534642116915,339.1687482242924,18.416534642116915
patchtst,24,wind_speed_100m,5.656190352361589,31.992489302148318,5.656190352361589
patchtst,24,wind_speed_10m,3.938405855352479,15.511040681474691,3.938405855352479
patchtst,24,surface_pressure,0.3314392888147495,0.10985200217002693,0.3314392888147495
patchtst,24,precipitation,0.033142240425521274,0.0010984081004230565,-0.033142240425521274
patchtst,48,shortwave_radiation,123.02242553209896,15134.517183800835,-123.02242553209896
patchtst,48,direct_normal_irradiance,275.8473403718722,76091.7551902355,-275.8473403718722
patchtst,48,diffuse_radiation,132.98818046946326,17685.85614457853,132.98818046946326
patchtst,48,temperature_2m,0.7029804557783912,0.49418152120639464,-0.7029804557783912
patchtst,48,relative_humidity_2m,3.9950792782069655,15.960658439158689,-3.9950792782069655
patchtst,48,cloud_cover,18.772354019975424,352.40127545128746,18.772354019975424
patchtst,48,wind_speed_100m,6.987636655105206,48.827066023769866,6.987636655105206
patchtst,48,wind_speed_10m,3.9761141657973695,15.809483859454511,3.9761141657973695
patchtst,48,surface_pressure,1.7233906893709445,2.9700754682104593,-1.7233906893709445
patchtst,48,precipitation,0.031167226745442533,0.0009713960230018283,-0.031167226745442533
patchtst,72,shortwave_radiation,181.07620895475964,32788.593449427775,181.07620895475964
patchtst,72,direct_normal_irradiance,218.75659101452658,47854.44611229685,218.75659101452658
patchtst,72,diffuse_radiation,1.0833493204046931,1.1736457500213104,-1.0833493204046931
patchtst,72,temperature_2m,0.8674387516084145,0.7524499877919647,0.8674387516084145
patchtst,72,relative_humidity_2m,9.726803787381755,94.61071191822406,-9.726803787381755
patchtst,72,cloud_cover,8.443105652718074,71.2860330629599,-8.443105652718074
patchtst,72,wind_speed_100m,6.6306661919570065,43.96573414916163,6.6306661919570065
patchtst,72,wind_speed_10m,4.343519120141662,18.866158347036194,4.343519120141662
patchtst,72,surface_pressure,1.0022094120256497,1.0044237055527985,-1.0022094120256497
patchtst,72,precipitation,0.0,0.0,0.0
ecmwf_crudo,1,shortwave_radiation,101.0,10201.0,101.0
ecmwf_crudo,1,temperature_2m,3.0,9.0,3.0
ecmwf_crudo,1,relative_humidity_2m,18.0,324.0,-18.0
ecmwf_crudo,1,cloud_cover,23.0,529.0,-23.0
ecmwf_crudo,1,wind_speed_10m,10.5,110.25,-10.5
ecmwf_crudo,1,surface_pressure,1.5,2.25,-1.5
ecmwf_crudo,6,shortwave_radiation,20.0,400.0,20.0
ecmwf_crudo,6,temperature_2m,2.3999999999999986,5.759999999999994,2.3999999999999986
ecmwf_crudo,6,relative_humidity_2m,22.0,484.0,-22.0
ecmwf_crudo,6,cloud_cover,6.0,36.0,-6.0
ecmwf_crudo,6,wind_speed_10m,12.200000000000001,148.84000000000003,-12.200000000000001
ecmwf_crudo,6,surface_pressure,1.0,1.0,-1.0
ecmwf_crudo,12,temperature_2m,1.0999999999999996,1.2099999999999993,1.0999999999999996
ecmwf_crudo,12,relative_humidity_2m,13.0,169.0,-13.0
ecmwf_crudo,12,cloud_cover,12.0,144.0,-12.0
ecmwf_crudo,12,wind_speed_10m,10.1,102.00999999999999,-10.1
ecmwf_crudo,12,surface_pressure,1.1999999999999318,1.4399999999998363,-1.1999999999999318
ecmwf_crudo,24,shortwave_radiation,47.0,2209.0,47.0
ecmwf_crudo,24,temperature_2m,3.1000000000000014,9.610000000000008,3.1000000000000014
ecmwf_crudo,24,relative_humidity_2m,18.0,324.0,-18.0
ecmwf_crudo,24,cloud_cover,5.0,25.0,5.0
ecmwf_crudo,24,wind_speed_10m,11.599999999999998,134.55999999999995,-11.599999999999998
ecmwf_crudo,24,surface_pressure,0.6000000000000227,0.3600000000000273,-0.6000000000000227
ecmwf_crudo,48,shortwave_radiation,49.0,2401.0,-49.0
ecmwf_crudo,48,temperature_2m,2.3000000000000007,5.290000000000004,2.3000000000000007
ecmwf_crudo,48,relative_humidity_2m,18.0,324.0,-18.0
ecmwf_crudo,48,cloud_cover,1.0,1.0,1.0
ecmwf_crudo,48,wind_speed_10m,14.5,210.25,-14.5
ecmwf_crudo,48,surface_pressure,1.3000000000000682,1.6900000000001774,-1.3000000000000682
ecmwf_crudo,72,shortwave_radiation,120.0,14400.0,120.0
ecmwf_crudo,72,temperature_2m,3.6000000000000014,12.96000000000001,3.6000000000000014
ecmwf_crudo,72,relative_humidity_2m,21.0,441.0,-21.0
ecmwf_crudo,72,cloud_cover,12.0,144.0,-12.0
ecmwf_crudo,72,wind_speed_10m,12.8,163.84000000000003,-12.8
ecmwf_crudo,72,surface_pressure,0.2999999999999545,0.08999999999997271,-0.2999999999999545
persistence,1,shortwave_radiation,6.0,36.0,-6.0
persistence,1,direct_normal_irradiance,78.60000000000002,6177.960000000004,-78.60000000000002
persistence,1,diffuse_radiation,8.0,64.0,8.0
persistence,1,temperature_2m,0.8999999999999986,0.8099999999999974,0.8999999999999986
persistence,1,relative_humidity_2m,12.0,144.0,-12.0
persistence,1,cloud_cover,67.0,4489.0,67.0
persistence,1,wind_speed_100m,0.09999999999999964,0.009999999999999929,-0.09999999999999964
persistence,1,wind_speed_10m,0.8,0.6400000000000001,-0.8
persistence,1,surface_pressure,0.0,0.0,0.0
persistence,1,precipitation,0.0,0.0,0.0
persistence,6,temperature_2m,0.20000000000000107,0.040000000000000424,-0.20000000000000107
persistence,6,relative_humidity_2m,8.0,64.0,-8.0
persistence,6,cloud_cover,2.0,4.0,2.0
persistence,6,wind_speed_100m,1.2999999999999998,1.6899999999999995,-1.2999999999999998
persistence,6,wind_speed_10m,0.19999999999999996,0.03999999999999998,-0.19999999999999996
persistence,6,surface_pressure,0.0,0.0,0.0
persistence,6,precipitation,0.0,0.0,0.0
persistence,12,temperature_2m,0.09999999999999964,0.009999999999999929,0.09999999999999964
persistence,12,relative_humidity_2m,5.0,25.0,-5.0
persistence,12,cloud_cover,1.0,1.0,-1.0
persistence,12,wind_speed_100m,2.3999999999999995,5.759999999999997,2.3999999999999995
persistence,12,wind_speed_10m,1.0,1.0,1.0
persistence,12,surface_pressure,0.09999999999990905,0.00999999999998181,-0.09999999999990905
persistence,12,precipitation,0.0,0.0,0.0
persistence,24,shortwave_radiation,1.0,1.0,-1.0
persistence,24,direct_normal_irradiance,4.100000000000023,16.810000000000187,4.100000000000023
persistence,24,diffuse_radiation,2.0,4.0,-2.0
persistence,24,temperature_2m,0.10000000000000142,0.010000000000000285,0.10000000000000142
persistence,24,relative_humidity_2m,1.0,1.0,-1.0
persistence,24,cloud_cover,2.0,4.0,-2.0
persistence,24,wind_speed_100m,7.499999999999999,56.249999999999986,7.499999999999999
persistence,24,wind_speed_10m,5.5,30.25,5.5
persistence,24,surface_pressure,0.39999999999997726,0.15999999999998182,-0.39999999999997726
persistence,24,precipitation,0.0,0.0,0.0
persistence,48,shortwave_radiation,124.0,15376.0,-124.0
persistence,48,direct_normal_irradiance,475.69999999999993,226290.48999999993,-475.69999999999993
persistence,48,diffuse_radiation,74.0,5476.0,74.0
persistence,48,temperature_2m,1.8000000000000007,3.2400000000000024,-1.8000000000000007
persistence,48,relative_humidity_2m,0.0,0.0,0.0
persistence,48,cloud_cover,34.0,1156.0,34.0
persistence,48,wind_speed_100m,7.8999999999999995,62.40999999999999,7.8999999999999995
persistence,48,wind_speed_10m,5.699999999999999,32.489999999999995,5.699999999999999
persistence,48,surface_pressure,1.6999999999999318,2.889999999999768,-1.6999999999999318
persistence,48,precipitation,0.0,0.0,0.0
persistence,72,shortwave_radiation,117.0,13689.0,-117.0
persistence,72,direct_normal_irradiance,450.9,203310.80999999997,-450.9
persistence,72,diffuse_radiation,71.0,5041.0,71.0
persistence,72,temperature_2m,1.8000000000000007,3.2400000000000024,-1.8000000000000007
persistence,72,relative_humidity_2m,6.0,36.0,6.0
persistence,72,cloud_cover,34.0,1156.0,34.0
persistence,72,wind_speed_100m,12.7,161.29,12.7
persistence,72,wind_speed_10m,8.9,79.21000000000001,8.9
persistence,72,surface_pressure,2.0,4.0,-2.0
persistence,72,precipitation,0.0,0.0,0.0
climatology,1,shortwave_radiation,6.666666666666671,44.44444444444451,6.666666666666671
climatology,1,direct_normal_irradiance,62.71333333333331,3932.9621777777747,62.71333333333331
climatology,1,diffuse_radiation,1.0,1.0,-1.0
climatology,1,temperature_2m,0.9866666666666646,0.973511111111107,0.9866666666666646
climatology,1,relative_humidity_2m,15.900000000000006,252.81000000000017,-15.900000000000006
climatology,1,cloud_cover,11.466666666666669,131.48444444444448,11.466666666666669
climatology,1,wind_speed_100m,2.1766666666666667,4.737877777777778,-2.1766666666666667
climatology,1,wind_speed_10m,1.4399999999999997,2.073599999999999,-1.4399999999999997
climatology,1,surface_pressure,0.2166666666664696,0.04694444444435905,0.2166666666664696
climatology,1,precipitation,0.17333333333333334,0.030044444444444447,-0.17333333333333334
climatology,6,temperature_2m,0.8966666666666665,0.8040111111111108,0.8966666666666665
climatology,6,relative_humidity_2m,6.200000000000003,38.44000000000003,-6.200000000000003
climatology,6,cloud_cover,4.566666666666663,20.85444444444441,4.566666666666663
climatology,6,wind_speed_100m,2.6900000000000004,7.236100000000002,-2.6900000000000004
climatology,6,wind_speed_10m,2.1499999999999995,4.622499999999998,-2.1499999999999995
climatology,6,surface_pressure,1.0666666666667197,1.137777777777891,1.0666666666667197
climatology,6,precipitation,0.016666666666666666,0.0002777777777777778,-0.016666666666666666
climatology,12,temperature_2m,0.466666666666665,0.21777777777777624,0.466666666666665
climatology,12,relative_humidity_2m,6.033333333333331,36.401111111111085,-6.033333333333331
climatology,12,cloud_cover,36.86666666666666,1359.1511111111106,-36.86666666666666
climatology,12,wind_speed_100m,1.6900000000000004,2.8561000000000014,1.6900000000000004
climatology,12,wind_speed_10m,0.1966666666666672,0.03867777777777799,-0.1966666666666672
climatology,12,surface_pressure,0.496666666666556,0.24667777777766786,0.496666666666556
climatology,12,precipitation,0.0,0.0,0.0
climatology,24,shortwave_radiation,50.26666666666665,2526.737777777776,50.26666666666665
climatology,24,direct_normal_irradiance,203.89999999999992,41575.20999999997,203.89999999999992
climatology,24,diffuse_radiation,29.53333333333333,872.2177777777777,-29.53333333333333
climatology,24,temperature_2m,1.5633333333333326,2.444011111111109,1.5633333333333326
climatology,24,relative_humidity_2m,14.56666666666667,212.18777777777788,-14.56666666666667
climatology,24,cloud_cover,10.0,100.0,-10.0
climatology,24,wind_speed_100m,6.56,43.03359999999999,6.56
climatology,24,wind_speed_10m,4.126666666666666,17.02937777777777,4.126666666666666
climatology,24,surface_pressure,0.20000000000004547,0.04000000000001819,0.20000000000004547
climatology,24,precipitation,0.21333333333333335,0.04551111111111112,-0.21333333333333335
climatology,48,shortwave_radiation,72.73333333333335,5290.13777777778,-72.73333333333335
climatology,48,direct_normal_irradiance,275.9000000000001,76120.81000000006,-275.9000000000001
climatology,48,diffuse_radiation,46.46666666666667,2159.1511111111113,46.46666666666667
climatology,48,temperature_2m,0.33666666666666956,0.11334444444444639,-0.33666666666666956
climatology,48,relative_humidity_2m,13.56666666666667,184.05444444444453,-13.56666666666667
climatology,48,cloud_cover,26.0,676.0,26.0
climatology,48,wind_speed_100m,6.96,48.4416,6.96
climatology,48,wind_speed_10m,4.326666666666666,18.72004444444444,4.326666666666666
climatology,48,surface_pressure,1.099999999999909,1.2099999999998,-1.099999999999909
climatology,48,precipitation,0.21333333333333335,0.04551111111111112,-0.21333333333333335
climatology,72,shortwave_radiation,65.73333333333335,4320.871111111113,-65.73333333333335
climatology,72,direct_normal_irradiance,251.10000000000005,63051.21000000003,-251.10000000000005
climatology,72,diffuse_radiation,43.46666666666667,1889.3511111111113,43.46666666666667
climatology,72,temperature_2m,0.33666666666666956,0.11334444444444639,-0.33666666666666956
climatology,72,relative_humidity_2m,7.56666666666667,57.254444444444495,-7.56666666666667
climatology,72,cloud_cover,26.0,676.0,26.0
climatology,72,wind_speed_100m,11.759999999999998,138.29759999999996,11.759999999999998
climatology,72,wind_speed_10m,7.526666666666666,56.65071111111111,7.526666666666666
climatology,72,surface_pressure,1.3999999999999773,1.9599999999999362,-1.3999999999999773
climatology,72,precipitation,0.21333333333333335,0.04551111111111112,-0.21333333333333335
mos,1,shortwave_radiation,0.6772358805386176,0.45864843788891674,-0.6772358805386176
mos,1,direct_normal_irradiance,172.08598455620577,29613.58608067869,172.08598455620577
mos,1,diffuse_radiation,2.465731770999362,6.07983316651565,-2.465731770999362
mos,1,temperature_2m,1.917056050752926,3.675103901728405,1.917056050752926
mos,1,relative_humidity_2m,17.29012664796406,298.9484795026368,-17.29012664796406
mos,1,cloud_cover,4.0,16.0,-4.0
mos,1,wind_speed_100m,0.07913400294809758,0.006262190422589517,0.07913400294809758
mos,1,wind_speed_10m,0.2936795910173573,0.08624770218012225,-0.2936795910173573
mos,1,surface_pressure,0.21686989242959953,0.04703255024242607,0.21686989242959953
mos,1,precipitation,0.0,0.0,0.0
mos,6,temperature_2m,1.1445113049401314,1.3099061271357626,1.1445113049401314
mos,6,relative_humidity_2m,12.543726331580288,157.34507028158066,-12.543726331580288
mos,6,cloud_cover,12.0,144.0,-12.0
mos,6,wind_speed_100m,3.1028239612522004,9.627516534520796,3.1028239612522004
mos,6,wind_speed_10m,0.17630006521720087,0.031081712995589282,-0.17630006521720087
mos,6,surface_pressure,0.8846723436564616,0.7826451556306165,0.8846723436564616
mos,6,precipitation,0.0,0.0,0.0
mos,12,temperature_2m,0.38212311312768854,0.14601807358639626,0.38212311312768854
mos,12,relative_humidity_2m,4.572099036837486,20.904089602650263,-4.572099036837486
mos,12,cloud_cover,36.0,1296.0,-36.0
mos,12,wind_speed_100m,6.810894052927212,46.38827780019927,6.810894052927212
mos,12,wind_speed_10m,1.5630414509236317,2.443098577305452,1.5630414509236317
mos,12,surface_pressure,0.383860430832101,0.1473488303586062,0.383860430832101
mos,12,precipitation,0.0,0.0,0.0
mos,24,shortwave_radiation,22.50537148693047,506.49174576474303,22.50537148693047
mos,24,direct_normal_irradiance,344.1714680969054,118453.99945197918,344.1714680969054
mos,24,diffuse_radiation,44.75472343869282,2002.9852700738807,-44.75472343869282
mos,24,temperature_2m,1.3293280763372728,1.7671131345385542,1.3293280763372728
mos,24,relative_humidity_2m,5.796616929102633,33.600767822759245,-5.796616929102633
mos,24,cloud_cover,23.0,529.0,-23.0
mos,24,wind_speed_100m,9.893153465995562,97.87448550174,9.893153465995562
mos,24,wind_speed_10m,6.233119177402237,38.851774679699545,6.233119177402237
mos,24,surface_pressure,0.5991868644725855,0.35902489855648856,0.5991868644725855
mos,24,precipitation,0.0,0.0,0.0
mos,48,shortwave_radiation,44.48405753695221,1978.8313749508745,-44.48405753695221
mos,48,direct_normal_irradiance,2.1374970681674483,4.568893716424437,-2.1374970681674483
mos,48,diffuse_radiation,35.18730117392208,1238.1461639042982,35.18730117392208
mos,48,temperature_2m,1.4026199675786017,1.9673427734501978,1.4026199675786017
mos,48,relative_humidity_2m,6.720652422317002,45.16716898159539,-6.720652422317002
mos,48,cloud_cover,2.0,4.0,2.0
mos,48,wind_speed_100m,9.995613448436437,99.91228821056336,9.995613448436437
mos,48,wind_speed_10m,6.099907145354833,37.20886718195095,6.099907145354833
mos,48,surface_pressure,0.2539078853343426,0.06446921423495768,0.2539078853343426
mos,48,precipitation,0.0,0.0,0.0
mos,72,shortwave_radiation,17.9271440225439,321.38249280503146,-17.9271440225439
mos,72,direct_normal_irradiance,16.244861362971164,263.89552070215336,16.244861362971164
mos,72,diffuse_radiation,28.37926043135414,805.3824226306228,28.37926043135414
mos,72,temperature_2m,1.6951489251208933,2.87352987833852,1.6951489251208933
mos,72,relative_humidity_2m,10.233423549045376,104.72295753415646,-10.233423549045376
mos,72,cloud_cover,1.0,1.0,1.0
mos,72,wind_speed_100m,14.716918047973275,216.5876768307615,14.716918047973275
mos,72,wind_speed_10m,9.32139156357266,86.88834068144357,9.32139156357266
mos,72,surface_pressure,0.0019104073028302082,3.649656062706991e-06,0.0019104073028302082
mos,72,precipitation,0.0,0.0,0.0
patchtst,1,shortwave_radiation,112.7397207111047,12710.24462601789,112.7397207111047
patchtst,1,direct_normal_irradiance,366.24698783191076,134136.8560959478,366.24698783191076
patchtst,1,diffuse_radiation,49.0,2401.0,49.0
patchtst,1,temperature_2m,0.23279805528257924,0.05419493454335082,-0.23279805528257924
patchtst,1,relative_humidity_2m,11.11800448455007,123.61002371847547,-11.11800448455007
patchtst,1,cloud_cover,13.027897961642978,169.72612529898126,13.027897961642978
patchtst,1,wind_speed_100m,2.1309654778476252,4.541013867778358,-2.1309654778476252
patchtst,1,wind_speed_10m,0.936090748246021,0.8762658889517955,-0.936090748246021
patchtst,1,surface_pressure,0.4659100833202956,0.2170722057395248,-0.4659100833202956
patchtst,1,precipitation,0.04853306088530246,0.0023554579988964756,-0.04853306088530246
patchtst,6,temperature_2m,0.08241325465827742,0.006791944543370085,0.08241325465827742
patchtst,6,relative_humidity_2m,4.5793717434713415,20.970645564903755,-4.5793717434713415
patchtst,6,cloud_cover,1.8187470008629845,3.3078406531481006,1.8187470008629845
patchtst,6,wind_speed_100m,2.311281145378554,5.342020532982399,-2.311281145378554
patchtst,6,wind_speed_10m,1.9376839792708365,3.7546192035228634,-1.9376839792708365
patchtst,6,surface_pressure,0.3747938657454597,0.14047044180042567,0.3747938657454597
patchtst,6,precipitation,0.019079154237918672,0.00036401412643429003,-0.019079154237918672
patchtst,12,temperature_2m,0.1314159441463083,0.017270150375865625,-0.1314159441463083
patchtst,12,relative_humidity_2m,2.593316056769723,6.725288170299665,-2.593316056769723
patchtst,12,cloud_cover,36.456406584768914,1329.0695810739821,-36.456406584768914
patchtst,12,wind_speed_100m,2.1130691450450785,4.4650612117415385,2.1130691450450785
patchtst,12,wind_speed_10m,0.08213877918063073,0.006746779045284416,-0.08213877918063073
patchtst,12,surface_pressure,0.044763728453517615,0.0020037913850602623,-0.044763728453517615
patchtst,12,precipitation,0.0,0.0,0.0
patchtst,24,shortwave_radiation,92.05801267643278,8474.67769793426,92.05801267643278
patchtst,24,direct_normal_irradiance,278.04161312744014,77307.1386305091,278.04161312744014
patchtst,24,diffuse_radiation,1.7314225183415317,2.9978239370201316,1.7314225183415317
patchtst,24,temperature_2m,1.1662369379922986,1.3601085955376524,1.1662369379922986
patchtst,24,relative_humidity_2m,15.89287908481031,252.58360560440101,-15.89287908481031
patchtst,24,cloud_cover,19.68190789436983,387.3774983624574,-19.68190789436983
patchtst,24,wind_speed_100m,6.106601088007119,37.29057684804973,6.106601088007119
patchtst,24,wind_speed_10m,4.115710363723505,16.93907179806106,4.115710363723505
patchtst,24,surface_pressure,0.012996379228980004,0.00016890587306346287,-0.012996379228980004
patchtst,24,precipitation,0.059798907153808645,0.0035759092967898266,-0.059798907153808645
patchtst,48,shortwave_radiation,25.04221470134945,627.1125171484825,-25.04221470134945
patchtst,48,direct_normal_irradiance,178.3023405824866,31791.724657193052,-178.3023405824866
patchtst,48,diffuse_radiation,77.20913835698579,5961.251045828174,77.20913835698579
patchtst,48,temperature_2m,0.48607769076616947,0.23627152146057187,-0.48607769076616947
patchtst,48,relative_humidity_2m,17.80732785271364,317.100925254031,-17.80732785271364
patchtst,48,cloud_cover,11.624984632071133,135.14026769589,11.624984632071133
patchtst,48,wind_speed_100m,6.926650104029905,47.9784816636575,6.926650104029905
patchtst,48,wind_speed_10m,4.39329761434889,19.301063928243654,4.39329761434889
patchtst,48,surface_pressure,1.2800089893223685,1.6384230127460713,-1.2800089893223685
patchtst,48,precipitation,0.07839519953599372,0.00614580731028827,-0.07839519953599372
patchtst,72,shortwave_radiation,14.446361647800785,208.6973648590494,-14.446361647800785
patchtst,72,direct_normal_irradiance,146.60004724206541,21491.57385137581,-146.60004724206541
patchtst,72,diffuse_radiation,71.98216136946401,5181.431555419556,71.98216136946401
patchtst,72,temperature_2m,0.32683020901599136,0.1068179855254366,-0.32683020901599136
patchtst,72,relative_humidity_2m,13.41775565941775,180.03616693583706,-13.41775565941775
patchtst,72,cloud_cover,11.10323795351772,123.28189305243636,11.10323795351772
patchtst,72,wind_speed_100m,12.108576083260614,146.61761476411095,12.108576083260614
patchtst,72,wind_speed_10m,7.825506557434613,61.238552880452126,7.825506557434613
patchtst,72,surface_pressure,1.4381436319824843,2.0682571062117714,-1.4381436319824843
patchtst,72,precipitation,0.10490341206379661,0.011004725862626708,-0.10490341206379661
ecmwf_crudo,1,shortwave_radiation,18.0,324.0,-18.0
ecmwf_crudo,1,temperature_2m,1.5,2.25,1.5
ecmwf_crudo,1,relative_humidity_2m,22.0,484.0,-22.0
ecmwf_crudo,1,cloud_cover,4.0,16.0,-4.0
ecmwf_crudo,1,wind_speed_10m,12.5,156.25,-12.5
ecmwf_crudo,1,surface_pressure,1.3000000000000682,1.6900000000001774,-1.3000000000000682
ecmwf_crudo,6,temperature_2m,1.0999999999999996,1.2099999999999993,1.0999999999999996
ecmwf_crudo,6,relative_humidity_2m,13.0,169.0,-13.0
ecmwf_crudo,6,cloud_cover,12.0,144.0,-12.0
ecmwf_crudo,6,wind_speed_10m,10.1,102.00999999999999,-10.1
ecmwf_crudo,6,surface_pressure,1.1999999999999318,1.4399999999998363,-1.1999999999999318
ecmwf_crudo,12,temperature_2m,0.40000000000000036,0.16000000000000028,0.40000000000000036
ecmwf_crudo,12,relative_humidity_2m,12.0,144.0,-12.0
ecmwf_crudo,12,cloud_cover,36.0,1296.0,-36.0
ecmwf_crudo,12,wind_speed_10m,12.7,161.29,-12.7
ecmwf_crudo,12,surface_pressure,1.6999999999999318,2.889999999999768,-1.6999999999999318
ecmwf_crudo,24,shortwave_radiation,22.0,484.0,22.0
ecmwf_crudo,24,temperature_2m,2.900000000000002,8.410000000000013,2.900000000000002
ecmwf_crudo,24,relative_humidity_2m,23.0,529.0,-23.0
ecmwf_crudo,24,cloud_cover,23.0,529.0,-23.0
ecmwf_crudo,24,wind_speed_10m,8.3,68.89000000000001,-8.3
ecmwf_crudo,24,surface_pressure,0.8999999999999773,0.8099999999999591,-0.8999999999999773
ecmwf_crudo,48,shortwave_radiation,19.0,361.0,-19.0
ecmwf_crudo,48,temperature_2m,2.299999999999999,5.289999999999995,2.299999999999999
ecmwf_crudo,48,relative_humidity_2m,19.0,361.0,-19.0
ecmwf_crudo,48,cloud_cover,2.0,4.0,2.0
ecmwf_crudo,48,wind_speed_10m,7.1000000000000005,50.41000000000001,-7.1000000000000005
ecmwf_crudo,48,surface_pressure,0.8999999999999773,0.8099999999999591,-0.8999999999999773
ecmwf_crudo,72,shortwave_radiation,1.0,1.0,-1.0
ecmwf_crudo,72,temperature_2m,2.0999999999999996,4.409999999999998,2.0999999999999996
ecmwf_crudo,72,relative_humidity_2m,20.0,400.0,-20.0
ecmwf_crudo,72,cloud_cover,1.0,1.0,1.0
ecmwf_crudo,72,wind_speed_10m,3.0999999999999996,9.609999999999998,-3.0999999999999996
ecmwf_crudo,72,surface_pressure,1.2000000000000455,1.4400000000001092,-1.2000000000000455
