baseline,horizon_h,variable,mae
persistence,1,temperature_2m,1.5
persistence,1,relative_humidity_2m,8.0
persistence,1,cloud_cover,9.0
persistence,1,wind_speed_100m,0.5
persistence,1,wind_speed_10m,1.4
persistence,1,surface_pressure,2.7000000000000455
persistence,1,precipitation,0.0
persistence,6,temperature_2m,1.6999999999999993
persistence,6,relative_humidity_2m,11.0
persistence,6,cloud_cover,0.0
persistence,6,wind_speed_100m,0.8999999999999999
persistence,6,wind_speed_10m,0.7
persistence,6,surface_pressure,3.0
persistence,6,precipitation,0.0
persistence,12,shortwave_radiation,453.0
persistence,12,direct_normal_irradiance,596.5
persistence,12,diffuse_radiation,47.0
persistence,12,temperature_2m,4.799999999999999
persistence,12,relative_humidity_2m,38.0
persistence,12,cloud_cover,0.0
persistence,12,wind_speed_100m,2.8999999999999995
persistence,12,wind_speed_10m,1.7000000000000002
persistence,12,surface_pressure,0.6000000000000227
persistence,12,precipitation,1.1
persistence,24,temperature_2m,1.5
persistence,24,relative_humidity_2m,2.0
persistence,24,cloud_cover,0.0
persistence,24,wind_speed_100m,0.8
persistence,24,wind_speed_10m,1.2999999999999998
persistence,24,surface_pressure,1.5
persistence,24,precipitation,0.0
climatology,1,temperature_2m,0.3000000000000007
climatology,1,relative_humidity_2m,1.8571428571428612
climatology,1,cloud_cover,3.0714285714285694
climatology,1,wind_speed_100m,1.0357142857142856
climatology,1,wind_speed_10m,0.42142857142857126
climatology,1,surface_pressure,1.3857142857143572
climatology,1,precipitation,0.2857142857142857
climatology,6,temperature_2m,0.25
climatology,6,relative_humidity_2m,3.785714285714292
climatology,6,cloud_cover,0.4285714285714306
climatology,6,wind_speed_100m,1.5214285714285714
climatology,6,wind_speed_10m,0.2785714285714286
climatology,6,surface_pressure,0.7571428571428669
climatology,6,precipitation,0.38571428571428573
climatology,12,shortwave_radiation,125.28571428571428
climatology,12,direct_normal_irradiance,205.25
climatology,12,diffuse_radiation,44.78571428571428
climatology,12,temperature_2m,1.7214285714285715
climatology,12,relative_humidity_2m,11.214285714285708
climatology,12,cloud_cover,0.2142857142857082
climatology,12,wind_speed_100m,2.164285714285712
climatology,12,wind_speed_10m,1.4571428571428564
climatology,12,surface_pressure,0.3785714285713766
climatology,12,precipitation,0.22142857142857153
climatology,24,temperature_2m,1.435714285714285
climatology,24,relative_humidity_2m,0.5
climatology,24,cloud_cover,5.142857142857139
climatology,24,wind_speed_100m,2.2642857142857147
climatology,24,wind_speed_10m,0.5857142857142854
climatology,24,surface_pressure,0.3714285714285097
climatology,24,precipitation,0.1142857142857143
arima,1,temperature_2m,0.2280327866973657
arima,1,relative_humidity_2m,1.2170030756609975
arima,1,cloud_cover,0.03108441868943146
arima,1,wind_speed_100m,1.863605562674389
arima,1,wind_speed_10m,0.9714408485281556
arima,1,surface_pressure,0.007435599941345572
arima,1,precipitation,0.3689432190686991
arima,6,temperature_2m,0.8913578941891149
arima,6,relative_humidity_2m,4.169461926966989
arima,6,cloud_cover,0.007251362874143297
arima,6,wind_speed_100m,0.794279898347152
arima,6,wind_speed_10m,0.18900832540828716
arima,6,surface_pressure,0.5554535315413887
arima,6,precipitation,0.7183559743650162
arima,12,shortwave_radiation,359.95706576583245
arima,12,direct_normal_irradiance,32.78271468064334
arima,12,diffuse_radiation,311.7357021395301
arima,12,temperature_2m,1.7075522260964817
arima,12,relative_humidity_2m,2.32118697330435
arima,12,cloud_cover,0.012931824338437536
arima,12,wind_speed_100m,6.3119728587556505
arima,12,wind_speed_10m,5.676136693562631
arima,12,surface_pressure,1.4000075102339906
arima,12,precipitation,0.535347190914447
arima,24,temperature_2m,0.7621998641186618
arima,24,relative_humidity_2m,3.734124214377516
arima,24,cloud_cover,0.01147482155721491
arima,24,wind_speed_100m,1.28792131734142
arima,24,wind_speed_10m,1.1765859373495156
arima,24,surface_pressure,1.499964143622492
arima,24,precipitation,0.7682401786897548
persistence,1,temperature_2m,0.8000000000000007
persistence,1,relative_humidity_2m,1.0
persistence,1,cloud_cover,0.0
persistence,1,wind_speed_100m,0.5
persistence,1,wind_speed_10m,0.3999999999999999
persistence,1,surface_pressure,0.39999999999997726
persistence,1,precipitation,0.1
persistence,6,shortwave_radiation,269.0
persistence,6,direct_normal_irradiance,247.2
persistence,6,diffuse_radiation,61.0
persistence,6,temperature_2m,2.200000000000001
persistence,6,relative_humidity_2m,10.0
persistence,6,cloud_cover,4.0
persistence,6,wind_speed_100m,2.0
persistence,6,wind_speed_10m,1.3000000000000007
persistence,6,surface_pressure,0.7000000000000455
persistence,6,precipitation,0.8
persistence,12,shortwave_radiation,61.0
persistence,12,direct_normal_irradiance,73.3
persistence,12,diffuse_radiation,28.0
persistence,12,temperature_2m,0.1999999999999993
persistence,12,relative_humidity_2m,2.0
persistence,12,cloud_cover,0.0
persistence,12,wind_speed_100m,2.0
persistence,12,wind_speed_10m,2.4000000000000004
persistence,12,surface_pressure,0.6999999999999318
persistence,12,precipitation,1.5
persistence,24,temperature_2m,1.0999999999999996
persistence,24,relative_humidity_2m,11.0
persistence,24,cloud_cover,0.0
persistence,24,wind_speed_100m,1.1
persistence,24,wind_speed_10m,1.0999999999999999
persistence,24,surface_pressure,1.2999999999999545
persistence,24,precipitation,0.1
climatology,1,temperature_2m,0.19285714285714484
climatology,1,relative_humidity_2m,3.642857142857139
climatology,1,cloud_cover,0.4285714285714306
climatology,1,wind_speed_100m,0.17857142857142883
climatology,1,wind_speed_10m,0.48571428571428554
climatology,1,surface_pressure,0.6499999999999773
climatology,1,precipitation,0.4285714285714286
climatology,6,shortwave_radiation,169.5
climatology,6,direct_normal_irradiance,71.92857142857142
climatology,6,diffuse_radiation,106.92857142857144
climatology,6,temperature_2m,0.7500000000000018
climatology,6,relative_humidity_2m,0.7142857142857082
climatology,6,cloud_cover,3.785714285714292
climatology,6,wind_speed_100m,0.2071428571428564
climatology,6,wind_speed_10m,0.2071428571428564
climatology,6,surface_pressure,1.0500000000000682
climatology,6,precipitation,0.5071428571428573
climatology,12,shortwave_radiation,67.35714285714286
climatology,12,direct_normal_irradiance,126.83571428571427
climatology,12,diffuse_radiation,11.428571428571416
climatology,12,temperature_2m,0.5285714285714285
climatology,12,relative_humidity_2m,3.0714285714285694
climatology,12,cloud_cover,3.785714285714292
climatology,12,wind_speed_100m,0.44285714285714217
climatology,12,wind_speed_10m,1.1357142857142861
climatology,12,surface_pressure,0.47142857142853245
climatology,12,precipitation,0.6357142857142857
climatology,24,temperature_2m,0.9857142857142858
climatology,24,relative_humidity_2m,8.42857142857143
climatology,24,cloud_cover,0.4285714285714306
climatology,24,wind_speed_100m,0.9928571428571429
climatology,24,wind_speed_10m,1.2928571428571427
climatology,24,surface_pressure,0.685714285714198
climatology,24,precipitation,0.39285714285714285
persistence,1,shortwave_radiation,55.0
persistence,1,direct_normal_irradiance,65.29999999999998
persistence,1,diffuse_radiation,6.0
persistence,1,temperature_2m,1.200000000000001
persistence,1,relative_humidity_2m,5.0
persistence,1,cloud_cover,1.0
persistence,1,wind_speed_100m,1.7000000000000002
persistence,1,wind_speed_10m,0.7999999999999998
persistence,1,surface_pressure,0.10000000000002274
persistence,1,precipitation,5.3999999999999995
persistence,6,shortwave_radiation,80.0
persistence,6,direct_normal_irradiance,148.1
persistence,6,diffuse_radiation,13.0
persistence,6,temperature_2m,1.3000000000000007
persistence,6,relative_humidity_2m,4.0
persistence,6,cloud_cover,0.0
persistence,6,wind_speed_100m,1.3000000000000007
persistence,6,wind_speed_10m,0.0
persistence,6,surface_pressure,0.39999999999997726
persistence,6,precipitation,0.9
persistence,12,temperature_2m,1.5
persistence,12,relative_humidity_2m,4.0
persistence,12,cloud_cover,0.0
persistence,12,wind_speed_100m,1.9000000000000001
persistence,12,wind_speed_10m,1.3
persistence,12,surface_pressure,1.6000000000000227
persistence,12,precipitation,0.0
persistence,24,shortwave_radiation,1.0
persistence,24,direct_normal_irradiance,133.2
persistence,24,diffuse_radiation,114.0
persistence,24,temperature_2m,0.6999999999999993
persistence,24,relative_humidity_2m,15.0
persistence,24,cloud_cover,0.0
persistence,24,wind_speed_100m,1.7999999999999998
persistence,24,wind_speed_10m,1.4000000000000004
persistence,24,surface_pressure,0.10000000000002274
persistence,24,precipitation,0.2
climatology,1,shortwave_radiation,18.928571428571445
climatology,1,direct_normal_irradiance,76.69285714285718
climatology,1,diffuse_radiation,50.0
climatology,1,temperature_2m,0.40714285714285836
climatology,1,relative_humidity_2m,3.0
climatology,1,cloud_cover,1.2857142857142918
climatology,1,wind_speed_100m,3.1428571428571432
climatology,1,wind_speed_10m,2.4142857142857146
climatology,1,surface_pressure,0.3642857142857565
climatology,1,precipitation,1.65
climatology,6,shortwave_radiation,15.928571428571416
climatology,6,direct_normal_irradiance,30.207142857142856
climatology,6,diffuse_radiation,1.0
climatology,6,temperature_2m,0.814285714285715
climatology,6,relative_humidity_2m,1.1428571428571388
climatology,6,cloud_cover,2.357142857142861
climatology,6,wind_speed_100m,1.8071428571428587
climatology,6,wind_speed_10m,1.1214285714285719
climatology,6,surface_pressure,0.7785714285714675
climatology,6,precipitation,0.3428571428571431
climatology,12,temperature_2m,0.257142857142858
climatology,12,relative_humidity_2m,5.357142857142861
climatology,12,cloud_cover,5.142857142857139
climatology,12,wind_speed_100m,1.8285714285714285
climatology,12,wind_speed_10m,1.15
climatology,12,surface_pressure,0.6785714285715585
climatology,12,precipitation,0.09285714285714286
climatology,24,shortwave_radiation,215.5
climatology,24,direct_normal_irradiance,347.6714285714285
climatology,24,diffuse_radiation,80.0
climatology,24,temperature_2m,2.492857142857142
climatology,24,relative_humidity_2m,19.57142857142857
climatology,24,cloud_cover,0.4285714285714306
climatology,24,wind_speed_100m,0.3214285714285712
climatology,24,wind_speed_10m,8.881784197001252e-16
climatology,24,surface_pressure,0.8785714285713766
climatology,24,precipitation,1.4928571428571429
persistence,1,shortwave_radiation,33.0
persistence,1,direct_normal_irradiance,105.6
persistence,1,diffuse_radiation,10.0
persistence,1,temperature_2m,0.7999999999999989
persistence,1,relative_humidity_2m,0.0
persistence,1,cloud_cover,0.0
persistence,1,wind_speed_100m,2.2
persistence,1,wind_speed_10m,1.0
persistence,1,surface_pressure,1.0
persistence,1,precipitation,0.0
persistence,6,temperature_2m,1.200000000000001
persistence,6,relative_humidity_2m,5.0
persistence,6,cloud_cover,0.0
persistence,6,wind_speed_100m,2.4000000000000004
persistence,6,wind_speed_10m,1.2
persistence,6,surface_pressure,2.0
persistence,6,precipitation,0.0
persistence,12,temperature_2m,1.0999999999999996
persistence,12,relative_humidity_2m,1.0
persistence,12,cloud_cover,5.0
persistence,12,wind_speed_100m,1.9000000000000001
persistence,12,wind_speed_10m,0.6
persistence,12,surface_pressure,0.3000000000000682
persistence,12,precipitation,0.0
persistence,24,shortwave_radiation,16.0
persistence,24,direct_normal_irradiance,2.7000000000000455
persistence,24,diffuse_radiation,15.0
persistence,24,temperature_2m,1.4000000000000004
persistence,24,relative_humidity_2m,14.0
persistence,24,cloud_cover,0.0
persistence,24,wind_speed_100m,2.0
persistence,24,wind_speed_10m,1.7000000000000002
persistence,24,surface_pressure,0.2999999999999545
persistence,24,precipitation,2.4
climatology,1,shortwave_radiation,24.285714285714292
climatology,1,direct_normal_irradiance,31.142857142857153
climatology,1,diffuse_radiation,16.857142857142854
climatology,1,temperature_2m,1.0285714285714285
climatology,1,relative_humidity_2m,1.0
climatology,1,cloud_cover,0.1428571428571388
climatology,1,wind_speed_100m,0.6642857142857146
climatology,1,wind_speed_10m,0.1499999999999999
climatology,1,surface_pressure,0.40714285714295784
climatology,1,precipitation,0.3571428571428571
climatology,6,temperature_2m,0.9071428571428584
climatology,6,relative_humidity_2m,0.2142857142857082
climatology,6,cloud_cover,5.142857142857139
climatology,6,wind_speed_100m,0.6642857142857146
climatology,6,wind_speed_10m,0.07857142857142874
climatology,6,surface_pressure,1.3285714285711947
climatology,6,precipitation,0.05
climatology,12,temperature_2m,0.4714285714285733
climatology,12,relative_humidity_2m,3.142857142857139
climatology,12,cloud_cover,6.428571428571431
climatology,12,wind_speed_100m,1.4285714285714288
climatology,12,wind_speed_10m,0.014285714285714124
climatology,12,surface_pressure,0.9714285714286461
climatology,12,precipitation,0.3071428571428571
climatology,24,shortwave_radiation,86.0
climatology,24,direct_normal_irradiance,137.37142857142854
climatology,24,diffuse_radiation,22.428571428571416
climatology,24,temperature_2m,0.13571428571428612
climatology,24,relative_humidity_2m,6.928571428571431
climatology,24,cloud_cover,1.0
climatology,24,wind_speed_100m,1.0928571428571434
climatology,24,wind_speed_10m,1.0214285714285714
climatology,24,surface_pressure,0.41428571428571104
climatology,24,precipitation,1.3
arima,1,shortwave_radiation,181.2926994859829
arima,1,direct_normal_irradiance,123.52840938896084
arima,1,diffuse_radiation,90.71600754200796
arima,1,temperature_2m,1.1556423086317231
arima,1,relative_humidity_2m,9.896986560704761
arima,1,cloud_cover,0.07245103453418267
arima,1,wind_speed_100m,2.0875126553814356
arima,1,wind_speed_10m,2.2845116443633495
arima,1,surface_pressure,0.5808480671306597
arima,1,precipitation,0.683648447998609
arima,6,temperature_2m,6.09899414759661
arima,6,relative_humidity_2m,7.75588257616279
arima,6,cloud_cover,0.051458886925459524
arima,6,wind_speed_100m,1.318548660737389
arima,6,wind_speed_10m,3.631558795114389
arima,6,surface_pressure,3.7742529338826216
arima,6,precipitation,0.735466087607953
arima,12,temperature_2m,4.408501452473381
arima,12,relative_humidity_2m,0.1944573072872373
arima,12,cloud_cover,6.952897659461897
arima,12,wind_speed_100m,0.7677083346134177
arima,12,wind_speed_10m,4.02096207950414
arima,12,surface_pressure,1.8025270993404092
arima,12,precipitation,0.7513865268898222
arima,24,shortwave_radiation,13.350544869885937
arima,24,direct_normal_irradiance,177.6436594292602
arima,24,diffuse_radiation,17.690510008367028
arima,24,temperature_2m,1.4171775484012716
arima,24,relative_humidity_2m,6.5590806768590255
arima,24,cloud_cover,0.04735388917821126
arima,24,wind_speed_100m,0.23360442538517034
arima,24,wind_speed_10m,1.520359230181235
arima,24,surface_pressure,0.3051434606232988
arima,24,precipitation,1.747637184888319
persistence,1,temperature_2m,1.5
persistence,1,relative_humidity_2m,1.0
persistence,1,cloud_cover,2.0
persistence,1,wind_speed_100m,0.0
persistence,1,wind_speed_10m,0.4
persistence,1,surface_pressure,1.3000000000000682
persistence,1,precipitation,0.0
persistence,6,temperature_2m,1.5999999999999996
persistence,6,relative_humidity_2m,8.0
persistence,6,cloud_cover,7.0
persistence,6,wind_speed_100m,3.0
persistence,6,wind_speed_10m,0.30000000000000004
persistence,6,surface_pressure,1.1999999999999318
persistence,6,precipitation,0.0
persistence,12,shortwave_radiation,295.0
persistence,12,direct_normal_irradiance,431.40000000000003
persistence,12,diffuse_radiation,69.0
persistence,12,temperature_2m,2.1000000000000014
persistence,12,relative_humidity_2m,21.0
persistence,12,cloud_cover,48.0
persistence,12,wind_speed_100m,2.5999999999999996
persistence,12,wind_speed_10m,2.0
persistence,12,surface_pressure,1.2999999999999545
persistence,12,precipitation,0.09999999999999998
persistence,24,temperature_2m,0.8000000000000007
persistence,24,relative_humidity_2m,2.0
persistence,24,cloud_cover,0.0
persistence,24,wind_speed_100m,2.8999999999999995
persistence,24,wind_speed_10m,2.1
persistence,24,surface_pressure,1.0
persistence,24,precipitation,0.0
climatology,1,temperature_2m,0.6928571428571413
climatology,1,relative_humidity_2m,1.9285714285714306
climatology,1,cloud_cover,3.214285714285708
climatology,1,wind_speed_100m,1.3214285714285712
climatology,1,wind_speed_10m,0.4
climatology,1,surface_pressure,0.057142857143048786
climatology,1,precipitation,0.15714285714285717
climatology,6,temperature_2m,1.1999999999999975
climatology,6,relative_humidity_2m,5.5
climatology,6,cloud_cover,1.0714285714285694
climatology,6,wind_speed_100m,1.5714285714285714
climatology,6,wind_speed_10m,0.17857142857142871
climatology,6,surface_pressure,0.3857142857142435
climatology,6,precipitation,0.2857142857142857
climatology,12,shortwave_radiation,32.571428571428555
climatology,12,direct_normal_irradiance,25.6142857142857
climatology,12,diffuse_radiation,13.642857142857139
climatology,12,temperature_2m,0.5285714285714302
climatology,12,relative_humidity_2m,7.785714285714292
climatology,12,cloud_cover,3.857142857142861
climatology,12,wind_speed_100m,0.628571428571429
climatology,12,wind_speed_10m,0.5357142857142856
climatology,12,surface_pressure,0.6428571428572241
climatology,12,precipitation,1.3857142857142855
climatology,24,temperature_2m,0.0785714285714274
climatology,24,relative_humidity_2m,1.7142857142857082
climatology,24,cloud_cover,5.142857142857139
climatology,24,wind_speed_100m,2.678571428571428
climatology,24,wind_speed_10m,1.292857142857143
climatology,24,surface_pressure,0.9428571428570649
climatology,24,precipitation,0.03571428571428571
persistence,1,temperature_2m,0.7999999999999989
persistence,1,relative_humidity_2m,8.0
persistence,1,cloud_cover,2.0
persistence,1,wind_speed_100m,2.6999999999999997
persistence,1,wind_speed_10m,1.8
persistence,1,surface_pressure,1.1000000000000227
persistence,1,precipitation,0.1
persistence,6,shortwave_radiation,270.0
persistence,6,direct_normal_irradiance,354.7
persistence,6,diffuse_radiation,31.0
persistence,6,temperature_2m,2.3000000000000007
persistence,6,relative_humidity_2m,11.0
persistence,6,cloud_cover,5.0
persistence,6,wind_speed_100m,0.9000000000000004
persistence,6,wind_speed_10m,0.2999999999999998
persistence,6,surface_pressure,0.6999999999999318
persistence,6,precipitation,0.09999999999999998
persistence,12,shortwave_radiation,142.0
persistence,12,direct_normal_irradiance,291.79999999999995
persistence,12,diffuse_radiation,9.0
persistence,12,temperature_2m,0.5999999999999996
persistence,12,relative_humidity_2m,5.0
persistence,12,cloud_cover,0.0
persistence,12,wind_speed_100m,2.4
persistence,12,wind_speed_10m,2.1999999999999997
persistence,12,surface_pressure,0.0
persistence,12,precipitation,1.3
persistence,24,temperature_2m,0.0
persistence,24,relative_humidity_2m,2.0
persistence,24,cloud_cover,1.0
persistence,24,wind_speed_100m,4.1
persistence,24,wind_speed_10m,0.9000000000000001
persistence,24,surface_pressure,0.09999999999990905
persistence,24,precipitation,0.1
climatology,1,temperature_2m,0.05000000000000249
climatology,1,relative_humidity_2m,2.642857142857139
climatology,1,cloud_cover,1.0714285714285694
climatology,1,wind_speed_100m,2.55
climatology,1,wind_speed_10m,1.0857142857142859
climatology,1,surface_pressure,0.7428571428570194
climatology,1,precipitation,0.5071428571428571
climatology,6,shortwave_radiation,244.92857142857144
climatology,6,direct_normal_irradiance,329.20714285714286
climatology,6,diffuse_radiation,36.85714285714286
climatology,6,temperature_2m,1.8285714285714274
climatology,6,relative_humidity_2m,4.071428571428569
climatology,6,cloud_cover,1.1428571428571388
climatology,6,wind_speed_100m,1.507142857142858
climatology,6,wind_speed_10m,0.8357142857142854
climatology,6,surface_pressure,0.09999999999990905
climatology,6,precipitation,1.1357142857142857
climatology,12,shortwave_radiation,111.5
climatology,12,direct_normal_irradiance,247.43571428571425
climatology,12,diffuse_radiation,2.0714285714285836
climatology,12,temperature_2m,0.5857142857142854
climatology,12,relative_humidity_2m,4.142857142857139
climatology,12,cloud_cover,0.0
climatology,12,wind_speed_100m,2.478571428571429
climatology,12,wind_speed_10m,2.2571428571428567
climatology,12,surface_pressure,0.2571428571428669
climatology,12,precipitation,1.807142857142857
climatology,24,temperature_2m,0.39285714285714235
climatology,24,relative_humidity_2m,0.5714285714285694
climatology,24,cloud_cover,1.1428571428571388
climatology,24,wind_speed_100m,3.4642857142857144
climatology,24,wind_speed_10m,0.33571428571428585
climatology,24,surface_pressure,0.7142857142856656
climatology,24,precipitation,0.2857142857142857
persistence,1,shortwave_radiation,401.0
persistence,1,direct_normal_irradiance,549.6
persistence,1,diffuse_radiation,114.0
persistence,1,temperature_2m,2.9000000000000004
persistence,1,relative_humidity_2m,13.0
persistence,1,cloud_cover,2.0
persistence,1,wind_speed_100m,1.8999999999999995
persistence,1,wind_speed_10m,1.4000000000000004
persistence,1,surface_pressure,1.5
persistence,1,precipitation,0.8
persistence,6,shortwave_radiation,124.0
persistence,6,direct_normal_irradiance,283.29999999999995
persistence,6,diffuse_radiation,5.0
persistence,6,temperature_2m,1.6999999999999993
persistence,6,relative_humidity_2m,2.0
persistence,6,cloud_cover,0.0
persistence,6,wind_speed_100m,2.9999999999999996
persistence,6,wind_speed_10m,1.6999999999999997
persistence,6,surface_pressure,1.0
persistence,6,precipitation,0.10000000000000009
persistence,12,temperature_2m,0.5999999999999996
persistence,12,relative_humidity_2m,3.0
persistence,12,cloud_cover,1.0
persistence,12,wind_speed_100m,0.20000000000000018
persistence,12,wind_speed_10m,0.0
persistence,12,surface_pressure,0.6000000000000227
persistence,12,precipitation,0.1
persistence,24,shortwave_radiation,372.0
persistence,24,direct_normal_irradiance,420.79999999999995
persistence,24,diffuse_radiation,14.0
persistence,24,temperature_2m,4.0
persistence,24,relative_humidity_2m,27.0
persistence,24,cloud_cover,0.0
persistence,24,wind_speed_100m,0.3000000000000007
persistence,24,wind_speed_10m,1.2999999999999998
persistence,24,surface_pressure,1.6000000000000227
persistence,24,precipitation,5.199999999999999
climatology,1,shortwave_radiation,147.8571428571429
climatology,1,direct_normal_irradiance,172.48571428571432
climatology,1,diffuse_radiation,11.071428571428555
climatology,1,temperature_2m,1.4785714285714295
climatology,1,relative_humidity_2m,12.214285714285708
climatology,1,cloud_cover,4.142857142857139
climatology,1,wind_speed_100m,1.6928571428571413
climatology,1,wind_speed_10m,0.9071428571428575
climatology,1,surface_pressure,1.814285714285802
climatology,1,precipitation,1.0214285714285714
climatology,6,shortwave_radiation,24.85714285714286
climatology,6,direct_normal_irradiance,62.17142857142858
climatology,6,diffuse_radiation,2.5714285714285836
climatology,6,temperature_2m,1.1428571428571441
climatology,6,relative_humidity_2m,6.071428571428569
climatology,6,cloud_cover,0.0
climatology,6,wind_speed_100m,0.6142857142857139
climatology,6,wind_speed_10m,0.4500000000000002
climatology,6,surface_pressure,1.2928571428570876
climatology,6,precipitation,1.5071428571428571
climatology,12,temperature_2m,0.09285714285714342
climatology,12,relative_humidity_2m,4.714285714285708
climatology,12,cloud_cover,4.714285714285708
climatology,12,wind_speed_100m,0.22142857142857153
climatology,12,wind_speed_10m,0.2714285714285716
climatology,12,surface_pressure,1.0785714285715358
climatology,12,precipitation,0.07142857142857142
climatology,24,shortwave_radiation,254.07142857142856
climatology,24,direct_normal_irradiance,297.5142857142857
climatology,24,diffuse_radiation,1.9285714285714164
climatology,24,temperature_2m,1.8357142857142854
climatology,24,relative_humidity_2m,11.857142857142861
climatology,24,cloud_cover,4.071428571428569
climatology,24,wind_speed_100m,2.307142857142857
climatology,24,wind_speed_10m,2.3928571428571432
climatology,24,surface_pressure,0.3000000000000682
climatology,24,precipitation,1.214285714285714
arima,1,shortwave_radiation,25.773754073553164
arima,1,direct_normal_irradiance,53.07838193382861
arima,1,diffuse_radiation,47.05492061075984
arima,1,temperature_2m,1.018177806269854
arima,1,relative_humidity_2m,3.100732887136701
arima,1,cloud_cover,2.2450171996979407e-06
arima,1,wind_speed_100m,1.1821205048484966
arima,1,wind_speed_10m,0.719509950905735
arima,1,surface_pressure,0.3080033772242814
arima,1,precipitation,1.157661721097726
arima,6,shortwave_radiation,0.03301178728676746
arima,6,direct_normal_irradiance,68.688681058024
arima,6,diffuse_radiation,49.672193508730516
arima,6,temperature_2m,0.6096645489003727
arima,6,relative_humidity_2m,0.5963657703273526
arima,6,cloud_cover,1.3996744883115753e-06
arima,6,wind_speed_100m,0.6045954361887267
arima,6,wind_speed_10m,1.995751286741413
arima,6,surface_pressure,1.0529115448103994
arima,6,precipitation,1.9258022271511992
arima,12,temperature_2m,1.317783626996384
arima,12,relative_humidity_2m,4.7418111104250045
arima,12,cloud_cover,1.3414380646281643e-06
arima,12,wind_speed_100m,4.193431201241642
arima,12,wind_speed_10m,4.654203532004459
arima,12,surface_pressure,1.1881033161107553
arima,12,precipitation,0.6293707032492472
arima,24,shortwave_radiation,374.77015478120524
arima,24,direct_normal_irradiance,535.4107891994969
arima,24,diffuse_radiation,20.924971823930747
arima,24,temperature_2m,4.582033277884351
arima,24,relative_humidity_2m,24.846714843399994
arima,24,cloud_cover,1.3432524070822183e-06
arima,24,wind_speed_100m,1.8062706394378472
arima,24,wind_speed_10m,1.7478305087301322
arima,24,surface_pressure,2.843165059730836
arima,24,precipitation,0.3096921568783717
persistence,1,shortwave_radiation,16.0
persistence,1,direct_normal_irradiance,9.1
persistence,1,diffuse_radiation,14.0
persistence,1,temperature_2m,0.1999999999999993
persistence,1,relative_humidity_2m,1.0
persistence,1,cloud_cover,0.0
persistence,1,wind_speed_100m,1.8
persistence,1,wind_speed_10m,0.7
persistence,1,surface_pressure,0.39999999999997726
persistence,1,precipitation,0.09999999999999998
persistence,6,temperature_2m,0.5
persistence,6,relative_humidity_2m,1.0
persistence,6,cloud_cover,0.0
persistence,6,wind_speed_100m,1.0
persistence,6,wind_speed_10m,0.5999999999999999
persistence,6,surface_pressure,0.1999999999999318
persistence,6,precipitation,0.1
persistence,12,temperature_2m,1.1999999999999993
persistence,12,relative_humidity_2m,4.0
persistence,12,cloud_cover,0.0
persistence,12,wind_speed_100m,0.20000000000000018
persistence,12,wind_speed_10m,0.0
persistence,12,surface_pressure,1.1000000000000227
persistence,12,precipitation,0.0
persistence,24,shortwave_radiation,25.0
persistence,24,direct_normal_irradiance,67.6
persistence,24,diffuse_radiation,56.0
persistence,24,temperature_2m,0.5
persistence,24,relative_humidity_2m,3.0
persistence,24,cloud_cover,0.0
persistence,24,wind_speed_100m,1.0
persistence,24,wind_speed_10m,0.20000000000000018
persistence,24,surface_pressure,0.39999999999997726
persistence,24,precipitation,3.0
climatology,1,shortwave_radiation,15.642857142857139
climatology,1,direct_normal_irradiance,41.385714285714286
climatology,1,diffuse_radiation,6.714285714285715
climatology,1,temperature_2m,0.11428571428571388
climatology,1,relative_humidity_2m,0.7857142857142918
climatology,1,cloud_cover,0.0
climatology,1,wind_speed_100m,2.8285714285714274
climatology,1,wind_speed_10m,1.5857142857142856
climatology,1,surface_pressure,1.3214285714284415
climatology,1,precipitation,0.5142857142857142
climatology,6,temperature_2m,0.3357142857142854
climatology,6,relative_humidity_2m,3.142857142857139
climatology,6,cloud_cover,4.714285714285708
climatology,6,wind_speed_100m,0.7142857142857144
climatology,6,wind_speed_10m,0.31428571428571406
climatology,6,surface_pressure,1.192857142857065
climatology,6,precipitation,0.03571428571428571
climatology,12,temperature_2m,0.6428571428571441
climatology,12,relative_humidity_2m,4.571428571428569
climatology,12,cloud_cover,0.7142857142857082
climatology,12,wind_speed_100m,0.07142857142857117
climatology,12,wind_speed_10m,0.257142857142857
climatology,12,surface_pressure,1.3928571428571104
climatology,12,precipitation,0.2857142857142857
climatology,24,shortwave_radiation,20.5
climatology,24,direct_normal_irradiance,4.121428571428567
climatology,24,diffuse_radiation,23.14285714285714
climatology,24,temperature_2m,0.6285714285714281
climatology,24,relative_humidity_2m,0.7142857142857082
climatology,24,cloud_cover,0.0
climatology,24,wind_speed_100m,0.9857142857142849
climatology,24,wind_speed_10m,0.25
climatology,24,surface_pressure,1.542857142856974
climatology,24,precipitation,1.0142857142857142
persistence,1,temperature_2m,1.0
persistence,1,relative_humidity_2m,7.0
persistence,1,cloud_cover,20.0
persistence,1,wind_speed_100m,0.6999999999999997
persistence,1,wind_speed_10m,0.5000000000000001
persistence,1,surface_pressure,0.39999999999997726
persistence,1,precipitation,0.0
persistence,6,temperature_2m,1.700000000000001
persistence,6,relative_humidity_2m,8.0
persistence,6,cloud_cover,2.0
persistence,6,wind_speed_100m,0.40000000000000013
persistence,6,wind_speed_10m,1.2000000000000002
persistence,6,surface_pressure,0.8000000000000682
persistence,6,precipitation,0.0
persistence,12,shortwave_radiation,84.0
persistence,12,direct_normal_irradiance,119.20000000000005
persistence,12,diffuse_radiation,17.0
persistence,12,temperature_2m,1.3999999999999986
persistence,12,relative_humidity_2m,12.0
persistence,12,cloud_cover,24.0
persistence,12,wind_speed_100m,4.999999999999999
persistence,12,wind_speed_10m,3.3999999999999995
persistence,12,surface_pressure,0.7999999999999545
persistence,12,precipitation,4.2
persistence,24,temperature_2m,0.9000000000000004
persistence,24,relative_humidity_2m,3.0
persistence,24,cloud_cover,1.0
persistence,24,wind_speed_100m,1.5
persistence,24,wind_speed_10m,0.4999999999999998
persistence,24,surface_pressure,1.1000000000000227
persistence,24,precipitation,0.0
climatology,1,temperature_2m,0.9428571428571431
climatology,1,relative_humidity_2m,3.0714285714285694
climatology,1,cloud_cover,19.14285714285714
climatology,1,wind_speed_100m,0.5642857142857145
climatology,1,wind_speed_10m,0.7357142857142859
climatology,1,surface_pressure,1.3428571428572695
climatology,1,precipitation,0.0
climatology,6,temperature_2m,2.2357142857142858
climatology,6,relative_humidity_2m,4.214285714285708
climatology,6,cloud_cover,1.2857142857142918
climatology,6,wind_speed_100m,0.4642857142857142
climatology,6,wind_speed_10m,0.9642857142857145
climatology,6,surface_pressure,2.0214285714287143
climatology,6,precipitation,0.13571428571428573
climatology,12,shortwave_radiation,3.7857142857143344
climatology,12,direct_normal_irradiance,64.11428571428581
climatology,12,diffuse_radiation,47.428571428571445
climatology,12,temperature_2m,0.4214285714285708
climatology,12,relative_humidity_2m,11.642857142857139
climatology,12,cloud_cover,5.357142857142861
climatology,12,wind_speed_100m,1.5357142857142856
climatology,12,wind_speed_10m,0.8214285714285712
climatology,12,surface_pressure,0.6857142857143117
climatology,12,precipitation,1.821428571428571
climatology,24,temperature_2m,1.207142857142859
climatology,24,relative_humidity_2m,1.1428571428571388
climatology,24,cloud_cover,2.785714285714292
climatology,24,wind_speed_100m,1.7071428571428577
climatology,24,wind_speed_10m,0.8714285714285712
climatology,24,surface_pressure,1.7714285714286007
climatology,24,precipitation,0.0071428571428571435
persistence,1,temperature_2m,0.5
persistence,1,relative_humidity_2m,9.0
persistence,1,cloud_cover,11.0
persistence,1,wind_speed_100m,0.7000000000000002
persistence,1,wind_speed_10m,0.30000000000000004
persistence,1,surface_pressure,0.0
persistence,1,precipitation,0.0
persistence,6,shortwave_radiation,78.0
persistence,6,direct_normal_irradiance,100.09999999999997
persistence,6,diffuse_radiation,7.0
persistence,6,temperature_2m,0.1999999999999993
persistence,6,relative_humidity_2m,11.0
persistence,6,cloud_cover,10.0
persistence,6,wind_speed_100m,2.9000000000000004
persistence,6,wind_speed_10m,2.2
persistence,6,surface_pressure,0.10000000000002274
persistence,6,precipitation,0.4
persistence,12,shortwave_radiation,130.0
persistence,12,direct_normal_irradiance,102.6
persistence,12,diffuse_radiation,83.0
persistence,12,temperature_2m,1.0999999999999996
persistence,12,relative_humidity_2m,0.0
persistence,12,cloud_cover,4.0
persistence,12,wind_speed_100m,2.7
persistence,12,wind_speed_10m,3.0
persistence,12,surface_pressure,0.10000000000002274
persistence,12,precipitation,0.30000000000000004
persistence,24,temperature_2m,2.4000000000000004
persistence,24,relative_humidity_2m,5.0
persistence,24,cloud_cover,2.0
persistence,24,wind_speed_100m,0.30000000000000004
persistence,24,wind_speed_10m,0.7999999999999999
persistence,24,surface_pressure,2.0
persistence,24,precipitation,0.0
climatology,1,temperature_2m,1.1071428571428577
climatology,1,relative_humidity_2m,7.428571428571431
climatology,1,cloud_cover,11.285714285714292
climatology,1,wind_speed_100m,0.44285714285714306
climatology,1,wind_speed_10m,0.6785714285714286
climatology,1,surface_pressure,1.5285714285714675
climatology,1,precipitation,0.35000000000000003
climatology,6,shortwave_radiation,95.92857142857144
climatology,6,direct_normal_irradiance,180.96428571428567
climatology,6,diffuse_radiation,54.71428571428572
climatology,6,temperature_2m,0.5285714285714285
climatology,6,relative_humidity_2m,0.2857142857142918
climatology,6,cloud_cover,14.5
climatology,6,wind_speed_100m,4.25
climatology,6,wind_speed_10m,2.8928571428571432
climatology,6,surface_pressure,0.5071428571428669
climatology,6,precipitation,1.25
climatology,12,shortwave_radiation,126.64285714285714
climatology,12,direct_normal_irradiance,143.9928571428571
climatology,12,diffuse_radiation,61.428571428571416
climatology,12,temperature_2m,0.7357142857142858
climatology,12,relative_humidity_2m,0.2142857142857082
climatology,12,cloud_cover,0.6428571428571388
climatology,12,wind_speed_100m,1.4857142857142858
climatology,12,wind_speed_10m,1.8499999999999996
climatology,12,surface_pressure,0.6785714285713311
climatology,12,precipitation,0.11428571428571432
climatology,24,temperature_2m,1.2285714285714295
climatology,24,relative_humidity_2m,10.07142857142857
climatology,24,cloud_cover,1.0
climatology,24,wind_speed_100m,0.8714285714285717
climatology,24,wind_speed_10m,0.5071428571428571
climatology,24,surface_pressure,0.5928571428571558
climatology,24,precipitation,0.021428571428571432
arima,1,temperature_2m,0.05588976579756988
arima,1,relative_humidity_2m,1.6997417055536488
arima,1,cloud_cover,9.069762091554935
arima,1,wind_speed_100m,0.8552088542025025
arima,1,wind_speed_10m,0.5614290761966465
arima,1,surface_pressure,0.0415016936954089
arima,1,precipitation,0.35123188103217906
arima,6,shortwave_radiation,143.71628157176906
arima,6,direct_normal_irradiance,143.77983585197967
arima,6,diffuse_radiation,233.19409820316983
arima,6,temperature_2m,6.9398411289382995
arima,6,relative_humidity_2m,8.441460419680624
arima,6,cloud_cover,16.877980945615093
arima,6,wind_speed_100m,0.6585479906815501
arima,6,wind_speed_10m,1.7152664312097703
arima,6,surface_pressure,3.498531168092768
arima,6,precipitation,0.21023201948401748
arima,12,shortwave_radiation,173.66138639614167
arima,12,direct_normal_irradiance,111.63738664684865
arima,12,diffuse_radiation,87.43115900887162
arima,12,temperature_2m,4.641281999086104
arima,12,relative_humidity_2m,0.07384271465932102
arima,12,cloud_cover,4.198447595539491
arima,12,wind_speed_100m,2.1598653453406995
arima,12,wind_speed_10m,1.415815618184498
arima,12,surface_pressure,2.091442899731419
arima,12,precipitation,0.932993779970473
arima,24,temperature_2m,2.341278199167027
arima,24,relative_humidity_2m,9.184781454388215
arima,24,cloud_cover,5.199993948584279
arima,24,wind_speed_100m,0.3401285526179758
arima,24,wind_speed_10m,0.38446725781579805
arima,24,surface_pressure,1.982780874822879
arima,24,precipitation,0.7727494797522947
persistence,1,shortwave_radiation,112.0
persistence,1,direct_normal_irradiance,244.8
persistence,1,diffuse_radiation,119.0
persistence,1,temperature_2m,0.10000000000000142
persistence,1,relative_humidity_2m,5.0
persistence,1,cloud_cover,1.0
persistence,1,wind_speed_100m,3.4
persistence,1,wind_speed_10m,2.1000000000000005
persistence,1,surface_pressure,0.20000000000004547
persistence,1,precipitation,0.49999999999999994
persistence,6,shortwave_radiation,71.0
persistence,6,direct_normal_irradiance,104.6
persistence,6,diffuse_radiation,23.0
persistence,6,temperature_2m,0.09999999999999964
persistence,6,relative_humidity_2m,1.0
persistence,6,cloud_cover,17.0
persistence,6,wind_speed_100m,3.0
persistence,6,wind_speed_10m,0.40000000000000013
persistence,6,surface_pressure,0.2999999999999545
persistence,6,precipitation,1.5999999999999999
persistence,12,temperature_2m,1.3999999999999986
persistence,12,relative_humidity_2m,1.0
persistence,12,cloud_cover,2.0
persistence,12,wind_speed_100m,1.7000000000000002
persistence,12,wind_speed_10m,0.3999999999999999
persistence,12,surface_pressure,1.8000000000000682
persistence,12,precipitation,0.0
persistence,24,shortwave_radiation,12.0
persistence,24,direct_normal_irradiance,99.60000000000001
persistence,24,diffuse_radiation,73.0
persistence,24,temperature_2m,0.20000000000000107
persistence,24,relative_humidity_2m,2.0
persistence,24,cloud_cover,14.0
persistence,24,wind_speed_100m,0.6000000000000001
persistence,24,wind_speed_10m,0.7000000000000002
persistence,24,surface_pressure,0.7000000000000455
persistence,24,precipitation,0.3
climatology,1,shortwave_radiation,33.5
climatology,1,direct_normal_irradiance,130.73571428571427
climatology,1,diffuse_radiation,86.42857142857144
climatology,1,temperature_2m,0.17142857142857437
climatology,1,relative_humidity_2m,4.214285714285708
climatology,1,cloud_cover,1.6428571428571388
climatology,1,wind_speed_100m,5.0
climatology,1,wind_speed_10m,3.514285714285715
climatology,1,surface_pressure,0.6428571428572241
climatology,1,precipitation,2.142857142857143
climatology,6,shortwave_radiation,48.571428571428584
climatology,6,direct_normal_irradiance,31.214285714285722
climatology,6,diffuse_radiation,35.0
climatology,6,temperature_2m,0.7928571428571445
climatology,6,relative_humidity_2m,0.7142857142857082
climatology,6,cloud_cover,17.57142857142857
climatology,6,wind_speed_100m,4.514285714285715
climatology,6,wind_speed_10m,2.2142857142857153
climatology,6,surface_pressure,0.9071428571428442
climatology,6,precipitation,1.4071428571428568
climatology,12,temperature_2m,0.03571428571428292
climatology,12,relative_humidity_2m,6.928571428571431
climatology,12,cloud_cover,2.9285714285714306
climatology,12,wind_speed_100m,0.6357142857142857
climatology,12,wind_speed_10m,0.3285714285714285
climatology,12,surface_pressure,1.5
climatology,12,precipitation,0.0071428571428571435
climatology,24,shortwave_radiation,126.5
climatology,24,direct_normal_irradiance,313.4428571428571
climatology,24,diffuse_radiation,137.35714285714283
climatology,24,temperature_2m,0.32857142857143096
climatology,24,relative_humidity_2m,1.4285714285714306
climatology,24,cloud_cover,10.07142857142857
climatology,24,wind_speed_100m,2.3642857142857148
climatology,24,wind_speed_10m,2.5857142857142854
climatology,24,surface_pressure,1.2000000000000455
climatology,24,precipitation,0.5499999999999999
persistence,1,shortwave_radiation,5.0
persistence,1,direct_normal_irradiance,36.30000000000001
persistence,1,diffuse_radiation,3.0
persistence,1,temperature_2m,0.5
persistence,1,relative_humidity_2m,17.0
persistence,1,cloud_cover,3.0
persistence,1,wind_speed_100m,0.7999999999999998
persistence,1,wind_speed_10m,1.4000000000000001
persistence,1,surface_pressure,0.10000000000002274
persistence,1,precipitation,1.6
persistence,6,temperature_2m,1.0
persistence,6,relative_humidity_2m,9.0
persistence,6,cloud_cover,2.0
persistence,6,wind_speed_100m,0.9999999999999998
persistence,6,wind_speed_10m,0.5
persistence,6,surface_pressure,0.39999999999997726
persistence,6,precipitation,0.0
persistence,12,temperature_2m,1.5
persistence,12,relative_humidity_2m,0.0
persistence,12,cloud_cover,46.0
persistence,12,wind_speed_100m,0.20000000000000018
persistence,12,wind_speed_10m,0.0
persistence,12,surface_pressure,1.3999999999999773
persistence,12,precipitation,0.0
persistence,24,shortwave_radiation,192.0
persistence,24,direct_normal_irradiance,272.1
persistence,24,diffuse_radiation,67.0
persistence,24,temperature_2m,1.1000000000000014
persistence,24,relative_humidity_2m,7.0
persistence,24,cloud_cover,6.0
persistence,24,wind_speed_100m,0.3999999999999999
persistence,24,wind_speed_10m,0.3999999999999999
persistence,24,surface_pressure,0.10000000000002274
persistence,24,precipitation,0.0
climatology,1,shortwave_radiation,40.5
climatology,1,direct_normal_irradiance,117.4142857142857
climatology,1,diffuse_radiation,14.5
climatology,1,temperature_2m,0.9285714285714306
climatology,1,relative_humidity_2m,16.785714285714292
climatology,1,cloud_cover,1.6428571428571388
climatology,1,wind_speed_100m,0.43571428571428594
climatology,1,wind_speed_10m,2.000000000000001
climatology,1,surface_pressure,1.1071428571428896
climatology,1,precipitation,0.6142857142857144
climatology,6,temperature_2m,0.9071428571428601
climatology,6,relative_humidity_2m,15.92857142857143
climatology,6,cloud_cover,0.4285714285714306
climatology,6,wind_speed_100m,1.4357142857142853
climatology,6,wind_speed_10m,0.15000000000000013
climatology,6,surface_pressure,1.057142857142935
climatology,6,precipitation,0.0071428571428571435
climatology,12,temperature_2m,0.6785714285714288
climatology,12,relative_humidity_2m,7.142857142857139
climatology,12,cloud_cover,52.42857142857143
climatology,12,wind_speed_100m,0.2714285714285718
climatology,12,wind_speed_10m,0.6785714285714286
climatology,12,surface_pressure,2.26428571428562
climatology,12,precipitation,0.014285714285714287
climatology,24,shortwave_radiation,69.21428571428572
climatology,24,direct_normal_irradiance,138.67857142857144
climatology,24,diffuse_radiation,4.928571428571416
climatology,24,temperature_2m,1.8214285714285747
climatology,24,relative_humidity_2m,8.0
climatology,24,cloud_cover,19.14285714285714
climatology,24,wind_speed_100m,1.278571428571428
climatology,24,wind_speed_10m,0.8857142857142861
climatology,24,surface_pressure,0.9642857142857792
climatology,24,precipitation,1.4571428571428573
persistence,1,temperature_2m,0.5
persistence,1,relative_humidity_2m,3.0
persistence,1,cloud_cover,0.0
persistence,1,wind_speed_100m,1.0
persistence,1,wind_speed_10m,0.5000000000000001
persistence,1,surface_pressure,0.5
persistence,1,precipitation,0.0
persistence,6,temperature_2m,0.0
persistence,6,relative_humidity_2m,1.0
persistence,6,cloud_cover,53.0
persistence,6,wind_speed_100m,0.20000000000000018
persistence,6,wind_speed_10m,0.30000000000000004
persistence,6,surface_pressure,0.7999999999999545
persistence,6,precipitation,0.0
persistence,12,shortwave_radiation,59.0
persistence,12,direct_normal_irradiance,219.89999999999998
persistence,12,diffuse_radiation,129.0
persistence,12,temperature_2m,1.7999999999999972
persistence,12,relative_humidity_2m,28.0
persistence,12,cloud_cover,13.0
persistence,12,wind_speed_100m,3.3999999999999995
persistence,12,wind_speed_10m,1.6
persistence,12,surface_pressure,0.10000000000002274
persistence,12,precipitation,0.1
persistence,24,temperature_2m,0.1999999999999993
persistence,24,relative_humidity_2m,0.0
persistence,24,cloud_cover,8.0
persistence,24,wind_speed_100m,4.699999999999999
persistence,24,wind_speed_10m,1.8
persistence,24,surface_pressure,0.8000000000000682
persistence,24,precipitation,0.0
climatology,1,temperature_2m,0.24285714285714377
climatology,1,relative_humidity_2m,7.928571428571431
climatology,1,cloud_cover,1.7857142857142918
climatology,1,wind_speed_100m,1.0428571428571431
climatology,1,wind_speed_10m,0.24285714285714288
climatology,1,surface_pressure,1.1857142857143117
climatology,1,precipitation,0.0071428571428571435
climatology,6,temperature_2m,0.6071428571428577
climatology,6,relative_humidity_2m,5.071428571428569
climatology,6,cloud_cover,4.428571428571431
climatology,6,wind_speed_100m,0.13571428571428568
climatology,6,wind_speed_10m,0.3214285714285714
climatology,6,surface_pressure,1.1857142857143117
climatology,6,precipitation,0.014285714285714287
climatology,12,shortwave_radiation,104.28571428571433
climatology,12,direct_normal_irradiance,92.97857142857134
climatology,12,diffuse_radiation,19.357142857142833
climatology,12,temperature_2m,1.1357142857142861
climatology,12,relative_humidity_2m,2.357142857142861
climatology,12,cloud_cover,9.142857142857139
climatology,12,wind_speed_100m,2.507142857142857
climatology,12,wind_speed_10m,1.4571428571428569
climatology,12,surface_pressure,0.2999999999999545
climatology,12,precipitation,0.8928571428571428
climatology,24,temperature_2m,0.0
climatology,24,relative_humidity_2m,6.714285714285708
climatology,24,cloud_cover,7.571428571428569
climatology,24,wind_speed_100m,1.5499999999999994
climatology,24,wind_speed_10m,0.6642857142857141
climatology,24,surface_pressure,0.29285714285697395
climatology,24,precipitation,0.0071428571428571435
arima,1,temperature_2m,0.23354358005960663
arima,1,relative_humidity_2m,1.9250945722670423
arima,1,cloud_cover,2.314441810180213
arima,1,wind_speed_100m,3.67585225810295
arima,1,wind_speed_10m,1.1482723461099305
arima,1,surface_pressure,0.19778037907951784
arima,1,precipitation,0.44153801917702135
arima,6,temperature_2m,1.1924409234730255
arima,6,relative_humidity_2m,0.4310940933277436
arima,6,cloud_cover,6.030438797976075
arima,6,wind_speed_100m,2.2958828020140163
arima,6,wind_speed_10m,0.6416236544481069
arima,6,surface_pressure,0.9097805095126432
arima,6,precipitation,0.6496612380004231
arima,12,shortwave_radiation,760.5193881811899
arima,12,direct_normal_irradiance,542.5330365735654
arima,12,diffuse_radiation,289.66625347034056
arima,12,temperature_2m,6.293007478050239
arima,12,relative_humidity_2m,10.209379655363705
arima,12,cloud_cover,5.2750984751071
arima,12,wind_speed_100m,0.4728259819581204
arima,12,wind_speed_10m,1.5645930848767846
arima,12,surface_pressure,4.206366546616891
arima,12,precipitation,0.4566071767022128
arima,24,temperature_2m,0.19226251306958098
arima,24,relative_humidity_2m,0.9006538926089434
arima,24,cloud_cover,0.7172377888797854
arima,24,wind_speed_100m,2.5319579075800527
arima,24,wind_speed_10m,1.2353375788503433
arima,24,surface_pressure,0.8127448890753612
arima,24,precipitation,0.6626396002861881
persistence,1,temperature_2m,1.0999999999999996
persistence,1,relative_humidity_2m,4.0
persistence,1,cloud_cover,19.0
persistence,1,wind_speed_100m,3.0999999999999996
persistence,1,wind_speed_10m,2.2
persistence,1,surface_pressure,0.3000000000000682
persistence,1,precipitation,0.0
persistence,6,shortwave_radiation,28.0
persistence,6,direct_normal_irradiance,13.600000000000023
persistence,6,diffuse_radiation,17.0
persistence,6,temperature_2m,0.8000000000000007
persistence,6,relative_humidity_2m,6.0
persistence,6,cloud_cover,1.0
persistence,6,wind_speed_100m,3.5
persistence,6,wind_speed_10m,2.6
persistence,6,surface_pressure,0.5
persistence,6,precipitation,0.3
persistence,12,shortwave_radiation,44.0
persistence,12,direct_normal_irradiance,69.60000000000001
persistence,12,diffuse_radiation,12.0
persistence,12,temperature_2m,0.6999999999999993
persistence,12,relative_humidity_2m,6.0
persistence,12,cloud_cover,0.0
persistence,12,wind_speed_100m,4.6
persistence,12,wind_speed_10m,2.1
persistence,12,surface_pressure,0.1999999999999318
persistence,12,precipitation,3.3
persistence,24,temperature_2m,1.8000000000000007
persistence,24,relative_humidity_2m,12.0
persistence,24,cloud_cover,5.0
persistence,24,wind_speed_100m,1.7999999999999998
persistence,24,wind_speed_10m,0.8999999999999999
persistence,24,surface_pressure,1.7000000000000455
persistence,24,precipitation,3.6
climatology,1,temperature_2m,1.1285714285714281
climatology,1,relative_humidity_2m,3.214285714285708
climatology,1,cloud_cover,7.0
climatology,1,wind_speed_100m,1.6142857142857143
climatology,1,wind_speed_10m,0.7571428571428573
climatology,1,surface_pressure,1.1857142857143117
climatology,1,precipitation,0.07142857142857142
climatology,6,shortwave_radiation,67.71428571428567
climatology,6,direct_normal_irradiance,63.349999999999966
climatology,6,diffuse_radiation,8.0
climatology,6,temperature_2m,0.20714285714285907
climatology,6,relative_humidity_2m,4.428571428571431
climatology,6,cloud_cover,8.0
climatology,6,wind_speed_100m,1.1642857142857146
climatology,6,wind_speed_10m,1.25
climatology,6,surface_pressure,0.2999999999999545
climatology,6,precipitation,0.4571428571428571
climatology,12,shortwave_radiation,12.285714285714278
climatology,12,direct_normal_irradiance,5.771428571428572
climatology,12,diffuse_radiation,14.357142857142861
climatology,12,temperature_2m,0.47142857142856975
climatology,12,relative_humidity_2m,1.2857142857142918
climatology,12,cloud_cover,4.428571428571431
climatology,12,wind_speed_100m,2.7928571428571436
climatology,12,wind_speed_10m,1.5785714285714287
climatology,12,surface_pressure,0.34285714285715585
climatology,12,precipitation,2.55
climatology,24,temperature_2m,0.8357142857142872
climatology,24,relative_humidity_2m,9.857142857142861
climatology,24,cloud_cover,5.857142857142861
climatology,24,wind_speed_100m,0.28571428571428514
climatology,24,wind_speed_10m,0.7285714285714285
climatology,24,surface_pressure,0.7714285714286007
climatology,24,precipitation,3.592857142857143
persistence,1,shortwave_radiation,187.0
persistence,1,direct_normal_irradiance,223.19999999999993
persistence,1,diffuse_radiation,25.0
persistence,1,temperature_2m,1.8000000000000007
persistence,1,relative_humidity_2m,9.0
persistence,1,cloud_cover,2.0
persistence,1,wind_speed_100m,3.4000000000000004
persistence,1,wind_speed_10m,2.0999999999999996
persistence,1,surface_pressure,1.2999999999999545
persistence,1,precipitation,6.4
persistence,6,shortwave_radiation,54.0
persistence,6,direct_normal_irradiance,104.29999999999998
persistence,6,diffuse_radiation,6.0
persistence,6,temperature_2m,0.3000000000000007
persistence,6,relative_humidity_2m,8.0
persistence,6,cloud_cover,0.0
persistence,6,wind_speed_100m,1.7999999999999998
persistence,6,wind_speed_10m,0.5
persistence,6,surface_pressure,0.599999999999909
persistence,6,precipitation,3.5
persistence,12,temperature_2m,0.40000000000000036
persistence,12,relative_humidity_2m,1.0
persistence,12,cloud_cover,0.0
persistence,12,wind_speed_100m,0.6000000000000001
persistence,12,wind_speed_10m,0.09999999999999998
persistence,12,surface_pressure,0.5
persistence,12,precipitation,0.2
persistence,24,shortwave_radiation,147.0
persistence,24,direct_normal_irradiance,205.39999999999998
persistence,24,diffuse_radiation,30.0
persistence,24,temperature_2m,2.1999999999999993
persistence,24,relative_humidity_2m,0.0
persistence,24,cloud_cover,0.0
persistence,24,wind_speed_100m,0.7000000000000011
persistence,24,wind_speed_10m,1.0999999999999996
persistence,24,surface_pressure,1.2999999999999545
persistence,24,precipitation,1.6
climatology,1,shortwave_radiation,83.5
climatology,1,direct_normal_irradiance,89.12142857142857
climatology,1,diffuse_radiation,3.571428571428555
climatology,1,temperature_2m,2.0071428571428562
climatology,1,relative_humidity_2m,13.785714285714292
climatology,1,cloud_cover,5.142857142857139
climatology,1,wind_speed_100m,1.7500000000000009
climatology,1,wind_speed_10m,0.8642857142857148
climatology,1,surface_pressure,0.8999999999999773
climatology,1,precipitation,5.6
climatology,6,shortwave_radiation,65.5
climatology,6,direct_normal_irradiance,99.49285714285716
climatology,6,diffuse_radiation,19.214285714285722
climatology,6,temperature_2m,0.7214285714285715
climatology,6,relative_humidity_2m,6.857142857142861
climatology,6,cloud_cover,4.428571428571431
climatology,6,wind_speed_100m,0.7714285714285722
climatology,6,wind_speed_10m,0.971428571428572
climatology,6,surface_pressure,0.7999999999998408
climatology,6,precipitation,1.1642857142857146
climatology,12,temperature_2m,0.47857142857142954
climatology,12,relative_humidity_2m,5.642857142857139
climatology,12,cloud_cover,1.0
climatology,12,wind_speed_100m,0.6428571428571428
climatology,12,wind_speed_10m,0.46428571428571463
climatology,12,surface_pressure,0.5214285714286007
climatology,12,precipitation,0.021428571428571432
climatology,24,shortwave_radiation,166.6428571428571
climatology,24,direct_normal_irradiance,307.9428571428571
climatology,24,diffuse_radiation,94.5
climatology,24,temperature_2m,2.4571428571428555
climatology,24,relative_humidity_2m,6.142857142857139
climatology,24,cloud_cover,11.214285714285708
climatology,24,wind_speed_100m,2.3428571428571416
climatology,24,wind_speed_10m,1.7642857142857142
climatology,24,surface_pressure,1.5928571428570422
climatology,24,precipitation,1.0214285714285714
persistence,1,temperature_2m,0.6000000000000014
persistence,1,relative_humidity_2m,3.0
persistence,1,cloud_cover,0.0
persistence,1,wind_speed_100m,3.7
persistence,1,wind_speed_10m,2.0
persistence,1,surface_pressure,0.1999999999999318
persistence,1,precipitation,0.4
persistence,6,temperature_2m,0.29999999999999893
persistence,6,relative_humidity_2m,6.0
persistence,6,cloud_cover,0.0
persistence,6,wind_speed_100m,0.30000000000000027
persistence,6,wind_speed_10m,0.0
persistence,6,surface_pressure,0.39999999999997726
persistence,6,precipitation,0.7
persistence,12,temperature_2m,0.09999999999999964
persistence,12,relative_humidity_2m,3.0
persistence,12,cloud_cover,0.0
persistence,12,wind_speed_100m,0.2999999999999998
persistence,12,wind_speed_10m,0.8
persistence,12,surface_pressure,0.20000000000004547
persistence,12,precipitation,1.4
persistence,24,shortwave_radiation,28.0
persistence,24,direct_normal_irradiance,6.5
persistence,24,diffuse_radiation,25.0
persistence,24,temperature_2m,1.3000000000000007
persistence,24,relative_humidity_2m,3.0
persistence,24,cloud_cover,0.0
persistence,24,wind_speed_100m,4.3999999999999995
persistence,24,wind_speed_10m,3.6
persistence,24,surface_pressure,0.6999999999999318
persistence,24,precipitation,2.6
climatology,1,temperature_2m,1.7763568394002505e-15
climatology,1,relative_humidity_2m,2.714285714285708
climatology,1,cloud_cover,1.6428571428571388
climatology,1,wind_speed_100m,2.121428571428571
climatology,1,wind_speed_10m,0.7928571428571427
climatology,1,surface_pressure,0.7642857142856201
climatology,1,precipitation,0.8214285714285715
climatology,6,temperature_2m,0.07857142857142918
climatology,6,relative_humidity_2m,0.4285714285714306
climatology,6,cloud_cover,1.0
climatology,6,wind_speed_100m,0.9000000000000004
climatology,6,wind_speed_10m,0.4357142857142855
climatology,6,surface_pressure,0.08571428571417528
climatology,6,precipitation,0.6785714285714285
climatology,12,temperature_2m,0.5285714285714302
climatology,12,relative_humidity_2m,5.785714285714292
climatology,12,cloud_cover,5.214285714285708
climatology,12,wind_speed_100m,0.607142857142857
climatology,12,wind_speed_10m,0.7357142857142858
climatology,12,surface_pressure,0.3500000000001364
climatology,12,precipitation,1.1357142857142857
climatology,24,shortwave_radiation,44.428571428571416
climatology,24,direct_normal_irradiance,47.842857142857156
climatology,24,diffuse_radiation,22.14285714285714
climatology,24,temperature_2m,0.75
climatology,24,relative_humidity_2m,3.5
climatology,24,cloud_cover,4.428571428571431
climatology,24,wind_speed_100m,4.142857142857142
climatology,24,wind_speed_10m,3.114285714285714
climatology,24,surface_pressure,0.04285714285708764
climatology,24,precipitation,1.6571428571428573
arima,1,temperature_2m,0.07373590933297258
arima,1,relative_humidity_2m,1.8189434945188054
arima,1,cloud_cover,1.58114549886065
arima,1,wind_speed_100m,3.7163985574593354
arima,1,wind_speed_10m,3.259506192135963
arima,1,surface_pressure,0.04543664091727351
arima,1,precipitation,0.5928372642040451
arima,6,temperature_2m,0.32217654904624915
arima,6,relative_humidity_2m,1.849505704023926
arima,6,cloud_cover,4.155742514438458
arima,6,wind_speed_100m,2.085572367857951
arima,6,wind_speed_10m,4.20209887388617
arima,6,surface_pressure,0.19581904040524023
arima,6,precipitation,0.01968686860668245
arima,12,temperature_2m,0.7677935046102196
arima,12,relative_humidity_2m,5.906725152415689
arima,12,cloud_cover,4.228284627128218
arima,12,wind_speed_100m,1.5486551136663453
arima,12,wind_speed_10m,3.4070289697884784
arima,12,surface_pressure,1.7107563566315775
arima,12,precipitation,0.680236272928395
arima,24,shortwave_radiation,69.54145309064404
arima,24,direct_normal_irradiance,45.664447950758415
arima,24,diffuse_radiation,12.658640478453435
arima,24,temperature_2m,2.2331780821193803
arima,24,relative_humidity_2m,3.1106295447558523
arima,24,cloud_cover,4.229371496675938
arima,24,wind_speed_100m,3.7112647566136485
arima,24,wind_speed_10m,4.812625326593932
arima,24,surface_pressure,1.1071006689807064
arima,24,precipitation,2.3829249056738946
persistence,1,temperature_2m,0.6000000000000014
persistence,1,relative_humidity_2m,5.0
persistence,1,cloud_cover,0.0
persistence,1,wind_speed_100m,4.4
persistence,1,wind_speed_10m,0.6000000000000001
persistence,1,surface_pressure,2.0
persistence,1,precipitation,1.4
persistence,6,temperature_2m,1.3000000000000007
persistence,6,relative_humidity_2m,2.0
persistence,6,cloud_cover,2.0
persistence,6,wind_speed_100m,0.20000000000000018
persistence,6,wind_speed_10m,1.4999999999999998
persistence,6,surface_pressure,1.8000000000000682
persistence,6,precipitation,1.4
persistence,12,shortwave_radiation,535.0
persistence,12,direct_normal_irradiance,636.8
persistence,12,diffuse_radiation,17.0
persistence,12,temperature_2m,4.700000000000001
persistence,12,relative_humidity_2m,33.0
persistence,12,cloud_cover,37.0
persistence,12,wind_speed_100m,3.8000000000000007
persistence,12,wind_speed_10m,1.1
persistence,12,surface_pressure,2.2000000000000455
persistence,12,precipitation,1.4
persistence,24,temperature_2m,0.3000000000000007
persistence,24,relative_humidity_2m,1.0
persistence,24,cloud_cover,23.0
persistence,24,wind_speed_100m,0.5
persistence,24,wind_speed_10m,0.20000000000000018
persistence,24,surface_pressure,0.20000000000004547
persistence,24,precipitation,0.0
climatology,1,temperature_2m,0.2142857142857153
climatology,1,relative_humidity_2m,2.142857142857139
climatology,1,cloud_cover,1.7857142857142918
climatology,1,wind_speed_100m,1.9357142857142862
climatology,1,wind_speed_10m,0.44999999999999996
climatology,1,surface_pressure,1.7785714285715812
climatology,1,precipitation,0.11428571428571428
climatology,6,temperature_2m,0.7142857142857135
climatology,6,relative_humidity_2m,4.0
climatology,6,cloud_cover,3.214285714285708
climatology,6,wind_speed_100m,0.27142857142857135
climatology,6,wind_speed_10m,2.157142857142857
climatology,6,surface_pressure,1.357142857142776
climatology,6,precipitation,0.36428571428571427
climatology,12,shortwave_radiation,157.42857142857144
climatology,12,direct_normal_irradiance,264.8285714285715
climatology,12,diffuse_radiation,76.64285714285717
climatology,12,temperature_2m,3.1214285714285737
climatology,12,relative_humidity_2m,27.5
climatology,12,cloud_cover,29.214285714285708
climatology,12,wind_speed_100m,1.4500000000000002
climatology,12,wind_speed_10m,1.3000000000000012
climatology,12,surface_pressure,0.7571428571428669
climatology,12,precipitation,1.1857142857142855
climatology,24,temperature_2m,0.10000000000000142
climatology,24,relative_humidity_2m,5.357142857142861
climatology,24,cloud_cover,22.0
climatology,24,wind_speed_100m,0.1642857142857146
climatology,24,wind_speed_10m,1.685714285714286
climatology,24,surface_pressure,1.207142857142685
climatology,24,precipitation,0.07142857142857142
persistence,1,temperature_2m,0.5
persistence,1,relative_humidity_2m,10.0
persistence,1,cloud_cover,5.0
persistence,1,wind_speed_100m,0.8999999999999999
persistence,1,wind_speed_10m,1.4000000000000001
persistence,1,surface_pressure,0.40000000000009095
persistence,1,precipitation,0.0
persistence,6,shortwave_radiation,105.0
persistence,6,direct_normal_irradiance,154.60000000000002
persistence,6,diffuse_radiation,30.0
persistence,6,temperature_2m,0.1999999999999993
persistence,6,relative_humidity_2m,5.0
persistence,6,cloud_cover,37.0
persistence,6,wind_speed_100m,0.10000000000000053
persistence,6,wind_speed_10m,0.6000000000000001
persistence,6,surface_pressure,0.2999999999999545
persistence,6,precipitation,0.2
persistence,12,shortwave_radiation,129.0
persistence,12,direct_normal_irradiance,250.00000000000003
persistence,12,diffuse_radiation,14.0
persistence,12,temperature_2m,0.20000000000000107
persistence,12,relative_humidity_2m,7.0
persistence,12,cloud_cover,0.0
persistence,12,wind_speed_100m,1.2999999999999998
persistence,12,wind_speed_10m,0.5
persistence,12,surface_pressure,0.6000000000000227
persistence,12,precipitation,0.8
persistence,24,temperature_2m,1.6999999999999993
persistence,24,relative_humidity_2m,8.0
persistence,24,cloud_cover,4.0
persistence,24,wind_speed_100m,3.0999999999999996
persistence,24,wind_speed_10m,0.7000000000000001
persistence,24,surface_pressure,1.8999999999999773
persistence,24,precipitation,0.0
climatology,1,temperature_2m,0.257142857142858
climatology,1,relative_humidity_2m,5.285714285714292
climatology,1,cloud_cover,1.6428571428571388
climatology,1,wind_speed_100m,0.17142857142857082
climatology,1,wind_speed_10m,0.392857142857143
climatology,1,surface_pressure,1.4499999999999318
climatology,1,precipitation,0.2642857142857143
climatology,6,shortwave_radiation,263.57142857142856
climatology,6,direct_normal_irradiance,421.9285714285715
climatology,6,diffuse_radiation,106.71428571428572
climatology,6,temperature_2m,3.192857142857143
climatology,6,relative_humidity_2m,20.5
climatology,6,cloud_cover,10.07142857142857
climatology,6,wind_speed_100m,1.3928571428571423
climatology,6,wind_speed_10m,0.6785714285714288
climatology,6,surface_pressure,0.4857142857143799
climatology,6,precipitation,0.9714285714285713
climatology,12,shortwave_radiation,58.71428571428572
climatology,12,direct_normal_irradiance,110.99285714285716
climatology,12,diffuse_radiation,7.785714285714278
climatology,12,temperature_2m,0.5571428571428552
climatology,12,relative_humidity_2m,2.4285714285714306
climatology,12,cloud_cover,4.428571428571431
climatology,12,wind_speed_100m,0.9642857142857144
climatology,12,wind_speed_10m,1.15
climatology,12,surface_pressure,0.22857142857139934
climatology,12,precipitation,1.2000000000000002
climatology,24,temperature_2m,1.5785714285714256
climatology,24,relative_humidity_2m,3.5
climatology,24,cloud_cover,1.2857142857142918
climatology,24,wind_speed_100m,1.9142857142857141
climatology,24,wind_speed_10m,0.028571428571428692
climatology,24,surface_pressure,2.9785714285713993
climatology,24,precipitation,0.35714285714285715
persistence,1,shortwave_radiation,72.0
persistence,1,direct_normal_irradiance,149.30000000000007
persistence,1,diffuse_radiation,72.0
persistence,1,temperature_2m,0.1999999999999993
persistence,1,relative_humidity_2m,3.0
persistence,1,cloud_cover,25.0
persistence,1,wind_speed_100m,0.39999999999999947
persistence,1,wind_speed_10m,0.2999999999999998
persistence,1,surface_pressure,0.6000000000000227
persistence,1,precipitation,0.4
persistence,6,shortwave_radiation,168.0
persistence,6,direct_normal_irradiance,350.2
persistence,6,diffuse_radiation,7.0
persistence,6,temperature_2m,1.0
persistence,6,relative_humidity_2m,6.0
persistence,6,cloud_cover,0.0
persistence,6,wind_speed_100m,4.299999999999999
persistence,6,wind_speed_10m,2.2
persistence,6,surface_pressure,0.10000000000002274
persistence,6,precipitation,0.8
persistence,12,temperature_2m,0.3000000000000007
persistence,12,relative_humidity_2m,1.0
persistence,12,cloud_cover,0.0
persistence,12,wind_speed_100m,1.3000000000000007
persistence,12,wind_speed_10m,0.7000000000000002
persistence,12,surface_pressure,0.20000000000004547
persistence,12,precipitation,0.0
persistence,24,shortwave_radiation,164.0
persistence,24,direct_normal_irradiance,264.4
persistence,24,diffuse_radiation,67.0
persistence,24,temperature_2m,1.5999999999999979
persistence,24,relative_humidity_2m,15.0
persistence,24,cloud_cover,2.0
persistence,24,wind_speed_100m,1.0
persistence,24,wind_speed_10m,0.9000000000000004
persistence,24,surface_pressure,0.599999999999909
persistence,24,precipitation,0.3
climatology,1,shortwave_radiation,295.21428571428567
climatology,1,direct_normal_irradiance,374.10000000000014
climatology,1,diffuse_radiation,67.21428571428572
climatology,1,temperature_2m,3.1642857142857146
climatology,1,relative_humidity_2m,13.857142857142861
climatology,1,cloud_cover,22.0
climatology,1,wind_speed_100m,1.8571428571428568
climatology,1,wind_speed_10m,1.9214285714285708
climatology,1,surface_pressure,0.09285714285704216
climatology,1,precipitation,0.7642857142857143
climatology,6,shortwave_radiation,112.64285714285714
climatology,6,direct_normal_irradiance,243.9214285714286
climatology,6,diffuse_radiation,0.4285714285714164
climatology,6,temperature_2m,1.4214285714285708
climatology,6,relative_humidity_2m,3.214285714285708
climatology,6,cloud_cover,4.428571428571431
climatology,6,wind_speed_100m,5.314285714285714
climatology,6,wind_speed_10m,3.2928571428571427
climatology,6,surface_pressure,0.3000000000000682
climatology,6,precipitation,0.20714285714285707
climatology,12,temperature_2m,0.22142857142856975
climatology,12,relative_humidity_2m,2.5
climatology,12,cloud_cover,2.5714285714285694
climatology,12,wind_speed_100m,2.2142857142857144
climatology,12,wind_speed_10m,1.3428571428571432
climatology,12,surface_pressure,1.1642857142855974
climatology,12,precipitation,0.06428571428571428
climatology,24,shortwave_radiation,277.5
climatology,24,direct_normal_irradiance,472.2142857142857
climatology,24,diffuse_radiation,137.5
climatology,24,temperature_2m,3.385714285714286
climatology,24,relative_humidity_2m,21.07142857142857
climatology,24,cloud_cover,10.214285714285708
climatology,24,wind_speed_100m,1.7142857142857135
climatology,24,wind_speed_10m,0.8714285714285719
climatology,24,surface_pressure,0.5499999999998408
climatology,24,precipitation,0.49999999999999994
arima,1,shortwave_radiation,100.31777488784712
arima,1,direct_normal_irradiance,190.25174244312086
arima,1,diffuse_radiation,21.588198510552473
arima,1,temperature_2m,0.47135052884086903
arima,1,relative_humidity_2m,4.123717197893924
arima,1,cloud_cover,23.96208223570727
arima,1,wind_speed_100m,3.407469243980799
arima,1,wind_speed_10m,2.9771238972555123
arima,1,surface_pressure,0.32007685497217153
arima,1,precipitation,0.41178900752759356
arima,6,shortwave_radiation,483.3077224302791
arima,6,direct_normal_irradiance,81.71181571704255
arima,6,diffuse_radiation,120.79706482988558
arima,6,temperature_2m,0.5853770165559986
arima,6,relative_humidity_2m,1.9062531162191334
arima,6,cloud_cover,7.422595448447055
arima,6,wind_speed_100m,5.108372434726871
arima,6,wind_speed_10m,3.36726293657319
arima,6,surface_pressure,0.8765363226469844
arima,6,precipitation,0.5108962814520117
arima,12,temperature_2m,2.2423345633222134
arima,12,relative_humidity_2m,7.2491205960104566
arima,12,cloud_cover,7.648656289549351
arima,12,wind_speed_100m,0.813597712432025
arima,12,wind_speed_10m,0.28342815050839754
arima,12,surface_pressure,4.398977550565405
arima,12,precipitation,0.48937273937051107
arima,24,shortwave_radiation,112.2511054759035
arima,24,direct_normal_irradiance,728.4622601283446
arima,24,diffuse_radiation,120.71423737695454
arima,24,temperature_2m,2.8107692627846284
arima,24,relative_humidity_2m,24.950872325190943
arima,24,cloud_cover,7.658407159101259
arima,24,wind_speed_100m,0.18634711706480545
arima,24,wind_speed_10m,0.6264984978439134
arima,24,surface_pressure,0.6020688831919188
arima,24,precipitation,0.1893945361752074
persistence,1,shortwave_radiation,7.0
persistence,1,direct_normal_irradiance,68.7
persistence,1,diffuse_radiation,8.0
persistence,1,temperature_2m,0.40000000000000036
persistence,1,relative_humidity_2m,3.0
persistence,1,cloud_cover,0.0
persistence,1,wind_speed_100m,1.5999999999999996
persistence,1,wind_speed_10m,0.5
persistence,1,surface_pressure,0.20000000000004547
persistence,1,precipitation,0.0
persistence,6,temperature_2m,0.09999999999999964
persistence,6,relative_humidity_2m,12.0
persistence,6,cloud_cover,0.0
persistence,6,wind_speed_100m,0.20000000000000018
persistence,6,wind_speed_10m,0.10000000000000009
persistence,6,surface_pressure,0.1999999999999318
persistence,6,precipitation,0.0
persistence,12,temperature_2m,0.0
persistence,12,relative_humidity_2m,2.0
persistence,12,cloud_cover,4.0
persistence,12,wind_speed_100m,3.6
persistence,12,wind_speed_10m,0.7999999999999998
persistence,12,surface_pressure,0.10000000000002274
persistence,12,precipitation,0.0
persistence,24,shortwave_radiation,38.0
persistence,24,direct_normal_irradiance,47.79999999999998
persistence,24,diffuse_radiation,16.0
persistence,24,temperature_2m,1.0999999999999996
persistence,24,relative_humidity_2m,2.0
persistence,24,cloud_cover,0.0
persistence,24,wind_speed_100m,0.6000000000000005
persistence,24,wind_speed_10m,1.3000000000000003
persistence,24,surface_pressure,0.3000000000000682
persistence,24,precipitation,1.5
climatology,1,shortwave_radiation,15.214285714285708
climatology,1,direct_normal_irradiance,80.96428571428574
climatology,1,diffuse_radiation,2.642857142857146
climatology,1,temperature_2m,1.1785714285714288
climatology,1,relative_humidity_2m,2.214285714285708
climatology,1,cloud_cover,1.7142857142857082
climatology,1,wind_speed_100m,1.007142857142858
climatology,1,wind_speed_10m,1.4857142857142858
climatology,1,surface_pressure,0.7357142857143799
climatology,1,precipitation,0.3714285714285715
climatology,6,temperature_2m,0.14285714285714057
climatology,6,relative_humidity_2m,9.857142857142861
climatology,6,cloud_cover,2.5714285714285694
climatology,6,wind_speed_100m,1.8785714285714281
climatology,6,wind_speed_10m,1.342857142857143
climatology,6,surface_pressure,1.26428571428562
climatology,6,precipitation,0.06428571428571428
climatology,12,temperature_2m,2.2214285714285733
climatology,12,relative_humidity_2m,6.5
climatology,12,cloud_cover,5.857142857142861
climatology,12,wind_speed_100m,1.0928571428571425
climatology,12,wind_speed_10m,1.507142857142857
climatology,12,surface_pressure,3.0857142857140616
climatology,12,precipitation,0.35714285714285715
climatology,24,shortwave_radiation,58.35714285714286
climatology,24,direct_normal_irradiance,49.44999999999996
climatology,24,diffuse_radiation,35.64285714285714
climatology,24,temperature_2m,1.5500000000000007
climatology,24,relative_humidity_2m,0.8571428571428612
climatology,24,cloud_cover,4.428571428571431
climatology,24,wind_speed_100m,1.4500000000000002
climatology,24,wind_speed_10m,1.2357142857142862
climatology,24,surface_pressure,0.7428571428571331
climatology,24,precipitation,0.8214285714285714
persistence,1,temperature_2m,0.0
persistence,1,relative_humidity_2m,13.0
persistence,1,cloud_cover,2.0
persistence,1,wind_speed_100m,1.5
persistence,1,wind_speed_10m,0.6000000000000001
persistence,1,surface_pressure,1.3999999999999773
persistence,1,precipitation,0.0
persistence,6,temperature_2m,0.3000000000000007
persistence,6,relative_humidity_2m,2.0
persistence,6,cloud_cover,0.0
persistence,6,wind_speed_100m,5.9
persistence,6,wind_speed_10m,7.1
persistence,6,surface_pressure,1.400000000000091
persistence,6,precipitation,0.0
persistence,12,shortwave_radiation,48.0
persistence,12,direct_normal_irradiance,96.20000000000005
persistence,12,diffuse_radiation,37.0
persistence,12,temperature_2m,0.1999999999999993
persistence,12,relative_humidity_2m,7.0
persistence,12,cloud_cover,2.0
persistence,12,wind_speed_100m,4.8999999999999995
persistence,12,wind_speed_10m,3.7
persistence,12,surface_pressure,1.0
persistence,12,precipitation,0.29999999999999993
persistence,24,temperature_2m,0.5
persistence,24,relative_humidity_2m,9.0
persistence,24,cloud_cover,1.0
persistence,24,wind_speed_100m,1.4
persistence,24,wind_speed_10m,0.5999999999999996
persistence,24,surface_pressure,1.2000000000000455
persistence,24,precipitation,0.0
climatology,1,temperature_2m,0.25714285714285623
climatology,1,relative_humidity_2m,6.857142857142861
climatology,1,cloud_cover,1.8571428571428612
climatology,1,wind_speed_100m,3.45
climatology,1,wind_speed_10m,1.6928571428571426
climatology,1,surface_pressure,2.650000000000091
climatology,1,precipitation,0.11428571428571428
climatology,6,temperature_2m,1.8714285714285719
climatology,6,relative_humidity_2m,4.5
climatology,6,cloud_cover,5.714285714285708
climatology,6,wind_speed_100m,4.857142857142858
climatology,6,wind_speed_10m,8.52142857142857
climatology,6,surface_pressure,4.2642857142858475
climatology,6,precipitation,0.35714285714285715
climatology,12,shortwave_radiation,263.8571428571429
climatology,12,direct_normal_irradiance,439.9785714285714
climatology,12,diffuse_radiation,124.14285714285717
climatology,12,temperature_2m,2.235714285714284
climatology,12,relative_humidity_2m,8.642857142857139
climatology,12,cloud_cover,6.928571428571431
climatology,12,wind_speed_100m,4.399999999999999
climatology,12,wind_speed_10m,3.821428571428572
climatology,12,surface_pressure,0.9214285714285779
climatology,12,precipitation,0.16428571428571426
climatology,24,temperature_2m,0.22142857142857153
climatology,24,relative_humidity_2m,7.5
climatology,24,cloud_cover,1.3571428571428612
climatology,24,wind_speed_100m,0.842857142857143
climatology,24,wind_speed_10m,0.8500000000000001
climatology,24,surface_pressure,0.9071428571427305
climatology,24,precipitation,0.06428571428571428
persistence,1,temperature_2m,1.700000000000001
persistence,1,relative_humidity_2m,2.0
persistence,1,cloud_cover,9.0
persistence,1,wind_speed_100m,3.7
persistence,1,wind_speed_10m,2.4
persistence,1,surface_pressure,3.2000000000000455
persistence,1,precipitation,0.0
persistence,6,shortwave_radiation,150.0
persistence,6,direct_normal_irradiance,198.0
persistence,6,diffuse_radiation,22.0
persistence,6,temperature_2m,2.6999999999999993
persistence,6,relative_humidity_2m,17.0
persistence,6,cloud_cover,55.0
persistence,6,wind_speed_100m,4.699999999999999
persistence,6,wind_speed_10m,3.6000000000000005
persistence,6,surface_pressure,0.20000000000004547
persistence,6,precipitation,0.39999999999999997
persistence,12,shortwave_radiation,2.0
persistence,12,direct_normal_irradiance,47.599999999999966
persistence,12,diffuse_radiation,20.0
persistence,12,temperature_2m,1.200000000000001
persistence,12,relative_humidity_2m,2.0
persistence,12,cloud_cover,0.0
persistence,12,wind_speed_100m,3.0
persistence,12,wind_speed_10m,2.0
persistence,12,surface_pressure,0.6999999999999318
persistence,12,precipitation,0.8
persistence,24,temperature_2m,2.0
persistence,24,relative_humidity_2m,4.0
persistence,24,cloud_cover,5.0
persistence,24,wind_speed_100m,2.0
persistence,24,wind_speed_10m,0.19999999999999996
persistence,24,surface_pressure,2.0
persistence,24,precipitation,1.2
climatology,1,temperature_2m,0.12142857142857189
climatology,1,relative_humidity_2m,5.142857142857139
climatology,1,cloud_cover,0.5714285714285694
climatology,1,wind_speed_100m,1.5785714285714287
climatology,1,wind_speed_10m,1.2642857142857142
climatology,1,surface_pressure,0.371428571428396
climatology,1,precipitation,0.19999999999999998
climatology,6,shortwave_radiation,84.42857142857144
climatology,6,direct_normal_irradiance,193.92857142857144
climatology,6,diffuse_radiation,89.28571428571428
climatology,6,temperature_2m,0.6999999999999993
climatology,6,relative_humidity_2m,9.857142857142861
climatology,6,cloud_cover,49.64285714285714
climatology,6,wind_speed_100m,0.8571428571428577
climatology,6,wind_speed_10m,0.20000000000000018
climatology,6,surface_pressure,0.6357142857141298
climatology,6,precipitation,0.25000000000000006
climatology,12,shortwave_radiation,73.78571428571428
climatology,12,direct_normal_irradiance,170.76428571428573
climatology,12,diffuse_radiation,4.428571428571416
climatology,12,temperature_2m,0.22142857142857153
climatology,12,relative_humidity_2m,2.142857142857139
climatology,12,cloud_cover,4.0
climatology,12,wind_speed_100m,0.40000000000000036
climatology,12,wind_speed_10m,0.09999999999999964
climatology,12,surface_pressure,0.0642857142856883
climatology,12,precipitation,0.15714285714285714
climatology,24,temperature_2m,1.8499999999999996
climatology,24,relative_humidity_2m,7.928571428571431
climatology,24,cloud_cover,5.928571428571431
climatology,24,wind_speed_100m,0.06428571428571406
climatology,24,wind_speed_10m,0.8714285714285714
climatology,24,surface_pressure,1.8785714285714903
climatology,24,precipitation,0.8428571428571427
arima,1,temperature_2m,1.0006978646888616
arima,1,relative_humidity_2m,3.2016759769157517
arima,1,cloud_cover,4.67128576318278
arima,1,wind_speed_100m,1.2676557677745124
arima,1,wind_speed_10m,1.5172680109946075
arima,1,surface_pressure,0.3829061497303883
arima,1,precipitation,0.10409980082555494
arima,6,shortwave_radiation,563.1636216317289
arima,6,direct_normal_irradiance,722.3885267655387
arima,6,diffuse_radiation,160.9487874061528
arima,6,temperature_2m,0.6403984155039772
arima,6,relative_humidity_2m,4.03853321789704
arima,6,cloud_cover,50.04592406774209
arima,6,wind_speed_100m,0.3416948452453301
arima,6,wind_speed_10m,0.3551911636592573
arima,6,surface_pressure,2.3590840681957843
arima,6,precipitation,0.11405134787488153
arima,12,shortwave_radiation,287.05927273345816
arima,12,direct_normal_irradiance,376.9549239456514
arima,12,diffuse_radiation,138.10472576976855
arima,12,temperature_2m,2.0644114449546205
arima,12,relative_humidity_2m,1.2372942163552807
arima,12,cloud_cover,5.086960007601917
arima,12,wind_speed_100m,1.1594050850865862
arima,12,wind_speed_10m,0.6898130008316548
arima,12,surface_pressure,2.3147155869194194
arima,12,precipitation,0.9078813264822461
arima,24,temperature_2m,0.410265379225077
arima,24,relative_humidity_2m,14.498739241093006
arima,24,cloud_cover,5.10614564981951
arima,24,wind_speed_100m,3.3578676261616534
arima,24,wind_speed_10m,3.086506178297848
arima,24,surface_pressure,1.8306877575336102
arima,24,precipitation,1.0076376252830386
persistence,1,shortwave_radiation,462.0
persistence,1,direct_normal_irradiance,583.0
persistence,1,diffuse_radiation,100.0
persistence,1,temperature_2m,2.3000000000000007
persistence,1,relative_humidity_2m,14.0
persistence,1,cloud_cover,1.0
persistence,1,wind_speed_100m,3.6999999999999997
persistence,1,wind_speed_10m,3.7
persistence,1,surface_pressure,0.5
persistence,1,precipitation,2.6999999999999997
persistence,6,shortwave_radiation,160.0
persistence,6,direct_normal_irradiance,307.20000000000005
persistence,6,diffuse_radiation,19.0
persistence,6,temperature_2m,1.0999999999999996
persistence,6,relative_humidity_2m,11.0
persistence,6,cloud_cover,0.0
persistence,6,wind_speed_100m,0.6000000000000005
persistence,6,wind_speed_10m,0.0
persistence,6,surface_pressure,0.39999999999997726
persistence,6,precipitation,1.7999999999999998
persistence,12,temperature_2m,0.8000000000000007
persistence,12,relative_humidity_2m,4.0
persistence,12,cloud_cover,38.0
persistence,12,wind_speed_100m,1.0
persistence,12,wind_speed_10m,0.30000000000000004
persistence,12,surface_pressure,1.2000000000000455
persistence,12,precipitation,0.2
persistence,24,shortwave_radiation,207.0
persistence,24,direct_normal_irradiance,137.2
persistence,24,diffuse_radiation,87.0
persistence,24,temperature_2m,0.40000000000000036
persistence,24,relative_humidity_2m,2.0
persistence,24,cloud_cover,5.0
persistence,24,wind_speed_100m,1.8000000000000007
persistence,24,wind_speed_10m,1.4000000000000004
persistence,24,surface_pressure,0.10000000000002274
persistence,24,precipitation,4.7
climatology,1,shortwave_radiation,359.28571428571433
climatology,1,direct_normal_irradiance,413.97142857142853
climatology,1,diffuse_radiation,36.571428571428555
climatology,1,temperature_2m,2.435714285714287
climatology,1,relative_humidity_2m,23.285714285714292
climatology,1,cloud_cover,8.214285714285708
climatology,1,wind_speed_100m,3.5785714285714287
climatology,1,wind_speed_10m,3.2
climatology,1,surface_pressure,0.8500000000000227
climatology,1,precipitation,1.9857142857142858
climatology,6,shortwave_radiation,96.21428571428572
climatology,6,direct_normal_irradiance,154.48571428571432
climatology,6,diffuse_radiation,25.14285714285714
climatology,6,temperature_2m,1.314285714285715
climatology,6,relative_humidity_2m,9.285714285714292
climatology,6,cloud_cover,2.714285714285708
climatology,6,wind_speed_100m,0.07142857142857117
climatology,6,wind_speed_10m,0.24285714285714288
climatology,6,surface_pressure,0.435714285714198
climatology,6,precipitation,1.8857142857142855
climatology,12,temperature_2m,0.1642857142857128
climatology,12,relative_humidity_2m,5.071428571428569
climatology,12,cloud_cover,35.71428571428571
climatology,12,wind_speed_100m,0.4142857142857146
climatology,12,wind_speed_10m,1.3499999999999999
climatology,12,surface_pressure,0.11428571428575651
climatology,12,precipitation,0.07857142857142856
climatology,24,shortwave_radiation,371.3571428571429
climatology,24,direct_normal_irradiance,491.95000000000005
climatology,24,diffuse_radiation,54.928571428571416
climatology,24,temperature_2m,3.0999999999999996
climatology,24,relative_humidity_2m,14.5
climatology,24,cloud_cover,8.642857142857139
climatology,24,wind_speed_100m,1.507142857142859
climatology,24,wind_speed_10m,1.3928571428571432
climatology,24,surface_pressure,1.0
climatology,24,precipitation,9.114285714285714
persistence,1,shortwave_radiation,19.0
persistence,1,direct_normal_irradiance,18.5
persistence,1,diffuse_radiation,23.0
persistence,1,temperature_2m,0.3000000000000007
persistence,1,relative_humidity_2m,1.0
persistence,1,cloud_cover,0.0
persistence,1,wind_speed_100m,5.4
persistence,1,wind_speed_10m,2.9000000000000004
persistence,1,surface_pressure,0.39999999999997726
persistence,1,precipitation,2.1
persistence,6,temperature_2m,0.6999999999999993
persistence,6,relative_humidity_2m,1.0
persistence,6,cloud_cover,14.0
persistence,6,wind_speed_100m,2.9
persistence,6,wind_speed_10m,1.5999999999999999
persistence,6,surface_pressure,0.1999999999999318
persistence,6,precipitation,0.0
persistence,12,temperature_2m,1.5999999999999996
persistence,12,relative_humidity_2m,11.0
persistence,12,cloud_cover,0.0
persistence,12,wind_speed_100m,0.3999999999999999
persistence,12,wind_speed_10m,0.4999999999999999
persistence,12,surface_pressure,0.7999999999999545
persistence,12,precipitation,0.1
persistence,24,shortwave_radiation,13.0
persistence,24,direct_normal_irradiance,19.5
persistence,24,diffuse_radiation,4.0
persistence,24,temperature_2m,0.0
persistence,24,relative_humidity_2m,2.0
persistence,24,cloud_cover,0.0
persistence,24,wind_speed_100m,1.6
persistence,24,wind_speed_10m,2.3
persistence,24,surface_pressure,0.5
persistence,24,precipitation,2.4000000000000004
climatology,1,shortwave_radiation,13.92857142857143
climatology,1,direct_normal_irradiance,68.13571428571429
climatology,1,diffuse_radiation,1.0
climatology,1,temperature_2m,0.8357142857142872
climatology,1,relative_humidity_2m,4.285714285714292
climatology,1,cloud_cover,1.2142857142857082
climatology,1,wind_speed_100m,2.8928571428571432
climatology,1,wind_speed_10m,2.3071428571428574
climatology,1,surface_pressure,0.2999999999999545
climatology,1,precipitation,1.8714285714285714
climatology,6,temperature_2m,0.514285714285716
climatology,6,relative_humidity_2m,2.857142857142861
climatology,6,cloud_cover,19.0
climatology,6,wind_speed_100m,2.3714285714285714
climatology,6,wind_speed_10m,0.30714285714285716
climatology,6,surface_pressure,0.28571428571433444
climatology,6,precipitation,0.07857142857142856
climatology,12,temperature_2m,0.9071428571428566
climatology,12,relative_humidity_2m,5.5
climatology,12,cloud_cover,1.5
climatology,12,wind_speed_100m,0.5571428571428569
climatology,12,wind_speed_10m,0.7928571428571427
climatology,12,surface_pressure,0.9357142857140843
climatology,12,precipitation,0.34285714285714286
climatology,24,shortwave_radiation,13.714285714285722
climatology,24,direct_normal_irradiance,78.74285714285716
climatology,24,diffuse_radiation,22.714285714285722
climatology,24,temperature_2m,0.3214285714285712
climatology,24,relative_humidity_2m,3.857142857142861
climatology,24,cloud_cover,0.0
climatology,24,wind_speed_100m,3.078571428571429
climatology,24,wind_speed_10m,2.8999999999999995
climatology,24,surface_pressure,0.22142857142853245
climatology,24,precipitation,1.8285714285714285
persistence,1,temperature_2m,0.8999999999999986
persistence,1,relative_humidity_2m,2.0
persistence,1,cloud_cover,59.0
persistence,1,wind_speed_100m,0.7000000000000002
persistence,1,wind_speed_10m,2.0999999999999996
persistence,1,surface_pressure,0.0
persistence,1,precipitation,0.0
persistence,6,temperature_2m,1.5999999999999996
persistence,6,relative_humidity_2m,8.0
persistence,6,cloud_cover,1.0
persistence,6,wind_speed_100m,0.8999999999999999
persistence,6,wind_speed_10m,1.4
persistence,6,surface_pressure,0.39999999999997726
persistence,6,precipitation,0.1
persistence,12,shortwave_radiation,25.0
persistence,12,direct_normal_irradiance,83.0
persistence,12,diffuse_radiation,47.0
persistence,12,temperature_2m,0.5
persistence,12,relative_humidity_2m,0.0
persistence,12,cloud_cover,5.0
persistence,12,wind_speed_100m,2.499999999999999
persistence,12,wind_speed_10m,1.7999999999999998
persistence,12,surface_pressure,0.3000000000000682
persistence,12,precipitation,1.0
persistence,24,temperature_2m,0.7999999999999989
persistence,24,relative_humidity_2m,1.0
persistence,24,cloud_cover,1.0
persistence,24,wind_speed_100m,1.4
persistence,24,wind_speed_10m,1.3
persistence,24,surface_pressure,2.2000000000000455
persistence,24,precipitation,1.8
climatology,1,temperature_2m,0.42857142857142705
climatology,1,relative_humidity_2m,3.9285714285714306
climatology,1,cloud_cover,7.0
climatology,1,wind_speed_100m,0.30714285714285694
climatology,1,wind_speed_10m,2.1857142857142855
climatology,1,surface_pressure,0.5999999999997954
climatology,1,precipitation,0.1285714285714286
climatology,6,temperature_2m,0.7642857142857142
climatology,6,relative_humidity_2m,3.5
climatology,6,cloud_cover,0.4285714285714306
climatology,6,wind_speed_100m,0.41428571428571415
climatology,6,wind_speed_10m,0.6071428571428577
climatology,6,surface_pressure,0.40714285714273046
climatology,6,precipitation,0.45
climatology,12,shortwave_radiation,133.42857142857144
climatology,12,direct_normal_irradiance,176.6642857142856
climatology,12,diffuse_radiation,26.5
climatology,12,temperature_2m,1.0
climatology,12,relative_humidity_2m,6.714285714285708
climatology,12,cloud_cover,2.214285714285708
climatology,12,wind_speed_100m,2.985714285714284
climatology,12,wind_speed_10m,2.321428571428571
climatology,12,surface_pressure,0.6285714285714903
climatology,12,precipitation,4.942857142857142
climatology,24,temperature_2m,0.7928571428571392
climatology,24,relative_humidity_2m,1.1428571428571388
climatology,24,cloud_cover,6.214285714285708
climatology,24,wind_speed_100m,0.11428571428571432
climatology,24,wind_speed_10m,1.8214285714285714
climatology,24,surface_pressure,1.1642857142858247
climatology,24,precipitation,1.7214285714285715
arima,1,temperature_2m,0.26143602285179135
arima,1,relative_humidity_2m,2.7222451325610706
arima,1,cloud_cover,2.490678148151744
arima,1,wind_speed_100m,0.35961376197450434
arima,1,wind_speed_10m,2.045427340155121
arima,1,surface_pressure,0.2509425220596313
arima,1,precipitation,0.29290838888563875
arima,6,temperature_2m,0.7346052502841669
arima,6,relative_humidity_2m,6.091006368081821
arima,6,cloud_cover,3.8833304471309873
arima,6,wind_speed_100m,2.8055445370322296
arima,6,wind_speed_10m,0.7275851462239395
arima,6,surface_pressure,0.9388092944373057
arima,6,precipitation,0.5835657664562481
arima,12,shortwave_radiation,864.564672182335
arima,12,direct_normal_irradiance,375.09321737822245
arima,12,diffuse_radiation,202.59349784336283
arima,12,temperature_2m,4.8922541420242425
arima,12,relative_humidity_2m,13.1084006525397
arima,12,cloud_cover,0.7820774989747576
arima,12,wind_speed_100m,4.675360754859703
arima,12,wind_speed_10m,4.21288995560502
arima,12,surface_pressure,4.0487783861126445
arima,12,precipitation,6.457853126977697
arima,24,temperature_2m,1.1943706802038552
arima,24,relative_humidity_2m,0.7840733925232826
arima,24,cloud_cover,5.249334567689985
arima,24,wind_speed_100m,1.7221968309895042
arima,24,wind_speed_10m,3.386346157672241
arima,24,surface_pressure,2.296384564357936
arima,24,precipitation,1.1499176367432016
persistence,1,temperature_2m,0.9000000000000004
persistence,1,relative_humidity_2m,12.0
persistence,1,cloud_cover,1.0
persistence,1,wind_speed_100m,4.7
persistence,1,wind_speed_10m,1.6
persistence,1,surface_pressure,3.0
persistence,1,precipitation,0.8
persistence,6,shortwave_radiation,57.0
persistence,6,direct_normal_irradiance,64.5
persistence,6,diffuse_radiation,1.0
persistence,6,temperature_2m,0.1999999999999993
persistence,6,relative_humidity_2m,1.0
persistence,6,cloud_cover,6.0
persistence,6,wind_speed_100m,1.3999999999999986
persistence,6,wind_speed_10m,0.8999999999999995
persistence,6,surface_pressure,0.900000000000091
persistence,6,precipitation,2.6999999999999993
persistence,12,shortwave_radiation,140.0
persistence,12,direct_normal_irradiance,120.49999999999999
persistence,12,diffuse_radiation,85.0
persistence,12,temperature_2m,0.9000000000000004
persistence,12,relative_humidity_2m,3.0
persistence,12,cloud_cover,0.0
persistence,12,wind_speed_100m,2.0
persistence,12,wind_speed_10m,1.0
persistence,12,surface_pressure,1.2999999999999545
persistence,12,precipitation,1.5999999999999996
persistence,24,temperature_2m,0.0
persistence,24,relative_humidity_2m,12.0
persistence,24,cloud_cover,0.0
persistence,24,wind_speed_100m,1.2000000000000002
persistence,24,wind_speed_10m,0.6000000000000001
persistence,24,surface_pressure,0.5
persistence,24,precipitation,1.0
climatology,1,temperature_2m,1.8642857142857157
climatology,1,relative_humidity_2m,4.642857142857139
climatology,1,cloud_cover,2.357142857142861
climatology,1,wind_speed_100m,0.13571428571428656
climatology,1,wind_speed_10m,1.0357142857142858
climatology,1,surface_pressure,2.992857142857133
climatology,1,precipitation,0.5785714285714286
climatology,6,shortwave_radiation,69.0
climatology,6,direct_normal_irradiance,98.87857142857138
climatology,6,diffuse_radiation,22.571428571428584
climatology,6,temperature_2m,0.7642857142857125
climatology,6,relative_humidity_2m,7.928571428571431
climatology,6,cloud_cover,8.42857142857143
climatology,6,wind_speed_100m,1.4071428571428566
climatology,6,wind_speed_10m,1.3071428571428578
climatology,6,surface_pressure,0.39999999999997726
climatology,6,precipitation,1.7714285714285714
climatology,12,shortwave_radiation,3.357142857142861
climatology,12,direct_normal_irradiance,73.57857142857148
climatology,12,diffuse_radiation,37.571428571428584
climatology,12,temperature_2m,0.18571428571428683
climatology,12,relative_humidity_2m,0.5714285714285694
climatology,12,cloud_cover,0.0
climatology,12,wind_speed_100m,0.3428571428571434
climatology,12,wind_speed_10m,0.27142857142857046
climatology,12,surface_pressure,0.6999999999998181
climatology,12,precipitation,1.0357142857142858
climatology,24,temperature_2m,1.8500000000000014
climatology,24,relative_humidity_2m,7.785714285714292
climatology,24,cloud_cover,1.1428571428571388
climatology,24,wind_speed_100m,0.021428571428571797
climatology,24,wind_speed_10m,1.7928571428571423
climatology,24,surface_pressure,2.4642857142857792
climatology,24,precipitation,0.2642857142857143
persistence,1,shortwave_radiation,115.0
persistence,1,direct_normal_irradiance,130.7
persistence,1,diffuse_radiation,12.0
persistence,1,temperature_2m,0.5
persistence,1,relative_humidity_2m,11.0
persistence,1,cloud_cover,1.0
persistence,1,wind_speed_100m,2.5999999999999996
persistence,1,wind_speed_10m,2.3000000000000003
persistence,1,surface_pressure,0.0
persistence,1,precipitation,4.4
persistence,6,shortwave_radiation,141.0
persistence,6,direct_normal_irradiance,124.79999999999998
persistence,6,diffuse_radiation,84.0
persistence,6,temperature_2m,0.9000000000000004
persistence,6,relative_humidity_2m,6.0
persistence,6,cloud_cover,0.0
persistence,6,wind_speed_100m,3.1999999999999993
persistence,6,wind_speed_10m,2.1000000000000005
persistence,6,surface_pressure,0.10000000000002274
persistence,6,precipitation,0.10000000000000009
persistence,12,temperature_2m,0.40000000000000036
persistence,12,relative_humidity_2m,4.0
persistence,12,cloud_cover,0.0
persistence,12,wind_speed_100m,0.7999999999999998
persistence,12,wind_speed_10m,0.5
persistence,12,surface_pressure,0.7000000000000455
persistence,12,precipitation,1.9
persistence,24,shortwave_radiation,84.0
persistence,24,direct_normal_irradiance,212.4
persistence,24,diffuse_radiation,103.0
persistence,24,temperature_2m,1.0
persistence,24,relative_humidity_2m,4.0
persistence,24,cloud_cover,0.0
persistence,24,wind_speed_100m,2.799999999999999
persistence,24,wind_speed_10m,1.9000000000000004
persistence,24,surface_pressure,0.3000000000000682
persistence,24,precipitation,8.8
climatology,1,shortwave_radiation,2.2142857142856656
climatology,1,direct_normal_irradiance,94.32857142857148
climatology,1,diffuse_radiation,90.21428571428572
climatology,1,temperature_2m,1.3642857142857139
climatology,1,relative_humidity_2m,6.214285714285708
climatology,1,cloud_cover,7.071428571428569
climatology,1,wind_speed_100m,1.0
climatology,1,wind_speed_10m,0.6857142857142859
climatology,1,surface_pressure,0.42142857142835055
climatology,1,precipitation,5.7
climatology,6,shortwave_radiation,135.64285714285714
climatology,6,direct_normal_irradiance,190.37857142857143
climatology,6,diffuse_radiation,48.14285714285714
climatology,6,temperature_2m,1.1500000000000021
climatology,6,relative_humidity_2m,7.0
climatology,6,cloud_cover,0.0
climatology,6,wind_speed_100m,2.8857142857142843
climatology,6,wind_speed_10m,1.87857142857143
climatology,6,surface_pressure,0.5499999999999545
climatology,6,precipitation,0.7857142857142858
climatology,12,temperature_2m,0.9642857142857135
climatology,12,relative_humidity_2m,2.714285714285708
climatology,12,cloud_cover,6.214285714285708
climatology,12,wind_speed_100m,0.5357142857142856
climatology,12,wind_speed_10m,0.3642857142857143
climatology,12,surface_pressure,2.3285714285715358
climatology,12,precipitation,1.8
climatology,24,shortwave_radiation,171.6428571428571
climatology,24,direct_normal_irradiance,428.42857142857144
climatology,24,diffuse_radiation,201.21428571428572
climatology,24,temperature_2m,1.778571428571432
climatology,24,relative_humidity_2m,9.285714285714292
climatology,24,cloud_cover,8.42857142857143
climatology,24,wind_speed_100m,2.535714285714284
climatology,24,wind_speed_10m,1.9857142857142867
climatology,24,surface_pressure,0.3928571428569967
climatology,24,precipitation,7.421428571428573
persistence,1,temperature_2m,0.40000000000000036
persistence,1,relative_humidity_2m,3.0
persistence,1,cloud_cover,0.0
persistence,1,wind_speed_100m,2.2
persistence,1,wind_speed_10m,1.2000000000000002
persistence,1,surface_pressure,0.0
persistence,1,precipitation,1.0
persistence,6,temperature_2m,0.10000000000000142
persistence,6,relative_humidity_2m,1.0
persistence,6,cloud_cover,0.0
persistence,6,wind_speed_100m,1.7000000000000002
persistence,6,wind_speed_10m,0.8999999999999999
persistence,6,surface_pressure,0.39999999999997726
persistence,6,precipitation,0.0
persistence,12,temperature_2m,0.29999999999999893
persistence,12,relative_humidity_2m,3.0
persistence,12,cloud_cover,0.0
persistence,12,wind_speed_100m,1.9
persistence,12,wind_speed_10m,0.20000000000000007
persistence,12,surface_pressure,0.5
persistence,12,precipitation,0.3
persistence,24,shortwave_radiation,30.0
persistence,24,direct_normal_irradiance,85.39999999999998
persistence,24,diffuse_radiation,69.0
persistence,24,temperature_2m,0.9000000000000004
persistence,24,relative_humidity_2m,7.0
persistence,24,cloud_cover,0.0
persistence,24,wind_speed_100m,0.7999999999999998
persistence,24,wind_speed_10m,0.3999999999999999
persistence,24,surface_pressure,0.0
persistence,24,precipitation,0.6000000000000001
climatology,1,temperature_2m,0.9571428571428573
climatology,1,relative_humidity_2m,3.0714285714285694
climatology,1,cloud_cover,0.0714285714285694
climatology,1,wind_speed_100m,0.2928571428571427
climatology,1,wind_speed_10m,0.09285714285714297
climatology,1,surface_pressure,0.8642857142856428
climatology,1,precipitation,0.9714285714285714
climatology,6,temperature_2m,0.7928571428571409
climatology,6,relative_humidity_2m,1.5
climatology,6,cloud_cover,6.214285714285708
climatology,6,wind_speed_100m,1.2857142857142856
climatology,6,wind_speed_10m,0.6357142857142852
climatology,6,surface_pressure,2.6499999999999773
climatology,6,precipitation,1.7071428571428573
climatology,12,temperature_2m,1.6571428571428584
climatology,12,relative_humidity_2m,1.8571428571428612
climatology,12,cloud_cover,1.1428571428571388
climatology,12,wind_speed_100m,1.2785714285714285
climatology,12,wind_speed_10m,1.2785714285714285
climatology,12,surface_pressure,3.6642857142858247
climatology,12,precipitation,0.41428571428571426
climatology,24,shortwave_radiation,28.428571428571416
climatology,24,direct_normal_irradiance,22.68571428571431
climatology,24,diffuse_radiation,39.571428571428584
climatology,24,temperature_2m,1.2142857142857153
climatology,24,relative_humidity_2m,1.2142857142857082
climatology,24,cloud_cover,0.0
climatology,24,wind_speed_100m,0.6428571428571423
climatology,24,wind_speed_10m,0.4785714285714282
climatology,24,surface_pressure,1.1499999999999773
climatology,24,precipitation,0.4571428571428571
arima,1,temperature_2m,0.5068304304836122
arima,1,relative_humidity_2m,0.29387363237397324
arima,1,cloud_cover,2.543320059636443
arima,1,wind_speed_100m,0.6218006416072965
arima,1,wind_speed_10m,0.13147914397188254
arima,1,surface_pressure,0.726805635525352
arima,1,precipitation,0.4247549922186111
arima,6,temperature_2m,0.6258744136627872
arima,6,relative_humidity_2m,4.152586081733318
arima,6,cloud_cover,5.121742655457226
arima,6,wind_speed_100m,2.8273735431002267
arima,6,wind_speed_10m,1.986856548251208
arima,6,surface_pressure,0.723737638649709
arima,6,precipitation,0.4243412331790497
arima,12,temperature_2m,1.5272203334013899
arima,12,relative_humidity_2m,6.157067825861489
arima,12,cloud_cover,5.498216897421784
arima,12,wind_speed_100m,1.2279074640093195
arima,12,wind_speed_10m,2.5887915730550453
arima,12,surface_pressure,0.07270362866870528
arima,12,precipitation,0.9114919023393185
arima,24,shortwave_radiation,9.427605231126904
arima,24,direct_normal_irradiance,36.40838842265035
arima,24,diffuse_radiation,117.87578288714255
arima,24,temperature_2m,0.42778477680646354
arima,24,relative_humidity_2m,8.156003951428502
arima,24,cloud_cover,5.527924339213726
arima,24,wind_speed_100m,0.07488076796441057
arima,24,wind_speed_10m,0.41109875970800625
arima,24,surface_pressure,0.05446579535669116
arima,24,precipitation,0.3007361011843266
persistence,1,temperature_2m,1.0999999999999996
persistence,1,relative_humidity_2m,2.0
persistence,1,cloud_cover,1.0
persistence,1,wind_speed_100m,0.5
persistence,1,wind_speed_10m,0.3
persistence,1,surface_pressure,1.0
persistence,1,precipitation,1.0
persistence,6,temperature_2m,1.0
persistence,6,relative_humidity_2m,6.0
persistence,6,cloud_cover,0.0
persistence,6,wind_speed_100m,1.9
persistence,6,wind_speed_10m,1.2000000000000002
persistence,6,surface_pressure,1.1000000000000227
persistence,6,precipitation,0.5
persistence,12,shortwave_radiation,215.0
persistence,12,direct_normal_irradiance,433.59999999999997
persistence,12,diffuse_radiation,169.0
persistence,12,temperature_2m,1.1000000000000014
persistence,12,relative_humidity_2m,3.0
persistence,12,cloud_cover,7.0
persistence,12,wind_speed_100m,1.6000000000000014
persistence,12,wind_speed_10m,1.0
persistence,12,surface_pressure,0.2999999999999545
persistence,12,precipitation,0.09999999999999998
persistence,24,temperature_2m,0.1999999999999993
persistence,24,relative_humidity_2m,1.0
persistence,24,cloud_cover,0.0
persistence,24,wind_speed_100m,0.6999999999999997
persistence,24,wind_speed_10m,0.6000000000000001
persistence,24,surface_pressure,0.6999999999999318
persistence,24,precipitation,0.0
climatology,1,temperature_2m,0.007142857142858006
climatology,1,relative_humidity_2m,0.1428571428571388
climatology,1,cloud_cover,5.857142857142861
climatology,1,wind_speed_100m,0.12857142857142811
climatology,1,wind_speed_10m,1.4
climatology,1,surface_pressure,1.9357142857143117
climatology,1,precipitation,0.2857142857142857
climatology,6,temperature_2m,0.5285714285714267
climatology,6,relative_humidity_2m,4.285714285714292
climatology,6,cloud_cover,1.0
climatology,6,wind_speed_100m,0.7285714285714286
climatology,6,wind_speed_10m,0.09285714285714342
climatology,6,surface_pressure,2.328571428571422
climatology,6,precipitation,0.12857142857142856
climatology,12,shortwave_radiation,157.5
climatology,12,direct_normal_irradiance,244.22857142857129
climatology,12,diffuse_radiation,64.28571428571428
climatology,12,temperature_2m,0.6142857142857139
climatology,12,relative_humidity_2m,2.9285714285714306
climatology,12,cloud_cover,4.428571428571431
climatology,12,wind_speed_100m,2.107142857142856
climatology,12,wind_speed_10m,1.5857142857142845
climatology,12,surface_pressure,1.7499999999998863
climatology,12,precipitation,3.3357142857142854
climatology,24,temperature_2m,0.2071428571428573
climatology,24,relative_humidity_2m,2.285714285714292
climatology,24,cloud_cover,4.571428571428569
climatology,24,wind_speed_100m,0.22142857142857109
climatology,24,wind_speed_10m,0.27142857142857113
climatology,24,surface_pressure,0.8571428571428896
climatology,24,precipitation,0.43571428571428567
persistence,1,temperature_2m,0.7000000000000011
persistence,1,relative_humidity_2m,1.0
persistence,1,cloud_cover,0.0
persistence,1,wind_speed_100m,0.8999999999999999
persistence,1,wind_speed_10m,1.5
persistence,1,surface_pressure,0.10000000000002274
persistence,1,precipitation,0.1
persistence,6,shortwave_radiation,167.0
persistence,6,direct_normal_irradiance,372.4
persistence,6,diffuse_radiation,162.0
persistence,6,temperature_2m,0.5
persistence,6,relative_humidity_2m,3.0
persistence,6,cloud_cover,2.0
persistence,6,wind_speed_100m,1.299999999999999
persistence,6,wind_speed_10m,0.7999999999999998
persistence,6,surface_pressure,0.2999999999999545
persistence,6,precipitation,0.1
persistence,12,shortwave_radiation,26.0
persistence,12,direct_normal_irradiance,75.79999999999995
persistence,12,diffuse_radiation,8.0
persistence,12,temperature_2m,0.8000000000000007
persistence,12,relative_humidity_2m,8.0
persistence,12,cloud_cover,0.0
persistence,12,wind_speed_100m,0.39999999999999947
persistence,12,wind_speed_10m,0.40000000000000036
persistence,12,surface_pressure,0.39999999999997726
persistence,12,precipitation,0.0
persistence,24,temperature_2m,1.1999999999999993
persistence,24,relative_humidity_2m,1.0
persistence,24,cloud_cover,0.0
persistence,24,wind_speed_100m,3.2
persistence,24,wind_speed_10m,0.29999999999999993
persistence,24,surface_pressure,1.7000000000000455
persistence,24,precipitation,1.0
climatology,1,temperature_2m,1.6428571428571441
climatology,1,relative_humidity_2m,1.6428571428571388
climatology,1,cloud_cover,1.7142857142857082
climatology,1,wind_speed_100m,0.38571428571428656
climatology,1,wind_speed_10m,0.8071428571428568
climatology,1,surface_pressure,2.157142857142958
climatology,1,precipitation,0.06428571428571428
climatology,6,shortwave_radiation,11.35714285714289
climatology,6,direct_normal_irradiance,130.00714285714298
climatology,6,diffuse_radiation,98.42857142857142
climatology,6,temperature_2m,0.22142857142857153
climatology,6,relative_humidity_2m,0.8571428571428612
climatology,6,cloud_cover,6.571428571428569
climatology,6,wind_speed_100m,0.5214285714285714
climatology,6,wind_speed_10m,0.5714285714285721
climatology,6,surface_pressure,1.3714285714286234
climatology,6,precipitation,3.4357142857142855
climatology,12,shortwave_radiation,105.57142857142858
climatology,12,direct_normal_irradiance,249.29285714285712
climatology,12,diffuse_radiation,6.285714285714278
climatology,12,temperature_2m,1.364285714285712
climatology,12,relative_humidity_2m,13.142857142857139
climatology,12,cloud_cover,4.642857142857139
climatology,12,wind_speed_100m,2.1999999999999993
climatology,12,wind_speed_10m,2.1000000000000005
climatology,12,surface_pressure,1.4357142857143117
climatology,12,precipitation,1.564285714285714
climatology,24,temperature_2m,0.30714285714285694
climatology,24,relative_humidity_2m,0.7857142857142918
climatology,24,cloud_cover,0.7142857142857082
climatology,24,wind_speed_100m,1.5714285714285714
climatology,24,wind_speed_10m,0.8857142857142859
climatology,24,surface_pressure,0.3642857142856428
climatology,24,precipitation,0.3071428571428571
persistence,1,shortwave_radiation,121.0
persistence,1,direct_normal_irradiance,334.49999999999994
persistence,1,diffuse_radiation,205.0
persistence,1,temperature_2m,1.6000000000000014
persistence,1,relative_humidity_2m,7.0
persistence,1,cloud_cover,4.0
persistence,1,wind_speed_100m,3.5
persistence,1,wind_speed_10m,2.5
persistence,1,surface_pressure,0.5
persistence,1,precipitation,0.0
persistence,6,shortwave_radiation,4.0
persistence,6,direct_normal_irradiance,54.0
persistence,6,diffuse_radiation,28.0
persistence,6,temperature_2m,0.40000000000000036
persistence,6,relative_humidity_2m,7.0
persistence,6,cloud_cover,31.0
persistence,6,wind_speed_100m,1.0
persistence,6,wind_speed_10m,0.7999999999999998
persistence,6,surface_pressure,1.0
persistence,6,precipitation,0.19999999999999998
persistence,12,temperature_2m,0.20000000000000107
persistence,12,relative_humidity_2m,3.0
persistence,12,cloud_cover,1.0
persistence,12,wind_speed_100m,1.8
persistence,12,wind_speed_10m,0.1999999999999993
persistence,12,surface_pressure,0.39999999999997726
persistence,12,precipitation,0.0
persistence,24,shortwave_radiation,43.0
persistence,24,direct_normal_irradiance,108.39999999999998
persistence,24,diffuse_radiation,54.0
persistence,24,temperature_2m,1.8000000000000007
persistence,24,relative_humidity_2m,12.0
persistence,24,cloud_cover,60.0
persistence,24,wind_speed_100m,1.0999999999999996
persistence,24,wind_speed_10m,0.7000000000000002
persistence,24,surface_pressure,0.20000000000004547
persistence,24,precipitation,0.2
climatology,1,shortwave_radiation,220.1428571428571
climatology,1,direct_normal_irradiance,353.9714285714285
climatology,1,diffuse_radiation,127.71428571428572
climatology,1,temperature_2m,2.085714285714282
climatology,1,relative_humidity_2m,12.642857142857139
climatology,1,cloud_cover,5.285714285714292
climatology,1,wind_speed_100m,1.307142857142857
climatology,1,wind_speed_10m,1.3428571428571425
climatology,1,surface_pressure,0.7857142857143344
climatology,1,precipitation,1.2999999999999998
climatology,6,shortwave_radiation,98.92857142857142
climatology,6,direct_normal_irradiance,297.35714285714283
climatology,6,diffuse_radiation,34.428571428571416
climatology,6,temperature_2m,0.9499999999999993
climatology,6,relative_humidity_2m,5.571428571428569
climatology,6,cloud_cover,35.28571428571429
climatology,6,wind_speed_100m,1.314285714285715
climatology,6,wind_speed_10m,1.321428571428572
climatology,6,surface_pressure,0.3214285714285552
climatology,6,precipitation,1.2999999999999998
climatology,12,temperature_2m,0.5
climatology,12,relative_humidity_2m,5.0
climatology,12,cloud_cover,3.5714285714285694
climatology,12,wind_speed_100m,2.1071428571428568
climatology,12,wind_speed_10m,2.478571428571429
climatology,12,surface_pressure,0.34285714285704216
climatology,12,precipitation,0.43571428571428567
climatology,24,shortwave_radiation,215.57142857142856
climatology,24,direct_normal_irradiance,390.61428571428576
climatology,24,diffuse_radiation,135.78571428571428
climatology,24,temperature_2m,3.6857142857142904
climatology,24,relative_humidity_2m,22.07142857142857
climatology,24,cloud_cover,53.57142857142857
climatology,24,wind_speed_100m,1.8428571428571408
climatology,24,wind_speed_10m,1.5071428571428571
climatology,24,surface_pressure,0.9642857142857792
climatology,24,precipitation,3.492857142857143
arima,1,shortwave_radiation,51.79279501756264
arima,1,direct_normal_irradiance,40.86920898458936
arima,1,diffuse_radiation,19.71435349386934
arima,1,temperature_2m,0.3134878830125061
arima,1,relative_humidity_2m,0.6970715761224398
arima,1,cloud_cover,0.8416710696590286
arima,1,wind_speed_100m,1.8713144452408592
arima,1,wind_speed_10m,0.084030114297728
arima,1,surface_pressure,0.386693207887447
arima,1,precipitation,0.06045964366268286
arima,6,shortwave_radiation,449.0745954594578
arima,6,direct_normal_irradiance,318.36474626775373
arima,6,diffuse_radiation,92.84518598932272
arima,6,temperature_2m,4.213154783103828
arima,6,relative_humidity_2m,23.325913890204873
arima,6,cloud_cover,32.09811648979152
arima,6,wind_speed_100m,1.8666570254414028
arima,6,wind_speed_10m,1.4546695830100784
arima,6,surface_pressure,1.047309091415059
arima,6,precipitation,0.05367708649582842
arima,12,temperature_2m,7.613443680615758
arima,12,relative_humidity_2m,37.35059518488035
arima,12,cloud_cover,3.1533970430482015
arima,12,wind_speed_100m,3.875882298576511
arima,12,wind_speed_10m,2.7445832088575433
arima,12,surface_pressure,4.385695377338266
arima,12,precipitation,0.3786246108758526
arima,24,shortwave_radiation,76.38320137101448
arima,24,direct_normal_irradiance,152.309305927242
arima,24,diffuse_radiation,102.0944277737014
arima,24,temperature_2m,1.586555968352414
arima,24,relative_humidity_2m,9.649183041175803
arima,24,cloud_cover,55.82920757845298
arima,24,wind_speed_100m,4.525120905088113
arima,24,wind_speed_10m,0.8554566280044869
arima,24,surface_pressure,0.228661612179053
arima,24,precipitation,0.38391361037812427
persistence,1,shortwave_radiation,50.0
persistence,1,direct_normal_irradiance,195.20000000000002
persistence,1,diffuse_radiation,10.0
persistence,1,temperature_2m,1.3000000000000007
persistence,1,relative_humidity_2m,2.0
persistence,1,cloud_cover,1.0
persistence,1,wind_speed_100m,1.2999999999999998
persistence,1,wind_speed_10m,1.0
persistence,1,surface_pressure,0.10000000000002274
persistence,1,precipitation,0.1
persistence,6,temperature_2m,1.0
persistence,6,relative_humidity_2m,1.0
persistence,6,cloud_cover,1.0
persistence,6,wind_speed_100m,6.4
persistence,6,wind_speed_10m,3.5000000000000004
persistence,6,surface_pressure,0.2999999999999545
persistence,6,precipitation,0.0
persistence,12,temperature_2m,3.299999999999999
persistence,12,relative_humidity_2m,1.0
persistence,12,cloud_cover,0.0
persistence,12,wind_speed_100m,2.4
persistence,12,wind_speed_10m,1.2000000000000002
persistence,12,surface_pressure,2.599999999999909
persistence,12,precipitation,6.1
persistence,24,shortwave_radiation,65.0
persistence,24,direct_normal_irradiance,252.09999999999997
persistence,24,diffuse_radiation,49.0
persistence,24,temperature_2m,3.3000000000000007
persistence,24,relative_humidity_2m,2.0
persistence,24,cloud_cover,0.0
persistence,24,wind_speed_100m,0.5
persistence,24,wind_speed_10m,0.9000000000000004
persistence,24,surface_pressure,0.10000000000002274
persistence,24,precipitation,1.2
climatology,1,shortwave_radiation,66.64285714285714
climatology,1,direct_normal_irradiance,290.4642857142857
climatology,1,diffuse_radiation,7.357142857142854
climatology,1,temperature_2m,1.7428571428571455
climatology,1,relative_humidity_2m,0.9285714285714306
climatology,1,cloud_cover,0.0714285714285694
climatology,1,wind_speed_100m,1.3642857142857148
climatology,1,wind_speed_10m,1.128571428571429
climatology,1,surface_pressure,0.4428571428569512
climatology,1,precipitation,0.4499999999999999
climatology,6,temperature_2m,0.492857142857142
climatology,6,relative_humidity_2m,6.071428571428569
climatology,6,cloud_cover,4.642857142857139
climatology,6,wind_speed_100m,4.571428571428571
climatology,6,wind_speed_10m,1.1071428571428572
climatology,6,surface_pressure,0.11428571428575651
climatology,6,precipitation,0.43571428571428567
climatology,12,temperature_2m,1.8142857142857132
climatology,12,relative_humidity_2m,4.071428571428569
climatology,12,cloud_cover,0.4285714285714306
climatology,12,wind_speed_100m,0.8714285714285714
climatology,12,wind_speed_10m,0.2357142857142862
climatology,12,surface_pressure,1.7428571428569057
climatology,12,precipitation,5.792857142857143
climatology,24,shortwave_radiation,44.928571428571445
climatology,24,direct_normal_irradiance,24.89285714285711
climatology,24,diffuse_radiation,34.928571428571416
climatology,24,temperature_2m,0.8571428571428559
climatology,24,relative_humidity_2m,1.1428571428571388
climatology,24,cloud_cover,3.285714285714292
climatology,24,wind_speed_100m,2.314285714285714
climatology,24,wind_speed_10m,1.3285714285714283
climatology,24,surface_pressure,0.1785714285715585
climatology,24,precipitation,0.17857142857142905
persistence,1,temperature_2m,1.4000000000000004
persistence,1,relative_humidity_2m,0.0
persistence,1,cloud_cover,0.0
persistence,1,wind_speed_100m,3.9
persistence,1,wind_speed_10m,0.6000000000000001
persistence,1,surface_pressure,0.599999999999909
persistence,1,precipitation,0.3
persistence,6,temperature_2m,1.4000000000000004
persistence,6,relative_humidity_2m,1.0
persistence,6,cloud_cover,0.0
persistence,6,wind_speed_100m,3.2
persistence,6,wind_speed_10m,1.7999999999999998
persistence,6,surface_pressure,0.40000000000009095
persistence,6,precipitation,5.8
persistence,12,shortwave_radiation,265.0
persistence,12,direct_normal_irradiance,146.1
persistence,12,diffuse_radiation,135.0
persistence,12,temperature_2m,0.09999999999999964
persistence,12,relative_humidity_2m,6.0
persistence,12,cloud_cover,0.0
persistence,12,wind_speed_100m,1.4000000000000004
persistence,12,wind_speed_10m,0.7999999999999998
persistence,12,surface_pressure,1.2000000000000455
persistence,12,precipitation,0.0
persistence,24,temperature_2m,2.0999999999999996
persistence,24,relative_humidity_2m,3.0
persistence,24,cloud_cover,15.0
persistence,24,wind_speed_100m,2.3000000000000003
persistence,24,wind_speed_10m,0.5
persistence,24,surface_pressure,1.400000000000091
persistence,24,precipitation,0.3
climatology,1,temperature_2m,0.1571428571428548
climatology,1,relative_humidity_2m,6.785714285714292
climatology,1,cloud_cover,6.071428571428569
climatology,1,wind_speed_100m,3.1500000000000004
climatology,1,wind_speed_10m,1.7642857142857145
climatology,1,surface_pressure,1.4857142857142662
climatology,1,precipitation,0.02857142857142858
climatology,6,temperature_2m,0.10714285714285587
climatology,6,relative_humidity_2m,4.785714285714292
climatology,6,cloud_cover,0.4285714285714306
climatology,6,wind_speed_100m,4.321428571428571
climatology,6,wind_speed_10m,2.6071428571428568
climatology,6,surface_pressure,1.6785714285714448
climatology,6,precipitation,0.4428571428571429
climatology,12,shortwave_radiation,46.14285714285711
climatology,12,direct_normal_irradiance,259.8928571428571
climatology,12,diffuse_radiation,181.21428571428572
climatology,12,temperature_2m,1.571428571428573
climatology,12,relative_humidity_2m,1.5
climatology,12,cloud_cover,10.57142857142857
climatology,12,wind_speed_100m,0.39285714285714324
climatology,12,wind_speed_10m,0.31428571428571406
climatology,12,surface_pressure,1.328571428571422
climatology,12,precipitation,3.228571428571429
climatology,24,temperature_2m,2.2857142857142847
climatology,24,relative_humidity_2m,2.0
climatology,24,cloud_cover,10.42857142857143
climatology,24,wind_speed_100m,0.6785714285714288
climatology,24,wind_speed_10m,0.8499999999999999
climatology,24,surface_pressure,0.10000000000025011
climatology,24,precipitation,0.4571428571428572
persistence,1,temperature_2m,1.6000000000000014
persistence,1,relative_humidity_2m,8.0
persistence,1,cloud_cover,80.0
persistence,1,wind_speed_100m,4.1
persistence,1,wind_speed_10m,3.4
persistence,1,surface_pressure,1.0
persistence,1,precipitation,0.2
persistence,6,shortwave_radiation,290.0
persistence,6,direct_normal_irradiance,695.3
persistence,6,diffuse_radiation,329.0
persistence,6,temperature_2m,2.099999999999998
persistence,6,relative_humidity_2m,10.0
persistence,6,cloud_cover,76.0
persistence,6,wind_speed_100m,3.3000000000000007
persistence,6,wind_speed_10m,2.7
persistence,6,surface_pressure,0.6999999999999318
persistence,6,precipitation,0.2
persistence,12,shortwave_radiation,63.0
persistence,12,direct_normal_irradiance,350.70000000000005
persistence,12,diffuse_radiation,94.0
persistence,12,temperature_2m,0.20000000000000107
persistence,12,relative_humidity_2m,0.0
persistence,12,cloud_cover,69.0
persistence,12,wind_speed_100m,4.9
persistence,12,wind_speed_10m,3.3999999999999995
persistence,12,surface_pressure,0.599999999999909
persistence,12,precipitation,0.1
persistence,24,temperature_2m,0.8000000000000007
persistence,24,relative_humidity_2m,6.0
persistence,24,cloud_cover,23.0
persistence,24,wind_speed_100m,0.10000000000000009
persistence,24,wind_speed_10m,1.2
persistence,24,surface_pressure,0.20000000000004547
persistence,24,precipitation,0.0
climatology,1,temperature_2m,1.5642857142857185
climatology,1,relative_humidity_2m,3.357142857142861
climatology,1,cloud_cover,78.5
climatology,1,wind_speed_100m,2.500000000000001
climatology,1,wind_speed_10m,1.4857142857142858
climatology,1,surface_pressure,0.5571428571429351
climatology,1,precipitation,0.5928571428571427
climatology,6,shortwave_radiation,252.57142857142856
climatology,6,direct_normal_irradiance,468.1571428571429
climatology,6,diffuse_radiation,167.42857142857144
climatology,6,temperature_2m,0.649999999999995
climatology,6,relative_humidity_2m,8.42857142857143
climatology,6,cloud_cover,69.35714285714286
climatology,6,wind_speed_100m,2.757142857142858
climatology,6,wind_speed_10m,2.2857142857142856
climatology,6,surface_pressure,1.8785714285711492
climatology,6,precipitation,3.421428571428572
climatology,12,shortwave_radiation,94.21428571428572
climatology,12,direct_normal_irradiance,329.8214285714286
climatology,12,diffuse_radiation,52.5
climatology,12,temperature_2m,0.07142857142857117
climatology,12,relative_humidity_2m,6.357142857142861
climatology,12,cloud_cover,65.71428571428571
climatology,12,wind_speed_100m,1.5214285714285731
climatology,12,wind_speed_10m,0.7571428571428571
climatology,12,surface_pressure,1.207142857143026
climatology,12,precipitation,1.2785714285714291
climatology,24,temperature_2m,0.6357142857142826
climatology,24,relative_humidity_2m,3.0714285714285694
climatology,24,cloud_cover,50.28571428571429
climatology,24,wind_speed_100m,0.6071428571428572
climatology,24,wind_speed_10m,0.18571428571428572
climatology,24,surface_pressure,0.22142857142841876
climatology,24,precipitation,0.6785714285714286
arima,1,temperature_2m,0.0866782635692207
arima,1,relative_humidity_2m,0.12062083792386602
arima,1,cloud_cover,30.431625743823247
arima,1,wind_speed_100m,0.5609447795247684
arima,1,wind_speed_10m,0.7896946206803853
arima,1,surface_pressure,0.23264557826519194
arima,1,precipitation,0.1780087606085607
arima,6,shortwave_radiation,876.586282719915
arima,6,direct_normal_irradiance,957.2979209203564
arima,6,diffuse_radiation,102.21257410205746
arima,6,temperature_2m,7.62492908183817
arima,6,relative_humidity_2m,24.77579437357487
arima,6,cloud_cover,66.46639332840708
arima,6,wind_speed_100m,8.857670284531133
arima,6,wind_speed_10m,9.26577120529091
arima,6,surface_pressure,4.216533064058353
arima,6,precipitation,0.34110146731989266
arima,12,shortwave_radiation,342.6521726667113
arima,12,direct_normal_irradiance,573.1978990977219
arima,12,diffuse_radiation,95.23691777512043
arima,12,temperature_2m,4.324838113007036
arima,12,relative_humidity_2m,7.7754982847694265
arima,12,cloud_cover,63.3688576410202
arima,12,wind_speed_100m,3.0316001604955645
arima,12,wind_speed_10m,4.5889558560393855
arima,12,surface_pressure,1.9728287857799387
arima,12,precipitation,0.18587400526532177
arima,24,temperature_2m,0.6248379450278758
arima,24,relative_humidity_2m,6.224501534347866
arima,24,cloud_cover,50.600405785973024
arima,24,wind_speed_100m,0.22271265111545913
arima,24,wind_speed_10m,1.589010835557611
arima,24,surface_pressure,0.2537728931820311
arima,24,precipitation,0.3950441002310243
persistence,1,shortwave_radiation,99.0
persistence,1,direct_normal_irradiance,165.29999999999995
persistence,1,diffuse_radiation,62.0
persistence,1,temperature_2m,1.3000000000000007
persistence,1,relative_humidity_2m,5.0
persistence,1,cloud_cover,25.0
persistence,1,wind_speed_100m,1.5999999999999996
persistence,1,wind_speed_10m,1.200000000000001
persistence,1,surface_pressure,1.3000000000000682
persistence,1,precipitation,0.1
persistence,6,shortwave_radiation,26.0
persistence,6,direct_normal_irradiance,81.59999999999991
persistence,6,diffuse_radiation,10.0
persistence,6,temperature_2m,0.3000000000000007
persistence,6,relative_humidity_2m,3.0
persistence,6,cloud_cover,18.0
persistence,6,wind_speed_100m,3.0
persistence,6,wind_speed_10m,1.8999999999999995
persistence,6,surface_pressure,0.3000000000000682
persistence,6,precipitation,0.1
persistence,12,temperature_2m,0.9000000000000004
persistence,12,relative_humidity_2m,8.0
persistence,12,cloud_cover,16.0
persistence,12,wind_speed_100m,0.9999999999999998
persistence,12,wind_speed_10m,0.7999999999999999
persistence,12,surface_pressure,0.10000000000002274
persistence,12,precipitation,0.0
persistence,24,shortwave_radiation,27.0
persistence,24,direct_normal_irradiance,116.30000000000007
persistence,24,diffuse_radiation,76.0
persistence,24,temperature_2m,0.10000000000000142
persistence,24,relative_humidity_2m,0.0
persistence,24,cloud_cover,43.0
persistence,24,wind_speed_100m,0.6999999999999993
persistence,24,wind_speed_10m,0.5999999999999996
persistence,24,surface_pressure,0.10000000000002274
persistence,24,precipitation,0.0
climatology,1,shortwave_radiation,158.78571428571433
climatology,1,direct_normal_irradiance,285.4357142857142
climatology,1,diffuse_radiation,121.85714285714283
climatology,1,temperature_2m,0.5285714285714285
climatology,1,relative_humidity_2m,8.785714285714292
climatology,1,cloud_cover,48.07142857142857
climatology,1,wind_speed_100m,2.492857142857142
climatology,1,wind_speed_10m,2.178571428571429
climatology,1,surface_pressure,0.4428571428569512
climatology,1,precipitation,1.4071428571428573
climatology,6,shortwave_radiation,105.92857142857144
climatology,6,direct_normal_irradiance,375.3071428571428
climatology,6,diffuse_radiation,60.64285714285714
climatology,6,temperature_2m,0.2928571428571427
climatology,6,relative_humidity_2m,8.42857142857143
climatology,6,cloud_cover,42.78571428571429
climatology,6,wind_speed_100m,1.492857142857141
climatology,6,wind_speed_10m,1.1142857142857139
climatology,6,surface_pressure,0.7428571428572468
climatology,6,precipitation,1.1857142857142857
climatology,12,temperature_2m,0.564285714285715
climatology,12,relative_humidity_2m,3.0714285714285694
climatology,12,cloud_cover,60.0
climatology,12,wind_speed_100m,1.2357142857142858
climatology,12,wind_speed_10m,1.7142857142857144
climatology,12,surface_pressure,0.33571428571428896
climatology,12,precipitation,0.4428571428571429
climatology,24,shortwave_radiation,129.28571428571433
climatology,24,direct_normal_irradiance,201.73571428571427
climatology,24,diffuse_radiation,54.428571428571416
climatology,24,temperature_2m,0.08571428571428896
climatology,24,relative_humidity_2m,8.785714285714292
climatology,24,cloud_cover,10.142857142857139
climatology,24,wind_speed_100m,1.0928571428571434
climatology,24,wind_speed_10m,0.8071428571428569
climatology,24,surface_pressure,0.3714285714285097
climatology,24,precipitation,2.328571428571429
persistence,1,shortwave_radiation,0.0
persistence,1,direct_normal_irradiance,36.80000000000001
persistence,1,diffuse_radiation,7.0
persistence,1,temperature_2m,0.09999999999999964
persistence,1,relative_humidity_2m,4.0
persistence,1,cloud_cover,9.0
persistence,1,wind_speed_100m,0.39999999999999947
persistence,1,wind_speed_10m,0.5
persistence,1,surface_pressure,0.10000000000002274
persistence,1,precipitation,0.0
persistence,6,temperature_2m,0.5
persistence,6,relative_humidity_2m,5.0
persistence,6,cloud_cover,15.0
persistence,6,wind_speed_100m,0.09999999999999964
persistence,6,wind_speed_10m,0.19999999999999996
persistence,6,surface_pressure,0.6000000000000227
persistence,6,precipitation,0.0
persistence,12,temperature_2m,1.4000000000000004
persistence,12,relative_humidity_2m,4.0
persistence,12,cloud_cover,0.0
persistence,12,wind_speed_100m,3.2
persistence,12,wind_speed_10m,0.09999999999999998
persistence,12,surface_pressure,0.6000000000000227
persistence,12,precipitation,0.3
persistence,24,shortwave_radiation,71.0
persistence,24,direct_normal_irradiance,207.40000000000003
persistence,24,diffuse_radiation,21.0
persistence,24,temperature_2m,0.8999999999999986
persistence,24,relative_humidity_2m,1.0
persistence,24,cloud_cover,53.0
persistence,24,wind_speed_100m,1.0
persistence,24,wind_speed_10m,0.5999999999999996
persistence,24,surface_pressure,0.20000000000004547
persistence,24,precipitation,0.0
climatology,1,shortwave_radiation,42.5
climatology,1,direct_normal_irradiance,259.84285714285716
climatology,1,diffuse_radiation,8.92857142857143
climatology,1,temperature_2m,0.20000000000000107
climatology,1,relative_humidity_2m,2.9285714285714306
climatology,1,cloud_cover,36.92857142857143
climatology,1,wind_speed_100m,0.7499999999999991
climatology,1,wind_speed_10m,0.6000000000000005
climatology,1,surface_pressure,0.1999999999999318
climatology,1,precipitation,0.24285714285714285
climatology,6,temperature_2m,1.064285714285715
climatology,6,relative_humidity_2m,7.857142857142861
climatology,6,cloud_cover,71.78571428571429
climatology,6,wind_speed_100m,1.085714285714285
climatology,6,wind_speed_10m,1.3785714285714286
climatology,6,surface_pressure,1.0
climatology,6,precipitation,0.4428571428571429
climatology,12,temperature_2m,0.507142857142858
climatology,12,relative_humidity_2m,0.2857142857142918
climatology,12,cloud_cover,9.714285714285708
climatology,12,wind_speed_100m,2.128571428571429
climatology,12,wind_speed_10m,0.8357142857142854
climatology,12,surface_pressure,1.1368683772161603e-13
climatology,12,precipitation,0.3714285714285715
climatology,24,shortwave_radiation,90.07142857142856
climatology,24,direct_normal_irradiance,299.7428571428572
climatology,24,diffuse_radiation,41.71428571428572
climatology,24,temperature_2m,1.0142857142857125
climatology,24,relative_humidity_2m,3.714285714285708
climatology,24,cloud_cover,2.0
climatology,24,wind_speed_100m,0.7214285714285706
climatology,24,wind_speed_10m,0.9214285714285717
climatology,24,surface_pressure,0.1357142857142435
climatology,24,precipitation,0.9285714285714285
persistence,1,temperature_2m,0.6000000000000014
persistence,1,relative_humidity_2m,3.0
persistence,1,cloud_cover,72.0
persistence,1,wind_speed_100m,1.2000000000000002
persistence,1,wind_speed_10m,0.10000000000000009
persistence,1,surface_pressure,0.0
persistence,1,precipitation,0.0
persistence,6,temperature_2m,0.09999999999999964
persistence,6,relative_humidity_2m,1.0
persistence,6,cloud_cover,0.0
persistence,6,wind_speed_100m,1.3
persistence,6,wind_speed_10m,0.3
persistence,6,surface_pressure,0.0
persistence,6,precipitation,0.3
persistence,12,shortwave_radiation,103.0
persistence,12,direct_normal_irradiance,177.60000000000002
persistence,12,diffuse_radiation,55.0
persistence,12,temperature_2m,0.6999999999999993
persistence,12,relative_humidity_2m,4.0
persistence,12,cloud_cover,45.0
persistence,12,wind_speed_100m,1.0
persistence,12,wind_speed_10m,0.9000000000000004
persistence,12,surface_pressure,0.10000000000002274
persistence,12,precipitation,0.30000000000000004
persistence,24,temperature_2m,0.9000000000000004
persistence,24,relative_humidity_2m,6.0
persistence,24,cloud_cover,1.0
persistence,24,wind_speed_100m,0.30000000000000027
persistence,24,wind_speed_10m,1.8
persistence,24,surface_pressure,1.0
persistence,24,precipitation,0.1
climatology,1,temperature_2m,0.1642857142857146
climatology,1,relative_humidity_2m,6.071428571428569
climatology,1,cloud_cover,15.57142857142857
climatology,1,wind_speed_100m,0.9357142857142859
climatology,1,wind_speed_10m,0.6142857142857143
climatology,1,surface_pressure,0.5571428571428214
climatology,1,precipitation,0.32857142857142857
climatology,6,temperature_2m,0.3428571428571434
climatology,6,relative_humidity_2m,0.9285714285714306
climatology,6,cloud_cover,9.642857142857139
climatology,6,wind_speed_100m,0.7214285714285715
climatology,6,wind_speed_10m,0.9714285714285713
climatology,6,surface_pressure,0.1857142857144254
climatology,6,precipitation,0.692857142857143
climatology,12,shortwave_radiation,60.0
climatology,12,direct_normal_irradiance,122.87857142857138
climatology,12,diffuse_radiation,52.85714285714286
climatology,12,temperature_2m,0.07857142857142918
climatology,12,relative_humidity_2m,0.9285714285714306
climatology,12,cloud_cover,17.5
climatology,12,wind_speed_100m,0.09999999999999787
climatology,12,wind_speed_10m,0.25
climatology,12,surface_pressure,0.4428571428570649
climatology,12,precipitation,0.85
climatology,24,temperature_2m,0.7785714285714267
climatology,24,relative_humidity_2m,5.285714285714292
climatology,24,cloud_cover,18.214285714285708
climatology,24,wind_speed_100m,0.9571428571428573
climatology,24,wind_speed_10m,0.6428571428571428
climatology,24,surface_pressure,0.6357142857142435
climatology,24,precipitation,0.21428571428571422
arima,1,temperature_2m,0.6055167056853055
arima,1,relative_humidity_2m,5.534672722583977
arima,1,cloud_cover,11.059435371127677
arima,1,wind_speed_100m,1.3342857329310718
arima,1,wind_speed_10m,0.20046034785029843
arima,1,surface_pressure,0.2146934970504617
arima,1,precipitation,0.03726925813049666
arima,6,temperature_2m,0.8405126975527537
arima,6,relative_humidity_2m,4.254388188301149
arima,6,cloud_cover,27.125334757342188
arima,6,wind_speed_100m,0.6223313764912026
arima,6,wind_speed_10m,1.0450138560726443
arima,6,surface_pressure,0.8726448285640345
arima,6,precipitation,0.03982633381061664
arima,12,shortwave_radiation,864.7942682116781
arima,12,direct_normal_irradiance,91.81885256654925
arima,12,diffuse_radiation,64.094728141513
arima,12,temperature_2m,6.663089345343064
arima,12,relative_humidity_2m,20.728972037060444
arima,12,cloud_cover,28.957317024345656
arima,12,wind_speed_100m,6.1761604241221715
arima,12,wind_speed_10m,5.8556841937640955
arima,12,surface_pressure,3.5638785950120564
arima,12,precipitation,0.3581575872983802
arima,24,temperature_2m,1.8635901058877593
arima,24,relative_humidity_2m,7.271234476419323
arima,24,cloud_cover,29.099069389556576
arima,24,wind_speed_100m,0.3227189461507596
arima,24,wind_speed_10m,1.3610689419220277
arima,24,surface_pressure,1.124581633614639
arima,24,precipitation,0.057628688793774495
persistence,1,temperature_2m,0.3999999999999986
persistence,1,relative_humidity_2m,3.0
persistence,1,cloud_cover,0.0
persistence,1,wind_speed_100m,1.1
persistence,1,wind_speed_10m,2.3000000000000003
persistence,1,surface_pressure,1.0
persistence,1,precipitation,0.1
persistence,6,shortwave_radiation,118.0
persistence,6,direct_normal_irradiance,171.79999999999995
persistence,6,diffuse_radiation,35.0
persistence,6,temperature_2m,1.3000000000000007
persistence,6,relative_humidity_2m,6.0
persistence,6,cloud_cover,12.0
persistence,6,wind_speed_100m,0.20000000000000107
persistence,6,wind_speed_10m,0.1999999999999993
persistence,6,surface_pressure,0.20000000000004547
persistence,6,precipitation,0.10000000000000003
persistence,12,shortwave_radiation,157.0
persistence,12,direct_normal_irradiance,58.5
persistence,12,diffuse_radiation,131.0
persistence,12,temperature_2m,1.6999999999999993
persistence,12,relative_humidity_2m,13.0
persistence,12,cloud_cover,0.0
persistence,12,wind_speed_100m,1.9000000000000004
persistence,12,wind_speed_10m,0.6999999999999993
persistence,12,surface_pressure,1.2000000000000455
persistence,12,precipitation,0.0
persistence,24,temperature_2m,0.09999999999999964
persistence,24,relative_humidity_2m,1.0
persistence,24,cloud_cover,0.0
persistence,24,wind_speed_100m,0.5
persistence,24,wind_speed_10m,0.10000000000000009
persistence,24,surface_pressure,0.2999999999999545
persistence,24,precipitation,0.1
climatology,1,temperature_2m,0.5357142857142847
climatology,1,relative_humidity_2m,4.142857142857139
climatology,1,cloud_cover,10.07142857142857
climatology,1,wind_speed_100m,0.09285714285714297
climatology,1,wind_speed_10m,1.178571428571429
climatology,1,surface_pressure,0.6571428571428442
climatology,1,precipitation,0.41428571428571437
climatology,6,shortwave_radiation,62.85714285714289
climatology,6,direct_normal_irradiance,55.40000000000009
climatology,6,diffuse_radiation,16.35714285714286
climatology,6,temperature_2m,1.278571428571432
climatology,6,relative_humidity_2m,7.428571428571431
climatology,6,cloud_cover,5.5
climatology,6,wind_speed_100m,0.3357142857142854
climatology,6,wind_speed_10m,0.4642857142857135
climatology,6,surface_pressure,0.6785714285714448
climatology,6,precipitation,0.6642857142857144
climatology,12,shortwave_radiation,250.78571428571428
climatology,12,direct_normal_irradiance,373.5857142857143
climatology,12,diffuse_radiation,82.71428571428572
climatology,12,temperature_2m,1.5857142857142854
climatology,12,relative_humidity_2m,12.357142857142861
climatology,12,cloud_cover,18.35714285714286
climatology,12,wind_speed_100m,0.35714285714285676
climatology,12,wind_speed_10m,0.6428571428571432
climatology,12,surface_pressure,1.057142857142935
climatology,12,precipitation,0.4714285714285714
climatology,24,temperature_2m,0.8714285714285701
climatology,24,relative_humidity_2m,2.142857142857139
climatology,24,cloud_cover,9.642857142857139
climatology,24,wind_speed_100m,1.371428571428571
climatology,24,wind_speed_10m,1.4428571428571433
climatology,24,surface_pressure,0.41428571428571104
climatology,24,precipitation,0.6285714285714284
persistence,1,shortwave_radiation,78.0
persistence,1,direct_normal_irradiance,205.70000000000005
persistence,1,diffuse_radiation,123.0
persistence,1,temperature_2m,0.3000000000000007
persistence,1,relative_humidity_2m,2.0
persistence,1,cloud_cover,1.0
persistence,1,wind_speed_100m,0.9000000000000004
persistence,1,wind_speed_10m,0.7000000000000002
persistence,1,surface_pressure,0.5
persistence,1,precipitation,1.8000000000000003
persistence,6,shortwave_radiation,181.0
persistence,6,direct_normal_irradiance,194.4
persistence,6,diffuse_radiation,95.0
persistence,6,temperature_2m,1.1999999999999993
persistence,6,relative_humidity_2m,6.0
persistence,6,cloud_cover,0.0
persistence,6,wind_speed_100m,2.4000000000000004
persistence,6,wind_speed_10m,1.0999999999999996
persistence,6,surface_pressure,0.6000000000000227
persistence,6,precipitation,0.0
persistence,12,temperature_2m,2.1999999999999993
persistence,12,relative_humidity_2m,4.0
persistence,12,cloud_cover,0.0
persistence,12,wind_speed_100m,0.7000000000000002
persistence,12,wind_speed_10m,0.9000000000000001
persistence,12,surface_pressure,2.8999999999999773
persistence,12,precipitation,0.0
persistence,24,shortwave_radiation,318.0
persistence,24,direct_normal_irradiance,380.1
persistence,24,diffuse_radiation,22.0
persistence,24,temperature_2m,1.6000000000000014
persistence,24,relative_humidity_2m,17.0
persistence,24,cloud_cover,0.0
persistence,24,wind_speed_100m,3.700000000000001
persistence,24,wind_speed_10m,2.8000000000000003
persistence,24,surface_pressure,0.10000000000002274
persistence,24,precipitation,1.7
climatology,1,shortwave_radiation,194.1428571428571
climatology,1,direct_normal_irradiance,309.4142857142857
climatology,1,diffuse_radiation,106.57142857142858
climatology,1,temperature_2m,1.0785714285714256
climatology,1,relative_humidity_2m,10.857142857142861
climatology,1,cloud_cover,18.57142857142857
climatology,1,wind_speed_100m,0.08571428571428719
climatology,1,wind_speed_10m,0.20000000000000018
climatology,1,surface_pressure,1.2000000000000455
climatology,1,precipitation,1.6571428571428575
climatology,6,shortwave_radiation,65.57142857142856
climatology,6,direct_normal_irradiance,178.08571428571432
climatology,6,diffuse_radiation,16.0
climatology,6,temperature_2m,0.3714285714285719
climatology,6,relative_humidity_2m,6.214285714285708
climatology,6,cloud_cover,18.35714285714286
climatology,6,wind_speed_100m,2.6714285714285717
climatology,6,wind_speed_10m,1.685714285714286
climatology,6,surface_pressure,0.4357142857143117
climatology,6,precipitation,0.30714285714285705
climatology,12,temperature_2m,1.4071428571428566
climatology,12,relative_humidity_2m,0.2857142857142918
climatology,12,cloud_cover,18.214285714285708
climatology,12,wind_speed_100m,0.6357142857142861
climatology,12,wind_speed_10m,0.22857142857142887
climatology,12,surface_pressure,2.3500000000001364
climatology,12,precipitation,0.17142857142857143
climatology,24,shortwave_radiation,83.5
climatology,24,direct_normal_irradiance,137.3571428571429
climatology,24,diffuse_radiation,36.14285714285714
climatology,24,temperature_2m,1.0428571428571445
climatology,24,relative_humidity_2m,7.714285714285708
climatology,24,cloud_cover,18.35714285714286
climatology,24,wind_speed_100m,0.46428571428571175
climatology,24,wind_speed_10m,0.5142857142857142
climatology,24,surface_pressure,1.6214285714286234
climatology,24,precipitation,2.207142857142857
persistence,1,shortwave_radiation,12.0
persistence,1,direct_normal_irradiance,0.30000000000000426
persistence,1,diffuse_radiation,12.0
persistence,1,temperature_2m,0.3000000000000007
persistence,1,relative_humidity_2m,4.0
persistence,1,cloud_cover,0.0
persistence,1,wind_speed_100m,2.4
persistence,1,wind_speed_10m,2.0999999999999996
persistence,1,surface_pressure,0.599999999999909
persistence,1,precipitation,0.0
persistence,6,temperature_2m,0.5999999999999996
persistence,6,relative_humidity_2m,4.0
persistence,6,cloud_cover,41.0
persistence,6,wind_speed_100m,1.8
persistence,6,wind_speed_10m,1.2000000000000002
persistence,6,surface_pressure,0.6999999999999318
persistence,6,precipitation,0.0
persistence,12,temperature_2m,0.9000000000000004
persistence,12,relative_humidity_2m,6.0
persistence,12,cloud_cover,0.0
persistence,12,wind_speed_100m,2.0999999999999996
persistence,12,wind_speed_10m,2.2
persistence,12,surface_pressure,1.3999999999999773
persistence,12,precipitation,0.0
persistence,24,shortwave_radiation,95.0
persistence,24,direct_normal_irradiance,133.7
persistence,24,diffuse_radiation,36.0
persistence,24,temperature_2m,0.5
persistence,24,relative_humidity_2m,5.0
persistence,24,cloud_cover,0.0
persistence,24,wind_speed_100m,3.3000000000000003
persistence,24,wind_speed_10m,1.8000000000000003
persistence,24,surface_pressure,0.1999999999999318
persistence,24,precipitation,0.6000000000000001
climatology,1,shortwave_radiation,34.5
climatology,1,direct_normal_irradiance,151.82857142857142
climatology,1,diffuse_radiation,3.2857142857142847
climatology,1,temperature_2m,0.27857142857142847
climatology,1,relative_humidity_2m,5.714285714285708
climatology,1,cloud_cover,13.42857142857143
climatology,1,wind_speed_100m,1.3642857142857139
climatology,1,wind_speed_10m,1.3357142857142863
climatology,1,surface_pressure,1.0928571428570422
climatology,1,precipitation,0.19285714285714284
climatology,6,temperature_2m,0.6357142857142861
climatology,6,relative_humidity_2m,4.142857142857139
climatology,6,cloud_cover,22.785714285714292
climatology,6,wind_speed_100m,2.45
climatology,6,wind_speed_10m,1.4499999999999997
climatology,6,surface_pressure,1.3785714285717177
climatology,6,precipitation,0.028571428571428574
climatology,12,temperature_2m,0.09285714285714342
climatology,12,relative_humidity_2m,3.714285714285708
climatology,12,cloud_cover,9.642857142857139
climatology,12,wind_speed_100m,1.6499999999999997
climatology,12,wind_speed_10m,1.0285714285714285
climatology,12,surface_pressure,0.6000000000001364
climatology,12,precipitation,0.5642857142857143
climatology,24,shortwave_radiation,163.57142857142856
climatology,24,direct_normal_irradiance,358.36428571428564
climatology,24,diffuse_radiation,2.642857142857139
climatology,24,temperature_2m,1.242857142857142
climatology,24,relative_humidity_2m,9.42857142857143
climatology,24,cloud_cover,18.35714285714286
climatology,24,wind_speed_100m,3.8071428571428565
climatology,24,wind_speed_10m,2.6928571428571435
climatology,24,surface_pressure,1.0142857142858475
climatology,24,precipitation,0.8642857142857143
arima,1,shortwave_radiation,140.7503758938827
arima,1,direct_normal_irradiance,80.0245067954072
arima,1,diffuse_radiation,81.94564131398778
arima,1,temperature_2m,0.07425065925292706
arima,1,relative_humidity_2m,8.640910292071084
arima,1,cloud_cover,0.02619678770837197
arima,1,wind_speed_100m,2.656419219912218
arima,1,wind_speed_10m,1.9853835885130495
arima,1,surface_pressure,0.060082757862346625
arima,1,precipitation,0.4596524267615885
arima,6,temperature_2m,0.7552534788327723
arima,6,relative_humidity_2m,18.360320903361625
arima,6,cloud_cover,40.94127639886226
arima,6,wind_speed_100m,6.265065550965523
arima,6,wind_speed_10m,4.945282849182842
arima,6,surface_pressure,0.6249685232082811
arima,6,precipitation,0.8708348983830989
arima,12,temperature_2m,0.717860884822116
arima,12,relative_humidity_2m,2.996345248914068
arima,12,cloud_cover,0.0616098955856188
arima,12,wind_speed_100m,5.622748286669516
arima,12,wind_speed_10m,5.018134751274352
arima,12,surface_pressure,0.37742792725828167
arima,12,precipitation,0.871897957321712
arima,24,shortwave_radiation,164.10066206274786
arima,24,direct_normal_irradiance,101.54916636830127
arima,24,diffuse_radiation,17.62564385742715
arima,24,temperature_2m,0.1343465030106632
arima,24,relative_humidity_2m,4.995981266721202
arima,24,cloud_cover,0.06176279288644082
arima,24,wind_speed_100m,3.3129796868821155
arima,24,wind_speed_10m,2.416700493379801
arima,24,surface_pressure,0.6208689238690113
arima,24,precipitation,0.2280823477728685
persistence,1,temperature_2m,0.9000000000000004
persistence,1,relative_humidity_2m,11.0
persistence,1,cloud_cover,29.0
persistence,1,wind_speed_100m,0.5
persistence,1,wind_speed_10m,0.30000000000000004
persistence,1,surface_pressure,1.2000000000000455
persistence,1,precipitation,0.0
persistence,6,temperature_2m,1.0999999999999996
persistence,6,relative_humidity_2m,11.0
persistence,6,cloud_cover,5.0
persistence,6,wind_speed_100m,0.19999999999999996
persistence,6,wind_speed_10m,0.09999999999999998
persistence,6,surface_pressure,0.8000000000000682
persistence,6,precipitation,0.3
persistence,12,shortwave_radiation,178.0
persistence,12,direct_normal_irradiance,216.9
persistence,12,diffuse_radiation,16.0
persistence,12,temperature_2m,1.1999999999999993
persistence,12,relative_humidity_2m,1.0
persistence,12,cloud_cover,1.0
persistence,12,wind_speed_100m,4.3999999999999995
persistence,12,wind_speed_10m,2.9000000000000004
persistence,12,surface_pressure,1.2999999999999545
persistence,12,precipitation,2.5999999999999996
persistence,24,temperature_2m,0.5
persistence,24,relative_humidity_2m,0.0
persistence,24,cloud_cover,56.0
persistence,24,wind_speed_100m,1.5
persistence,24,wind_speed_10m,1.2000000000000002
persistence,24,surface_pressure,0.39999999999997726
persistence,24,precipitation,0.0
climatology,1,temperature_2m,0.049999999999998934
climatology,1,relative_humidity_2m,6.642857142857139
climatology,1,cloud_cover,16.785714285714292
climatology,1,wind_speed_100m,0.05714285714285827
climatology,1,wind_speed_10m,0.7500000000000002
climatology,1,surface_pressure,0.17142857142846424
climatology,1,precipitation,0.07857142857142856
climatology,6,temperature_2m,1.0
climatology,6,relative_humidity_2m,14.42857142857143
climatology,6,cloud_cover,4.642857142857139
climatology,6,wind_speed_100m,1.3999999999999995
climatology,6,wind_speed_10m,0.8142857142857142
climatology,6,surface_pressure,0.27857142857135386
climatology,6,precipitation,0.25714285714285706
climatology,12,shortwave_radiation,196.78571428571433
climatology,12,direct_normal_irradiance,414.2285714285715
climatology,12,diffuse_radiation,171.21428571428572
climatology,12,temperature_2m,0.0714285714285694
climatology,12,relative_humidity_2m,6.428571428571431
climatology,12,cloud_cover,16.57142857142857
climatology,12,wind_speed_100m,5.27142857142857
climatology,12,wind_speed_10m,3.692857142857143
climatology,12,surface_pressure,0.17142857142857792
climatology,12,precipitation,0.32857142857142857
climatology,24,temperature_2m,0.5928571428571416
climatology,24,relative_humidity_2m,5.571428571428569
climatology,24,cloud_cover,36.71428571428571
climatology,24,wind_speed_100m,0.4500000000000002
climatology,24,wind_speed_10m,1.435714285714286
climatology,24,surface_pressure,0.4285714285714448
climatology,24,precipitation,0.028571428571428574
persistence,1,temperature_2m,0.0
persistence,1,relative_humidity_2m,6.0
persistence,1,cloud_cover,0.0
persistence,1,wind_speed_100m,1.0999999999999996
persistence,1,wind_speed_10m,0.20000000000000007
persistence,1,surface_pressure,0.40000000000009095
persistence,1,precipitation,0.0
persistence,6,shortwave_radiation,221.0
persistence,6,direct_normal_irradiance,458.80000000000007
persistence,6,diffuse_radiation,190.0
persistence,6,temperature_2m,1.1000000000000014
persistence,6,relative_humidity_2m,12.0
persistence,6,cloud_cover,0.0
persistence,6,wind_speed_100m,4.5
persistence,6,wind_speed_10m,3.0
persistence,6,surface_pressure,0.10000000000002274
persistence,6,precipitation,0.3
persistence,12,shortwave_radiation,60.0
persistence,12,direct_normal_irradiance,77.9
persistence,12,diffuse_radiation,26.0
persistence,12,temperature_2m,0.20000000000000107
persistence,12,relative_humidity_2m,0.0
persistence,12,cloud_cover,0.0
persistence,12,wind_speed_100m,5.699999999999999
persistence,12,wind_speed_10m,4.8
persistence,12,surface_pressure,0.2999999999999545
persistence,12,precipitation,0.9000000000000001
persistence,24,temperature_2m,0.5
persistence,24,relative_humidity_2m,1.0
persistence,24,cloud_cover,0.0
persistence,24,wind_speed_100m,2.4
persistence,24,wind_speed_10m,0.7000000000000002
persistence,24,surface_pressure,0.20000000000004547
persistence,24,precipitation,0.2
climatology,1,temperature_2m,0.5999999999999996
climatology,1,relative_humidity_2m,6.142857142857139
climatology,1,cloud_cover,9.142857142857139
climatology,1,wind_speed_100m,0.585714285714285
climatology,1,wind_speed_10m,0.4071428571428566
climatology,1,surface_pressure,0.4357142857143117
climatology,1,precipitation,0.45
climatology,6,shortwave_radiation,35.571428571428555
climatology,6,direct_normal_irradiance,62.78571428571422
climatology,6,diffuse_radiation,23.428571428571416
climatology,6,temperature_2m,1.2071428571428555
climatology,6,relative_humidity_2m,6.071428571428569
climatology,6,cloud_cover,16.64285714285714
climatology,6,wind_speed_100m,0.43571428571428417
climatology,6,wind_speed_10m,0.45000000000000107
climatology,6,surface_pressure,0.3071428571428214
climatology,6,precipitation,0.0357142857142857
climatology,12,shortwave_radiation,57.78571428571428
climatology,12,direct_normal_irradiance,161.05
climatology,12,diffuse_radiation,15.857142857142861
climatology,12,temperature_2m,0.05000000000000249
climatology,12,relative_humidity_2m,2.785714285714292
climatology,12,cloud_cover,17.64285714285714
climatology,12,wind_speed_100m,0.9285714285714288
climatology,12,wind_speed_10m,0.5214285714285714
climatology,12,surface_pressure,0.1999999999999318
climatology,12,precipitation,0.1785714285714286
climatology,24,temperature_2m,0.05000000000000071
climatology,24,relative_humidity_2m,4.5
climatology,24,cloud_cover,10.0
climatology,24,wind_speed_100m,1.1071428571428572
climatology,24,wind_speed_10m,0.6928571428571431
climatology,24,surface_pressure,0.0642857142856883
climatology,24,precipitation,0.307142857142857
persistence,1,shortwave_radiation,365.0
persistence,1,direct_normal_irradiance,573.6
persistence,1,diffuse_radiation,196.0
persistence,1,temperature_2m,1.2999999999999972
persistence,1,relative_humidity_2m,8.0
persistence,1,cloud_cover,4.0
persistence,1,wind_speed_100m,1.2999999999999998
persistence,1,wind_speed_10m,0.5
persistence,1,surface_pressure,0.5
persistence,1,precipitation,0.6
persistence,6,shortwave_radiation,10.0
persistence,6,direct_normal_irradiance,5.0
persistence,6,diffuse_radiation,8.0
persistence,6,temperature_2m,0.7000000000000011
persistence,6,relative_humidity_2m,1.0
persistence,6,cloud_cover,0.0
persistence,6,wind_speed_100m,2.8
persistence,6,wind_speed_10m,2.7
persistence,6,surface_pressure,0.2999999999999545
persistence,6,precipitation,2.3
persistence,12,temperature_2m,0.6999999999999993
persistence,12,relative_humidity_2m,1.0
persistence,12,cloud_cover,0.0
persistence,12,wind_speed_100m,1.5
persistence,12,wind_speed_10m,0.0
persistence,12,surface_pressure,0.5
persistence,12,precipitation,0.0
persistence,24,shortwave_radiation,278.0
persistence,24,direct_normal_irradiance,386.00000000000006
persistence,24,diffuse_radiation,68.0
persistence,24,temperature_2m,3.3000000000000007
persistence,24,relative_humidity_2m,14.0
persistence,24,cloud_cover,0.0
persistence,24,wind_speed_100m,5.2
persistence,24,wind_speed_10m,4.3999999999999995
persistence,24,surface_pressure,0.8999999999999773
persistence,24,precipitation,3.0
climatology,1,shortwave_radiation,287.78571428571433
climatology,1,direct_normal_irradiance,456.70714285714286
climatology,1,diffuse_radiation,158.0
climatology,1,temperature_2m,0.7785714285714285
climatology,1,relative_humidity_2m,3.0
climatology,1,cloud_cover,16.64285714285714
climatology,1,wind_speed_100m,2.7928571428571436
climatology,1,wind_speed_10m,1.5999999999999996
climatology,1,surface_pressure,0.34285714285726954
climatology,1,precipitation,0.9999999999999999
climatology,6,shortwave_radiation,37.64285714285714
climatology,6,direct_normal_irradiance,129.5214285714286
climatology,6,diffuse_radiation,21.85714285714286
climatology,6,temperature_2m,0.5999999999999996
climatology,6,relative_humidity_2m,1.3571428571428612
climatology,6,cloud_cover,15.07142857142857
climatology,6,wind_speed_100m,1.9071428571428575
climatology,6,wind_speed_10m,2.1785714285714297
climatology,6,surface_pressure,0.08571428571417528
climatology,6,precipitation,2.1285714285714286
climatology,12,temperature_2m,0.035714285714286476
climatology,12,relative_humidity_2m,5.642857142857139
climatology,12,cloud_cover,25.35714285714286
climatology,12,wind_speed_100m,0.7571428571428576
climatology,12,wind_speed_10m,0.8785714285714291
climatology,12,surface_pressure,0.7357142857141525
climatology,12,precipitation,0.028571428571428574
climatology,24,shortwave_radiation,36.785714285714334
climatology,24,direct_normal_irradiance,48.7285714285714
climatology,24,diffuse_radiation,8.857142857142861
climatology,24,temperature_2m,1.1428571428571423
climatology,24,relative_humidity_2m,0.0
climatology,24,cloud_cover,13.42857142857143
climatology,24,wind_speed_100m,0.7928571428571436
climatology,24,wind_speed_10m,0.7999999999999998
climatology,24,surface_pressure,0.6499999999998636
climatology,24,precipitation,0.6785714285714286
arima,1,shortwave_radiation,85.67564836677155
arima,1,direct_normal_irradiance,20.29697947584124
arima,1,diffuse_radiation,67.80342342286212
arima,1,temperature_2m,2.445559741000288
arima,1,relative_humidity_2m,11.210770151896043
arima,1,cloud_cover,1.2842714206251316
arima,1,wind_speed_100m,1.3752798246832283
arima,1,wind_speed_10m,1.1630624420641498
arima,1,surface_pressure,0.22425285019789953
arima,1,precipitation,1.8258232641980774
arima,6,shortwave_radiation,20.91225070275732
arima,6,direct_normal_irradiance,96.42434793142746
arima,6,diffuse_radiation,248.79430852695185
arima,6,temperature_2m,1.4759589299680247
arima,6,relative_humidity_2m,11.327445393865247
arima,6,cloud_cover,2.8188101418741383
arima,6,wind_speed_100m,0.9287289907378375
arima,6,wind_speed_10m,0.007732526710821475
arima,6,surface_pressure,1.8174268215909706
arima,6,precipitation,2.0400097702713125
arima,12,temperature_2m,0.6246524990958129
arima,12,relative_humidity_2m,0.20922927535104918
arima,12,cloud_cover,2.964887959958162
arima,12,wind_speed_100m,1.7960154510801565
arima,12,wind_speed_10m,2.4486336202237533
arima,12,surface_pressure,0.7995495179445697
arima,12,precipitation,0.4044298633591738
arima,24,shortwave_radiation,558.3100408006748
arima,24,direct_normal_irradiance,516.8558563752491
arima,24,diffuse_radiation,160.90072774635541
arima,24,temperature_2m,5.3753385265999505
arima,24,relative_humidity_2m,14.533432115327386
arima,24,cloud_cover,2.973115678098651
arima,24,wind_speed_100m,4.505556154723785
arima,24,wind_speed_10m,4.049045784301043
arima,24,surface_pressure,2.7006110701462376
arima,24,precipitation,0.3092810115494732
persistence,1,shortwave_radiation,4.0
persistence,1,direct_normal_irradiance,63.7
persistence,1,diffuse_radiation,8.0
persistence,1,temperature_2m,0.29999999999999893
persistence,1,relative_humidity_2m,1.0
persistence,1,cloud_cover,1.0
persistence,1,wind_speed_100m,1.3000000000000007
persistence,1,wind_speed_10m,0.5
persistence,1,surface_pressure,0.1999999999999318
persistence,1,precipitation,1.4
persistence,6,temperature_2m,0.40000000000000036
persistence,6,relative_humidity_2m,1.0
persistence,6,cloud_cover,20.0
persistence,6,wind_speed_100m,0.30000000000000004
persistence,6,wind_speed_10m,0.30000000000000004
persistence,6,surface_pressure,1.1000000000000227
persistence,6,precipitation,0.0
persistence,12,temperature_2m,2.5
persistence,12,relative_humidity_2m,7.0
persistence,12,cloud_cover,3.0
persistence,12,wind_speed_100m,1.7
persistence,12,wind_speed_10m,0.6
persistence,12,surface_pressure,2.0
persistence,12,precipitation,0.1
persistence,24,shortwave_radiation,45.0
persistence,24,direct_normal_irradiance,173.2
persistence,24,diffuse_radiation,30.0
persistence,24,temperature_2m,0.29999999999999893
persistence,24,relative_humidity_2m,0.0
persistence,24,cloud_cover,5.0
persistence,24,wind_speed_100m,2.8
persistence,24,wind_speed_10m,2.5000000000000004
persistence,24,surface_pressure,0.6000000000000227
persistence,24,precipitation,0.5
climatology,1,shortwave_radiation,22.714285714285708
climatology,1,direct_normal_irradiance,59.26428571428572
climatology,1,diffuse_radiation,9.92857142857143
climatology,1,temperature_2m,0.2214285714285733
climatology,1,relative_humidity_2m,1.7857142857142918
climatology,1,cloud_cover,12.357142857142861
climatology,1,wind_speed_100m,2.8428571428571434
climatology,1,wind_speed_10m,1.3285714285714278
climatology,1,surface_pressure,0.09285714285692848
climatology,1,precipitation,1.5142857142857142
climatology,6,temperature_2m,0.2857142857142847
climatology,6,relative_humidity_2m,3.9285714285714306
climatology,6,cloud_cover,5.357142857142861
climatology,6,wind_speed_100m,0.6571428571428568
climatology,6,wind_speed_10m,0.5571428571428575
climatology,6,surface_pressure,0.4357142857143117
climatology,6,precipitation,0.028571428571428574
climatology,12,temperature_2m,1.62857142857143
climatology,12,relative_humidity_2m,4.5
climatology,12,cloud_cover,7.0
climatology,12,wind_speed_100m,0.6428571428571428
climatology,12,wind_speed_10m,0.37142857142857144
climatology,12,surface_pressure,1.0071428571428669
climatology,12,precipitation,0.09285714285714286
climatology,24,shortwave_radiation,25.35714285714286
climatology,24,direct_normal_irradiance,47.292857142857116
climatology,24,diffuse_radiation,7.571428571428584
climatology,24,temperature_2m,0.242857142857142
climatology,24,relative_humidity_2m,0.1428571428571388
climatology,24,cloud_cover,10.07142857142857
climatology,24,wind_speed_100m,2.9499999999999993
climatology,24,wind_speed_10m,1.9571428571428569
climatology,24,surface_pressure,0.5785714285714221
climatology,24,precipitation,0.20714285714285724
persistence,1,temperature_2m,0.20000000000000107
persistence,1,relative_humidity_2m,6.0
persistence,1,cloud_cover,16.0
persistence,1,wind_speed_100m,1.3000000000000003
persistence,1,wind_speed_10m,0.5
persistence,1,surface_pressure,0.3000000000000682
persistence,1,precipitation,0.0
persistence,6,temperature_2m,1.3000000000000007
persistence,6,relative_humidity_2m,0.0
persistence,6,cloud_cover,3.0
persistence,6,wind_speed_100m,1.1999999999999997
persistence,6,wind_speed_10m,0.5
persistence,6,surface_pressure,0.5
persistence,6,precipitation,0.0
persistence,12,shortwave_radiation,58.0
persistence,12,direct_normal_irradiance,117.29999999999995
persistence,12,diffuse_radiation,47.0
persistence,12,temperature_2m,0.6000000000000014
persistence,12,relative_humidity_2m,1.0
persistence,12,cloud_cover,18.0
persistence,12,wind_speed_100m,2.1000000000000014
persistence,12,wind_speed_10m,1.700000000000001
persistence,12,surface_pressure,0.5
persistence,12,precipitation,0.09999999999999998
persistence,24,temperature_2m,0.3000000000000007
persistence,24,relative_humidity_2m,4.0
persistence,24,cloud_cover,31.0
persistence,24,wind_speed_100m,0.9999999999999999
persistence,24,wind_speed_10m,1.5999999999999999
persistence,24,surface_pressure,0.7000000000000455
persistence,24,precipitation,0.0
climatology,1,temperature_2m,0.38571428571428434
climatology,1,relative_humidity_2m,2.857142857142861
climatology,1,cloud_cover,15.857142857142861
climatology,1,wind_speed_100m,1.192857142857143
climatology,1,wind_speed_10m,0.5000000000000002
climatology,1,surface_pressure,0.13571428571435717
climatology,1,precipitation,0.014285714285714287
climatology,6,temperature_2m,0.20714285714285552
climatology,6,relative_humidity_2m,4.5
climatology,6,cloud_cover,10.214285714285708
climatology,6,wind_speed_100m,0.3214285714285716
climatology,6,wind_speed_10m,0.6642857142857144
climatology,6,surface_pressure,0.35714285714277594
climatology,6,precipitation,0.07142857142857142
climatology,12,shortwave_radiation,113.35714285714289
climatology,12,direct_normal_irradiance,202.4357142857143
climatology,12,diffuse_radiation,70.21428571428572
climatology,12,temperature_2m,0.5142857142857125
climatology,12,relative_humidity_2m,6.785714285714292
climatology,12,cloud_cover,34.5
climatology,12,wind_speed_100m,0.22857142857142687
climatology,12,wind_speed_10m,0.028571428571429358
climatology,12,surface_pressure,0.3857142857143572
climatology,12,precipitation,0.47142857142857136
climatology,24,temperature_2m,0.23571428571428577
climatology,24,relative_humidity_2m,1.2857142857142918
climatology,24,cloud_cover,7.142857142857139
climatology,24,wind_speed_100m,1.2428571428571433
climatology,24,wind_speed_10m,0.08571428571428585
climatology,24,surface_pressure,0.3142857142856883
climatology,24,precipitation,0.0071428571428571435
persistence,1,temperature_2m,0.40000000000000036
persistence,1,relative_humidity_2m,10.0
persistence,1,cloud_cover,55.0
persistence,1,wind_speed_100m,0.6999999999999997
persistence,1,wind_speed_10m,1.2000000000000002
persistence,1,surface_pressure,0.6000000000000227
persistence,1,precipitation,0.0
persistence,6,shortwave_radiation,73.0
persistence,6,direct_normal_irradiance,236.5
persistence,6,diffuse_radiation,139.0
persistence,6,temperature_2m,1.4000000000000021
persistence,6,relative_humidity_2m,1.0
persistence,6,cloud_cover,53.0
persistence,6,wind_speed_100m,3.8999999999999995
persistence,6,wind_speed_10m,2.3999999999999995
persistence,6,surface_pressure,0.1999999999999318
persistence,6,precipitation,0.09999999999999998
persistence,12,shortwave_radiation,49.0
persistence,12,direct_normal_irradiance,91.80000000000001
persistence,12,diffuse_radiation,9.0
persistence,12,temperature_2m,0.0
persistence,12,relative_humidity_2m,6.0
persistence,12,cloud_cover,10.0
persistence,12,wind_speed_100m,0.7999999999999998
persistence,12,wind_speed_10m,1.0
persistence,12,surface_pressure,0.2999999999999545
persistence,12,precipitation,0.8
persistence,24,temperature_2m,1.5
persistence,24,relative_humidity_2m,3.0
persistence,24,cloud_cover,5.0
persistence,24,wind_speed_100m,3.4
persistence,24,wind_speed_10m,1.1
persistence,24,surface_pressure,1.1999999999999318
persistence,24,precipitation,0.0
climatology,1,temperature_2m,0.12857142857142811
climatology,1,relative_humidity_2m,7.571428571428569
climatology,1,cloud_cover,8.642857142857139
climatology,1,wind_speed_100m,0.4928571428571433
climatology,1,wind_speed_10m,0.4500000000000002
climatology,1,surface_pressure,0.7000000000000455
climatology,1,precipitation,0.014285714285714287
climatology,6,shortwave_radiation,46.071428571428555
climatology,6,direct_normal_irradiance,23.442857142857065
climatology,6,diffuse_radiation,65.42857142857142
climatology,6,temperature_2m,1.9285714285714306
climatology,6,relative_humidity_2m,5.857142857142861
climatology,6,cloud_cover,16.85714285714286
climatology,6,wind_speed_100m,3.4857142857142867
climatology,6,wind_speed_10m,2.2071428571428564
climatology,6,surface_pressure,0.6714285714283506
climatology,6,precipitation,0.5928571428571427
climatology,12,shortwave_radiation,22.5
climatology,12,direct_normal_irradiance,2.5999999999999943
climatology,12,diffuse_radiation,26.071428571428584
climatology,12,temperature_2m,0.4642857142857135
climatology,12,relative_humidity_2m,1.0714285714285694
climatology,12,cloud_cover,0.5
climatology,12,wind_speed_100m,2.9714285714285706
climatology,12,wind_speed_10m,2.25
climatology,12,surface_pressure,0.07857142857130839
climatology,12,precipitation,0.47857142857142854
climatology,24,temperature_2m,1.6357142857142861
climatology,24,relative_humidity_2m,1.5714285714285694
climatology,24,cloud_cover,4.428571428571431
climatology,24,wind_speed_100m,2.2428571428571424
climatology,24,wind_speed_10m,2.307142857142857
climatology,24,surface_pressure,1.7642857142857338
climatology,24,precipitation,0.07142857142857142
arima,1,temperature_2m,0.34195607104009795
arima,1,relative_humidity_2m,1.935896799515092
arima,1,cloud_cover,3.1993477880581764
arima,1,wind_speed_100m,0.4986255645960984
arima,1,wind_speed_10m,0.7109625459451956
arima,1,surface_pressure,0.41904803715328853
arima,1,precipitation,3.435301912779367e-05
arima,6,shortwave_radiation,802.3091624851506
arima,6,direct_normal_irradiance,575.7586223811567
arima,6,diffuse_radiation,331.6559408524899
arima,6,temperature_2m,7.6615963661841935
arima,6,relative_humidity_2m,21.801611196017177
arima,6,cloud_cover,9.980940210916401
arima,6,wind_speed_100m,1.148373603035814
arima,6,wind_speed_10m,1.747982713258859
arima,6,surface_pressure,2.8655309626964254
arima,6,precipitation,0.19995930056258074
arima,12,shortwave_radiation,257.31561497462855
arima,12,direct_normal_irradiance,230.87930751861185
arima,12,diffuse_radiation,164.08161716308837
arima,12,temperature_2m,3.5556731755319397
arima,12,relative_humidity_2m,2.9423663148382957
arima,12,cloud_cover,0.9246886661932336
arima,12,wind_speed_100m,0.43718002870813644
arima,12,wind_speed_10m,0.24499626822934006
arima,12,surface_pressure,0.8873795411788024
arima,12,precipitation,0.9999593509475637
arima,24,temperature_2m,1.4443643058519235
arima,24,relative_humidity_2m,3.0606461545051076
arima,24,cloud_cover,5.986974170335813
arima,24,wind_speed_100m,2.7373948507564094
arima,24,wind_speed_10m,1.155091536994322
arima,24,surface_pressure,4.097602355474805
arima,24,precipitation,4.0588727902730704e-05
persistence,1,shortwave_radiation,15.0
persistence,1,direct_normal_irradiance,71.69999999999999
persistence,1,diffuse_radiation,85.0
persistence,1,temperature_2m,1.5
persistence,1,relative_humidity_2m,10.0
persistence,1,cloud_cover,19.0
persistence,1,wind_speed_100m,0.5999999999999996
persistence,1,wind_speed_10m,0.7999999999999998
persistence,1,surface_pressure,0.2999999999999545
persistence,1,precipitation,5.1000000000000005
persistence,6,shortwave_radiation,32.0
persistence,6,direct_normal_irradiance,54.19999999999999
persistence,6,diffuse_radiation,55.0
persistence,6,temperature_2m,0.3000000000000007
persistence,6,relative_humidity_2m,3.0
persistence,6,cloud_cover,5.0
persistence,6,wind_speed_100m,1.5
persistence,6,wind_speed_10m,1.0999999999999996
persistence,6,surface_pressure,0.39999999999997726
persistence,6,precipitation,0.7
persistence,12,temperature_2m,0.8000000000000007
persistence,12,relative_humidity_2m,6.0
persistence,12,cloud_cover,0.0
persistence,12,wind_speed_100m,0.2999999999999998
persistence,12,wind_speed_10m,1.1
persistence,12,surface_pressure,0.7000000000000455
persistence,12,precipitation,0.0
persistence,24,shortwave_radiation,161.0
persistence,24,direct_normal_irradiance,297.7
persistence,24,diffuse_radiation,106.0
persistence,24,temperature_2m,3.299999999999999
persistence,24,relative_humidity_2m,26.0
persistence,24,cloud_cover,52.0
persistence,24,wind_speed_100m,2.6000000000000005
persistence,24,wind_speed_10m,2.3
persistence,24,surface_pressure,0.7000000000000455
persistence,24,precipitation,4.8999999999999995
climatology,1,shortwave_radiation,0.7142857142856656
climatology,1,direct_normal_irradiance,3.4642857142857792
climatology,1,diffuse_radiation,3.928571428571445
climatology,1,temperature_2m,1.6857142857142868
climatology,1,relative_humidity_2m,11.285714285714292
climatology,1,cloud_cover,18.57142857142857
climatology,1,wind_speed_100m,0.742857142857142
climatology,1,wind_speed_10m,0.7428571428571429
climatology,1,surface_pressure,0.07857142857130839
climatology,1,precipitation,0.9928571428571429
climatology,6,shortwave_radiation,0.7857142857142776
climatology,6,direct_normal_irradiance,82.14285714285714
climatology,6,diffuse_radiation,34.14285714285714
climatology,6,temperature_2m,0.757142857142858
climatology,6,relative_humidity_2m,1.4285714285714306
climatology,6,cloud_cover,7.428571428571431
climatology,6,wind_speed_100m,1.0928571428571425
climatology,6,wind_speed_10m,0.8714285714285719
climatology,6,surface_pressure,0.42142857142846424
climatology,6,precipitation,0.28571428571428564
climatology,12,temperature_2m,0.5142857142857178
climatology,12,relative_humidity_2m,0.4285714285714306
climatology,12,cloud_cover,17.214285714285708
climatology,12,wind_speed_100m,1.2285714285714282
climatology,12,wind_speed_10m,0.05714285714285716
climatology,12,surface_pressure,0.15714285714295784
climatology,12,precipitation,0.0071428571428571435
climatology,24,shortwave_radiation,282.71428571428567
climatology,24,direct_normal_irradiance,410.2214285714286
climatology,24,diffuse_radiation,84.14285714285714
climatology,24,temperature_2m,1.5142857142857142
climatology,24,relative_humidity_2m,11.07142857142857
climatology,24,cloud_cover,16.785714285714292
climatology,24,wind_speed_100m,4.2285714285714295
climatology,24,wind_speed_10m,3.55
climatology,24,surface_pressure,0.7785714285715812
climatology,24,precipitation,4.2785714285714285
persistence,1,shortwave_radiation,16.0
persistence,1,direct_normal_irradiance,10.5
persistence,1,diffuse_radiation,18.0
persistence,1,temperature_2m,0.5
persistence,1,relative_humidity_2m,1.0
persistence,1,cloud_cover,2.0
persistence,1,wind_speed_100m,2.0
persistence,1,wind_speed_10m,1.3000000000000003
persistence,1,surface_pressure,0.09999999999990905
persistence,1,precipitation,0.2
persistence,6,temperature_2m,0.40000000000000036
persistence,6,relative_humidity_2m,8.0
persistence,6,cloud_cover,80.0
persistence,6,wind_speed_100m,2.0999999999999996
persistence,6,wind_speed_10m,0.6
persistence,6,surface_pressure,0.5
persistence,6,precipitation,0.0
persistence,12,temperature_2m,1.6999999999999993
persistence,12,relative_humidity_2m,2.0
persistence,12,cloud_cover,0.0
persistence,12,wind_speed_100m,2.3
persistence,12,wind_speed_10m,0.40000000000000013
persistence,12,surface_pressure,0.09999999999990905
persistence,12,precipitation,0.0
persistence,24,shortwave_radiation,42.0
persistence,24,direct_normal_irradiance,114.7
persistence,24,diffuse_radiation,7.0
persistence,24,temperature_2m,1.299999999999999
persistence,24,relative_humidity_2m,2.0
persistence,24,cloud_cover,3.0
persistence,24,wind_speed_100m,3.4000000000000004
persistence,24,wind_speed_10m,3.5000000000000004
persistence,24,surface_pressure,0.6000000000000227
persistence,24,precipitation,0.1
climatology,1,shortwave_radiation,5.571428571428569
climatology,1,direct_normal_irradiance,48.885714285714286
climatology,1,diffuse_radiation,15.57142857142857
climatology,1,temperature_2m,0.3999999999999986
climatology,1,relative_humidity_2m,0.4285714285714306
climatology,1,cloud_cover,1.5
climatology,1,wind_speed_100m,4.378571428571429
climatology,1,wind_speed_10m,2.757142857142857
climatology,1,surface_pressure,0.15000000000009095
climatology,1,precipitation,0.16428571428571426
climatology,6,temperature_2m,0.028571428571430246
climatology,6,relative_humidity_2m,8.857142857142861
climatology,6,cloud_cover,68.78571428571429
climatology,6,wind_speed_100m,0.9571428571428571
climatology,6,wind_speed_10m,0.6071428571428573
climatology,6,surface_pressure,0.3928571428569967
climatology,6,precipitation,0.0071428571428571435
climatology,12,temperature_2m,1.5642857142857132
climatology,12,relative_humidity_2m,9.5
climatology,12,cloud_cover,0.9285714285714306
climatology,12,wind_speed_100m,0.8357142857142856
climatology,12,wind_speed_10m,0.21428571428571463
climatology,12,surface_pressure,0.06428571428557461
climatology,12,precipitation,0.049999999999999996
climatology,24,shortwave_radiation,12.357142857142861
climatology,24,direct_normal_irradiance,8.1357142857143
climatology,24,diffuse_radiation,10.0
climatology,24,temperature_2m,1.5857142857142836
climatology,24,relative_humidity_2m,0.5714285714285694
climatology,24,cloud_cover,0.8571428571428612
climatology,24,wind_speed_100m,2.7642857142857142
climatology,24,wind_speed_10m,2.85
climatology,24,surface_pressure,0.4285714285715585
climatology,24,precipitation,0.6
persistence,1,temperature_2m,1.1000000000000014
persistence,1,relative_humidity_2m,3.0
persistence,1,cloud_cover,64.0
persistence,1,wind_speed_100m,2.1000000000000005
persistence,1,wind_speed_10m,0.09999999999999964
persistence,1,surface_pressure,0.1999999999999318
persistence,1,precipitation,0.0
persistence,6,temperature_2m,0.7999999999999989
persistence,6,relative_humidity_2m,1.0
persistence,6,cloud_cover,0.0
persistence,6,wind_speed_100m,1.5999999999999999
persistence,6,wind_speed_10m,0.09999999999999987
persistence,6,surface_pressure,0.5
persistence,6,precipitation,0.0
persistence,12,shortwave_radiation,167.0
persistence,12,direct_normal_irradiance,119.30000000000001
persistence,12,diffuse_radiation,60.0
persistence,12,temperature_2m,1.799999999999999
persistence,12,relative_humidity_2m,11.0
persistence,12,cloud_cover,0.0
persistence,12,wind_speed_100m,2.4000000000000004
persistence,12,wind_speed_10m,1.9
persistence,12,surface_pressure,0.8999999999999773
persistence,12,precipitation,1.6
persistence,24,temperature_2m,0.3000000000000007
persistence,24,relative_humidity_2m,1.0
persistence,24,cloud_cover,0.0
persistence,24,wind_speed_100m,1.6999999999999993
persistence,24,wind_speed_10m,1.1999999999999997
persistence,24,surface_pressure,0.10000000000002274
persistence,24,precipitation,0.0
climatology,1,temperature_2m,0.9142857142857164
climatology,1,relative_humidity_2m,8.857142857142861
climatology,1,cloud_cover,13.642857142857139
climatology,1,wind_speed_100m,4.185714285714287
climatology,1,wind_speed_10m,1.5142857142857145
climatology,1,surface_pressure,0.29285714285708764
climatology,1,precipitation,0.014285714285714287
climatology,6,temperature_2m,0.6857142857142868
climatology,6,relative_humidity_2m,9.642857142857139
climatology,6,cloud_cover,0.9285714285714306
climatology,6,wind_speed_100m,0.7785714285714289
climatology,6,wind_speed_10m,0.3999999999999999
climatology,6,surface_pressure,0.4142857142859384
climatology,6,precipitation,0.05
climatology,12,shortwave_radiation,75.35714285714289
climatology,12,direct_normal_irradiance,171.8785714285715
climatology,12,diffuse_radiation,78.28571428571428
climatology,12,temperature_2m,0.14285714285714235
climatology,12,relative_humidity_2m,8.0
climatology,12,cloud_cover,13.57142857142857
climatology,12,wind_speed_100m,1.6428571428571432
climatology,12,wind_speed_10m,1.0857142857142863
climatology,12,surface_pressure,0.14285714285722406
climatology,12,precipitation,0.8928571428571427
climatology,24,temperature_2m,0.4428571428571413
climatology,24,relative_humidity_2m,7.214285714285708
climatology,24,cloud_cover,16.85714285714286
climatology,24,wind_speed_100m,5.735714285714285
climatology,24,wind_speed_10m,2.378571428571428
climatology,24,surface_pressure,0.3500000000001364
climatology,24,precipitation,0.0
arima,1,temperature_2m,0.2128298196356475
arima,1,relative_humidity_2m,4.070505939514504
arima,1,cloud_cover,2.5089130294872177
arima,1,wind_speed_100m,1.5062045590938764
arima,1,wind_speed_10m,1.09099862376934
arima,1,surface_pressure,0.6032248177194788
arima,1,precipitation,0.1763002317376181
arima,6,temperature_2m,0.22770462422261595
arima,6,relative_humidity_2m,3.8072986976181085
arima,6,cloud_cover,7.466855128839455
arima,6,wind_speed_100m,1.7298265335675622
arima,6,wind_speed_10m,0.9199467242727895
arima,6,surface_pressure,2.9101343178866728
arima,6,precipitation,0.37940212942161505
arima,12,shortwave_radiation,586.1601259917243
arima,12,direct_normal_irradiance,284.78673707303983
arima,12,diffuse_radiation,345.9795452477489
arima,12,temperature_2m,4.678812877803619
arima,12,relative_humidity_2m,2.3701838619094815
arima,12,cloud_cover,8.390552255672603
arima,12,wind_speed_100m,0.7992048515653183
arima,12,wind_speed_10m,1.7831835760498898
arima,12,surface_pressure,3.0829323979664878
arima,12,precipitation,0.036045713177195016
arima,24,temperature_2m,0.02104570518558546
arima,24,relative_humidity_2m,3.6000966766810336
arima,24,cloud_cover,8.518962404506368
arima,24,wind_speed_100m,2.9730956626578937
arima,24,wind_speed_10m,1.6832040053702495
arima,24,surface_pressure,0.823640128730176
arima,24,precipitation,0.44658266306449906
persistence,1,temperature_2m,0.8000000000000007
persistence,1,relative_humidity_2m,3.0
persistence,1,cloud_cover,0.0
persistence,1,wind_speed_100m,9.7
persistence,1,wind_speed_10m,3.6999999999999997
persistence,1,surface_pressure,0.7999999999999545
persistence,1,precipitation,0.0
persistence,6,shortwave_radiation,241.0
persistence,6,direct_normal_irradiance,435.99999999999994
persistence,6,diffuse_radiation,150.0
persistence,6,temperature_2m,2.900000000000002
persistence,6,relative_humidity_2m,32.0
persistence,6,cloud_cover,0.0
persistence,6,wind_speed_100m,1.0999999999999996
persistence,6,wind_speed_10m,0.09999999999999964
persistence,6,surface_pressure,1.0
persistence,6,precipitation,0.4
persistence,12,shortwave_radiation,112.0
persistence,12,direct_normal_irradiance,121.89999999999999
persistence,12,diffuse_radiation,60.0
persistence,12,temperature_2m,1.1999999999999993
persistence,12,relative_humidity_2m,3.0
persistence,12,cloud_cover,0.0
persistence,12,wind_speed_100m,1.0999999999999996
persistence,12,wind_speed_10m,0.8999999999999999
persistence,12,surface_pressure,0.599999999999909
persistence,12,precipitation,0.4
persistence,24,temperature_2m,0.6999999999999993
persistence,24,relative_humidity_2m,3.0
persistence,24,cloud_cover,0.0
persistence,24,wind_speed_100m,2.8
persistence,24,wind_speed_10m,0.7000000000000002
persistence,24,surface_pressure,0.8000000000000682
persistence,24,precipitation,0.0
climatology,1,temperature_2m,1.0285714285714302
climatology,1,relative_humidity_2m,8.785714285714292
climatology,1,cloud_cover,8.142857142857139
climatology,1,wind_speed_100m,9.464285714285715
climatology,1,wind_speed_10m,3.6785714285714284
climatology,1,surface_pressure,0.5499999999999545
climatology,1,precipitation,0.0071428571428571435
climatology,6,shortwave_radiation,175.71428571428567
climatology,6,direct_normal_irradiance,285.14999999999986
climatology,6,diffuse_radiation,80.35714285714283
climatology,6,temperature_2m,2.9928571428571473
climatology,6,relative_humidity_2m,24.57142857142857
climatology,6,cloud_cover,12.714285714285708
climatology,6,wind_speed_100m,0.24285714285714288
climatology,6,wind_speed_10m,0.7785714285714285
climatology,6,surface_pressure,0.8642857142858702
climatology,6,precipitation,1.2999999999999996
climatology,12,shortwave_radiation,83.35714285714286
climatology,12,direct_normal_irradiance,120.3142857142857
climatology,12,diffuse_radiation,30.785714285714278
climatology,12,temperature_2m,0.014285714285712459
climatology,12,relative_humidity_2m,0.0
climatology,12,cloud_cover,2.357142857142861
climatology,12,wind_speed_100m,1.1499999999999995
climatology,12,wind_speed_10m,0.6928571428571426
climatology,12,surface_pressure,0.7999999999998408
climatology,12,precipitation,0.09285714285714286
climatology,24,temperature_2m,1.1285714285714281
climatology,24,relative_humidity_2m,9.5
climatology,24,cloud_cover,0.9285714285714306
climatology,24,wind_speed_100m,4.185714285714285
climatology,24,wind_speed_10m,2.064285714285714
climatology,24,surface_pressure,1.0714285714287826
climatology,24,precipitation,0.042857142857142864
persistence,1,shortwave_radiation,271.0
persistence,1,direct_normal_irradiance,424.3
persistence,1,diffuse_radiation,143.0
persistence,1,temperature_2m,0.1999999999999993
persistence,1,relative_humidity_2m,2.0
persistence,1,cloud_cover,0.0
persistence,1,wind_speed_100m,2.200000000000001
persistence,1,wind_speed_10m,0.20000000000000018
persistence,1,surface_pressure,0.0
persistence,1,precipitation,0.1
persistence,6,shortwave_radiation,51.0
persistence,6,direct_normal_irradiance,30.89999999999999
persistence,6,diffuse_radiation,38.0
persistence,6,temperature_2m,2.0
persistence,6,relative_humidity_2m,25.0
persistence,6,cloud_cover,0.0
persistence,6,wind_speed_100m,1.6
persistence,6,wind_speed_10m,2.4000000000000004
persistence,6,surface_pressure,0.1999999999999318
persistence,6,precipitation,0.5
persistence,12,temperature_2m,0.9000000000000004
persistence,12,relative_humidity_2m,12.0
persistence,12,cloud_cover,0.0
persistence,12,wind_speed_100m,2.5
persistence,12,wind_speed_10m,2.0999999999999996
persistence,12,surface_pressure,0.1999999999999318
persistence,12,precipitation,0.0
persistence,24,shortwave_radiation,144.0
persistence,24,direct_normal_irradiance,247.60000000000002
persistence,24,diffuse_radiation,78.0
persistence,24,temperature_2m,1.3000000000000007
persistence,24,relative_humidity_2m,9.0
persistence,24,cloud_cover,0.0
persistence,24,wind_speed_100m,3.299999999999999
persistence,24,wind_speed_10m,2.5999999999999996
persistence,24,surface_pressure,0.1999999999999318
persistence,24,precipitation,0.2
climatology,1,shortwave_radiation,130.57142857142856
climatology,1,direct_normal_irradiance,286.0714285714286
climatology,1,diffuse_radiation,149.28571428571428
climatology,1,temperature_2m,2.150000000000002
climatology,1,relative_humidity_2m,19.85714285714286
climatology,1,cloud_cover,11.857142857142861
climatology,1,wind_speed_100m,1.4857142857142858
climatology,1,wind_speed_10m,0.9142857142857155
climatology,1,surface_pressure,0.6428571428571104
climatology,1,precipitation,1.4785714285714289
climatology,6,shortwave_radiation,25.5
climatology,6,direct_normal_irradiance,78.72142857142859
climatology,6,diffuse_radiation,9.285714285714278
climatology,6,temperature_2m,1.992857142857142
climatology,6,relative_humidity_2m,24.785714285714292
climatology,6,cloud_cover,2.357142857142861
climatology,6,wind_speed_100m,2.650000000000001
climatology,6,wind_speed_10m,3.0000000000000004
climatology,6,surface_pressure,0.5499999999999545
climatology,6,precipitation,0.6214285714285713
climatology,12,temperature_2m,1.1642857142857146
climatology,12,relative_humidity_2m,12.714285714285708
climatology,12,cloud_cover,16.85714285714286
climatology,12,wind_speed_100m,2.8428571428571425
climatology,12,wind_speed_10m,2.085714285714286
climatology,12,surface_pressure,0.14285714285722406
climatology,12,precipitation,0.0
climatology,24,shortwave_radiation,86.64285714285711
climatology,24,direct_normal_irradiance,46.58571428571423
climatology,24,diffuse_radiation,44.71428571428572
climatology,24,temperature_2m,3.0285714285714285
climatology,24,relative_humidity_2m,25.07142857142857
climatology,24,cloud_cover,12.714285714285708
climatology,24,wind_speed_100m,5.792857142857143
climatology,24,wind_speed_10m,2.8285714285714274
climatology,24,surface_pressure,0.6142857142856428
climatology,24,precipitation,1.0928571428571427
persistence,1,temperature_2m,0.5999999999999996
persistence,1,relative_humidity_2m,10.0
persistence,1,cloud_cover,0.0
persistence,1,wind_speed_100m,2.9000000000000004
persistence,1,wind_speed_10m,2.5
persistence,1,surface_pressure,0.8000000000000682
persistence,1,precipitation,0.0
persistence,6,temperature_2m,0.5999999999999996
persistence,6,relative_humidity_2m,5.0
persistence,6,cloud_cover,1.0
persistence,6,wind_speed_100m,0.1999999999999993
persistence,6,wind_speed_10m,2.9
persistence,6,surface_pressure,1.7000000000000455
persistence,6,precipitation,0.0
persistence,12,temperature_2m,0.1999999999999993
persistence,12,relative_humidity_2m,3.0
persistence,12,cloud_cover,0.0
persistence,12,wind_speed_100m,6.699999999999999
persistence,12,wind_speed_10m,4.1000000000000005
persistence,12,surface_pressure,0.8000000000000682
persistence,12,precipitation,0.0
persistence,24,shortwave_radiation,94.0
persistence,24,direct_normal_irradiance,116.6
persistence,24,diffuse_radiation,45.0
persistence,24,temperature_2m,2.200000000000001
persistence,24,relative_humidity_2m,24.0
persistence,24,cloud_cover,2.0
persistence,24,wind_speed_100m,2.1000000000000005
persistence,24,wind_speed_10m,1.9000000000000004
persistence,24,surface_pressure,0.2999999999999545
persistence,24,precipitation,0.2
climatology,1,temperature_2m,1.0142857142857142
climatology,1,relative_humidity_2m,3.5714285714285694
climatology,1,cloud_cover,1.5
climatology,1,wind_speed_100m,0.8000000000000007
climatology,1,wind_speed_10m,0.028571428571428026
climatology,1,surface_pressure,0.7642857142857338
climatology,1,precipitation,0.3642857142857143
climatology,6,temperature_2m,1.6285714285714281
climatology,6,relative_humidity_2m,6.142857142857139
climatology,6,cloud_cover,12.92857142857143
climatology,6,wind_speed_100m,2.2571428571428576
climatology,6,wind_speed_10m,1.057142857142857
climatology,6,surface_pressure,1.4928571428571331
climatology,6,precipitation,0.0
climatology,12,temperature_2m,1.1714285714285726
climatology,12,relative_humidity_2m,9.0
climatology,12,cloud_cover,0.9285714285714306
climatology,12,wind_speed_100m,2.364285714285714
climatology,12,wind_speed_10m,0.528571428571428
climatology,12,surface_pressure,0.8571428571428896
climatology,12,precipitation,0.042857142857142864
climatology,24,shortwave_radiation,36.64285714285714
climatology,24,direct_normal_irradiance,33.32857142857142
climatology,24,diffuse_radiation,24.214285714285722
climatology,24,temperature_2m,2.671428571428571
climatology,24,relative_humidity_2m,25.214285714285708
climatology,24,cloud_cover,0.3571428571428612
climatology,24,wind_speed_100m,0.23571428571428577
climatology,24,wind_speed_10m,0.7500000000000004
climatology,24,surface_pressure,0.34285714285715585
climatology,24,precipitation,0.5214285714285714
arima,1,temperature_2m,0.06720830299332903
arima,1,relative_humidity_2m,3.1393798545259983
arima,1,cloud_cover,0.9727100791355241
arima,1,wind_speed_100m,0.9767143149904687
arima,1,wind_speed_10m,0.7800059882935901
arima,1,surface_pressure,0.17690792011330814
arima,1,precipitation,0.2094278200133853
arima,6,temperature_2m,0.5225062897926431
arima,6,relative_humidity_2m,6.154636719944364
arima,6,cloud_cover,1.9393878675617913
arima,6,wind_speed_100m,0.7700203513589168
arima,6,wind_speed_10m,2.268463596416107
arima,6,surface_pressure,1.3915786126918874
arima,6,precipitation,0.3122713302551521
arima,12,temperature_2m,1.4105642219611916
arima,12,relative_humidity_2m,8.793497201953741
arima,12,cloud_cover,3.3569471281480077
arima,12,wind_speed_100m,0.3242795565742318
arima,12,wind_speed_10m,0.4395660701141786
arima,12,surface_pressure,1.7300425068051482
arima,12,precipitation,0.3328795811935449
arima,24,shortwave_radiation,409.72289472896796
arima,24,direct_normal_irradiance,167.0677801978037
arima,24,diffuse_radiation,68.52565241050172
arima,24,temperature_2m,3.3894638024920614
arima,24,relative_humidity_2m,26.80684470909928
arima,24,cloud_cover,1.424821726043291
arima,24,wind_speed_100m,3.049075851542977
arima,24,wind_speed_10m,0.9077694030536283
arima,24,surface_pressure,0.410750343363361
arima,24,precipitation,0.33713205754391035
persistence,1,temperature_2m,2.0999999999999996
persistence,1,relative_humidity_2m,3.0
persistence,1,cloud_cover,1.0
persistence,1,wind_speed_100m,1.8000000000000007
persistence,1,wind_speed_10m,2.3999999999999995
persistence,1,surface_pressure,1.599999999999909
persistence,1,precipitation,0.0
persistence,6,temperature_2m,1.1999999999999993
persistence,6,relative_humidity_2m,3.0
persistence,6,cloud_cover,2.0
persistence,6,wind_speed_100m,0.0
persistence,6,wind_speed_10m,1.4000000000000004
persistence,6,surface_pressure,1.2000000000000455
persistence,6,precipitation,0.0
persistence,12,shortwave_radiation,261.0
persistence,12,direct_normal_irradiance,572.6
persistence,12,diffuse_radiation,252.0
persistence,12,temperature_2m,1.3000000000000007
persistence,12,relative_humidity_2m,0.0
persistence,12,cloud_cover,39.0
persistence,12,wind_speed_100m,0.09999999999999964
persistence,12,wind_speed_10m,0.20000000000000018
persistence,12,surface_pressure,0.5
persistence,12,precipitation,0.0
persistence,24,temperature_2m,0.5
persistence,24,relative_humidity_2m,10.0
persistence,24,cloud_cover,17.0
persistence,24,wind_speed_100m,7.6000000000000005
persistence,24,wind_speed_10m,3.3999999999999995
persistence,24,surface_pressure,0.6999999999999318
persistence,24,precipitation,0.0
climatology,1,temperature_2m,0.2857142857142829
climatology,1,relative_humidity_2m,3.0
climatology,1,cloud_cover,10.285714285714292
climatology,1,wind_speed_100m,5.75
climatology,1,wind_speed_10m,3.2928571428571423
climatology,1,surface_pressure,0.45714285714291236
climatology,1,precipitation,0.0
climatology,6,temperature_2m,0.06428571428571317
climatology,6,relative_humidity_2m,5.785714285714292
climatology,6,cloud_cover,1.4285714285714306
climatology,6,wind_speed_100m,2.007142857142857
climatology,6,wind_speed_10m,1.7714285714285718
climatology,6,surface_pressure,0.3714285714285097
climatology,6,precipitation,0.021428571428571432
climatology,12,shortwave_radiation,168.3571428571429
climatology,12,direct_normal_irradiance,298.1142857142857
climatology,12,diffuse_radiation,98.57142857142856
climatology,12,temperature_2m,2.392857142857146
climatology,12,relative_humidity_2m,15.142857142857139
climatology,12,cloud_cover,13.57142857142857
climatology,12,wind_speed_100m,1.121428571428571
climatology,12,wind_speed_10m,1.4928571428571416
climatology,12,surface_pressure,0.6857142857143117
climatology,12,precipitation,0.8785714285714284
climatology,24,temperature_2m,0.7785714285714267
climatology,24,relative_humidity_2m,3.142857142857139
climatology,24,cloud_cover,10.92857142857143
climatology,24,wind_speed_100m,2.564285714285714
climatology,24,wind_speed_10m,0.26428571428571423
climatology,24,surface_pressure,0.35000000000002274
climatology,24,precipitation,0.0
persistence,1,temperature_2m,1.1999999999999993
persistence,1,relative_humidity_2m,7.0
persistence,1,cloud_cover,9.0
persistence,1,wind_speed_100m,4.7
persistence,1,wind_speed_10m,3.9
persistence,1,surface_pressure,0.0
persistence,1,precipitation,0.0
persistence,6,shortwave_radiation,119.0
persistence,6,direct_normal_irradiance,184.0
persistence,6,diffuse_radiation,46.0
persistence,6,temperature_2m,1.3999999999999986
persistence,6,relative_humidity_2m,18.0
persistence,6,cloud_cover,2.0
persistence,6,wind_speed_100m,0.5
persistence,6,wind_speed_10m,1.5000000000000004
persistence,6,surface_pressure,0.10000000000002274
persistence,6,precipitation,0.2
persistence,12,shortwave_radiation,143.0
persistence,12,direct_normal_irradiance,311.9
persistence,12,diffuse_radiation,12.0
persistence,12,temperature_2m,2.8999999999999986
persistence,12,relative_humidity_2m,8.0
persistence,12,cloud_cover,1.0
persistence,12,wind_speed_100m,0.3000000000000007
persistence,12,wind_speed_10m,0.10000000000000009
persistence,12,surface_pressure,0.3000000000000682
persistence,12,precipitation,3.3
persistence,24,temperature_2m,1.1999999999999993
persistence,24,relative_humidity_2m,4.0
persistence,24,cloud_cover,6.0
persistence,24,wind_speed_100m,0.8
persistence,24,wind_speed_10m,0.6000000000000001
persistence,24,surface_pressure,0.8000000000000682
persistence,24,precipitation,0.0
climatology,1,temperature_2m,1.2857142857142865
climatology,1,relative_humidity_2m,2.5714285714285694
climatology,1,cloud_cover,8.642857142857139
climatology,1,wind_speed_100m,3.5285714285714276
climatology,1,wind_speed_10m,2.2285714285714286
climatology,1,surface_pressure,0.08571428571428896
climatology,1,precipitation,0.0071428571428571435
climatology,6,shortwave_radiation,45.85714285714289
climatology,6,direct_normal_irradiance,107.3642857142857
climatology,6,diffuse_radiation,50.0
climatology,6,temperature_2m,0.8571428571428612
climatology,6,relative_humidity_2m,3.714285714285708
climatology,6,cloud_cover,15.642857142857139
climatology,6,wind_speed_100m,0.43571428571428505
climatology,6,wind_speed_10m,0.2142857142857144
climatology,6,surface_pressure,0.5499999999999545
climatology,6,precipitation,0.6428571428571428
climatology,12,shortwave_radiation,95.92857142857142
climatology,12,direct_normal_irradiance,165.38571428571427
climatology,12,diffuse_radiation,24.928571428571416
climatology,12,temperature_2m,1.0428571428571445
climatology,12,relative_humidity_2m,5.5
climatology,12,cloud_cover,2.5714285714285694
climatology,12,wind_speed_100m,0.6214285714285714
climatology,12,wind_speed_10m,0.8857142857142861
climatology,12,surface_pressure,0.007142857142980574
climatology,12,precipitation,2.8714285714285714
climatology,24,temperature_2m,0.38571428571428434
climatology,24,relative_humidity_2m,1.0
climatology,24,cloud_cover,5.285714285714292
climatology,24,wind_speed_100m,3.135714285714286
climatology,24,wind_speed_10m,2.3357142857142854
climatology,24,surface_pressure,0.4357142857144254
climatology,24,precipitation,0.0071428571428571435
persistence,1,shortwave_radiation,23.0
persistence,1,direct_normal_irradiance,66.5
persistence,1,diffuse_radiation,42.0
persistence,1,temperature_2m,0.1999999999999993
persistence,1,relative_humidity_2m,0.0
persistence,1,cloud_cover,0.0
persistence,1,wind_speed_100m,1.7999999999999998
persistence,1,wind_speed_10m,1.5
persistence,1,surface_pressure,1.1000000000000227
persistence,1,precipitation,1.3
persistence,6,shortwave_radiation,34.0
persistence,6,direct_normal_irradiance,33.5
persistence,6,diffuse_radiation,20.0
persistence,6,temperature_2m,0.40000000000000036
persistence,6,relative_humidity_2m,3.0
persistence,6,cloud_cover,0.0
persistence,6,wind_speed_100m,2.6999999999999997
persistence,6,wind_speed_10m,1.9
persistence,6,surface_pressure,1.1999999999999318
persistence,6,precipitation,2.5
persistence,12,temperature_2m,1.5999999999999996
persistence,12,relative_humidity_2m,4.0
persistence,12,cloud_cover,0.0
persistence,12,wind_speed_100m,0.5000000000000002
persistence,12,wind_speed_10m,0.7000000000000001
persistence,12,surface_pressure,0.5
persistence,12,precipitation,1.5
persistence,24,shortwave_radiation,687.0
persistence,24,direct_normal_irradiance,743.8
persistence,24,diffuse_radiation,21.0
persistence,24,temperature_2m,4.900000000000002
persistence,24,relative_humidity_2m,19.0
persistence,24,cloud_cover,0.0
persistence,24,wind_speed_100m,4.0
persistence,24,wind_speed_10m,3.1999999999999997
persistence,24,surface_pressure,2.0
persistence,24,precipitation,1.4
climatology,1,shortwave_radiation,1.3571428571428896
climatology,1,direct_normal_irradiance,65.37142857142857
climatology,1,diffuse_radiation,64.07142857142856
climatology,1,temperature_2m,0.3357142857142854
climatology,1,relative_humidity_2m,10.0
climatology,1,cloud_cover,13.857142857142861
climatology,1,wind_speed_100m,2.250000000000001
climatology,1,wind_speed_10m,2.3857142857142843
climatology,1,surface_pressure,1.2071428571427987
climatology,1,precipitation,0.6928571428571428
climatology,6,shortwave_radiation,55.428571428571416
climatology,6,direct_normal_irradiance,121.60714285714283
climatology,6,diffuse_radiation,2.9285714285714164
climatology,6,temperature_2m,0.6714285714285726
climatology,6,relative_humidity_2m,8.5
climatology,6,cloud_cover,2.5714285714285694
climatology,6,wind_speed_100m,2.0642857142857145
climatology,6,wind_speed_10m,1.0785714285714283
climatology,6,surface_pressure,1.2000000000000455
climatology,6,precipitation,0.31428571428571433
climatology,12,temperature_2m,1.4214285714285726
climatology,12,relative_humidity_2m,8.92857142857143
climatology,12,cloud_cover,10.92857142857143
climatology,12,wind_speed_100m,2.1142857142857148
climatology,12,wind_speed_10m,1.4642857142857144
climatology,12,surface_pressure,0.42142857142846424
climatology,12,precipitation,1.5
climatology,24,shortwave_radiation,533.5
climatology,24,direct_normal_irradiance,498.99999999999994
climatology,24,diffuse_radiation,86.21428571428572
climatology,24,temperature_2m,4.435714285714283
climatology,24,relative_humidity_2m,26.92857142857143
climatology,24,cloud_cover,15.642857142857139
climatology,24,wind_speed_100m,2.6428571428571432
climatology,24,wind_speed_10m,1.407142857142857
climatology,24,surface_pressure,2.5499999999999545
climatology,24,precipitation,1.0499999999999998
arima,1,shortwave_radiation,177.53877372268835
arima,1,direct_normal_irradiance,333.02122475400984
arima,1,diffuse_radiation,147.05355563735066
arima,1,temperature_2m,0.8831285661786801
arima,1,relative_humidity_2m,2.073122136280162
arima,1,cloud_cover,0.7274815009776177
arima,1,wind_speed_100m,3.289613269940337
arima,1,wind_speed_10m,2.503945616288833
arima,1,surface_pressure,0.4470506699708494
arima,1,precipitation,1.3259959974341946
arima,6,shortwave_radiation,508.17829972424295
arima,6,direct_normal_irradiance,691.3593881881158
arima,6,diffuse_radiation,93.53473081746952
arima,6,temperature_2m,4.488865523960987
arima,6,relative_humidity_2m,17.67786514520607
arima,6,cloud_cover,2.3179367469941354
arima,6,wind_speed_100m,2.6748373415723523
arima,6,wind_speed_10m,1.6743536924133147
arima,6,surface_pressure,1.261114243534962
arima,6,precipitation,0.4756805383184673
arima,12,temperature_2m,5.498129672150826
arima,12,relative_humidity_2m,21.20093300825033
arima,12,cloud_cover,2.6129246749586486
arima,12,wind_speed_100m,2.174176879201516
arima,12,wind_speed_10m,2.285525658465826
arima,12,surface_pressure,1.7842764320099604
arima,12,precipitation,1.1695471415847645
arima,24,shortwave_radiation,616.4544279619203
arima,24,direct_normal_irradiance,733.3289643930054
arima,24,diffuse_radiation,66.5834076675178
arima,24,temperature_2m,5.198384858058027
arima,24,relative_humidity_2m,19.23553071262596
arima,24,cloud_cover,2.654828373266511
arima,24,wind_speed_100m,0.8592152034723313
arima,24,wind_speed_10m,0.046307821607377786
arima,24,surface_pressure,0.2541854655522684
arima,24,precipitation,1.3682807100615193
persistence,1,shortwave_radiation,5.0
persistence,1,direct_normal_irradiance,91.39999999999999
persistence,1,diffuse_radiation,11.0
persistence,1,temperature_2m,0.6999999999999993
persistence,1,relative_humidity_2m,1.0
persistence,1,cloud_cover,0.0
persistence,1,wind_speed_100m,2.1
persistence,1,wind_speed_10m,1.2999999999999998
persistence,1,surface_pressure,0.0
persistence,1,precipitation,0.1
persistence,6,temperature_2m,0.9000000000000004
persistence,6,relative_humidity_2m,5.0
persistence,6,cloud_cover,0.0
persistence,6,wind_speed_100m,0.5
persistence,6,wind_speed_10m,0.5000000000000001
persistence,6,surface_pressure,0.20000000000004547
persistence,6,precipitation,1.3
persistence,12,temperature_2m,0.5999999999999996
persistence,12,relative_humidity_2m,1.0
persistence,12,cloud_cover,0.0
persistence,12,wind_speed_100m,2.3999999999999995
persistence,12,wind_speed_10m,0.30000000000000004
persistence,12,surface_pressure,0.7000000000000455
persistence,12,precipitation,2.0
persistence,24,shortwave_radiation,22.0
persistence,24,direct_normal_irradiance,57.60000000000001
persistence,24,diffuse_radiation,2.0
persistence,24,temperature_2m,0.0
persistence,24,relative_humidity_2m,0.0
persistence,24,cloud_cover,0.0
persistence,24,wind_speed_100m,1.1000000000000005
persistence,24,wind_speed_10m,0.49999999999999956
persistence,24,surface_pressure,0.3000000000000682
persistence,24,precipitation,1.0999999999999999
climatology,1,shortwave_radiation,12.785714285714292
climatology,1,direct_normal_irradiance,4.635714285714286
climatology,1,diffuse_radiation,12.857142857142854
climatology,1,temperature_2m,0.9214285714285726
climatology,1,relative_humidity_2m,3.285714285714292
climatology,1,cloud_cover,1.5
climatology,1,wind_speed_100m,3.2142857142857144
climatology,1,wind_speed_10m,1.8499999999999996
climatology,1,surface_pressure,0.585714285714289
climatology,1,precipitation,0.2071428571428571
climatology,6,temperature_2m,0.35714285714285765
climatology,6,relative_humidity_2m,3.5
climatology,6,cloud_cover,9.5
climatology,6,wind_speed_100m,1.6428571428571432
climatology,6,wind_speed_10m,1.9785714285714286
climatology,6,surface_pressure,0.5785714285715358
climatology,6,precipitation,0.09285714285714287
climatology,12,temperature_2m,0.3928571428571459
climatology,12,relative_humidity_2m,10.5
climatology,12,cloud_cover,0.9285714285714306
climatology,12,wind_speed_100m,0.5285714285714285
climatology,12,wind_speed_10m,0.4785714285714282
climatology,12,surface_pressure,1.0285714285713539
climatology,12,precipitation,0.14285714285714285
climatology,24,shortwave_radiation,85.42857142857142
climatology,24,direct_normal_irradiance,124.86428571428569
climatology,24,diffuse_radiation,32.0
climatology,24,temperature_2m,1.8500000000000014
climatology,24,relative_humidity_2m,11.642857142857139
climatology,24,cloud_cover,2.214285714285708
climatology,24,wind_speed_100m,1.4785714285714286
climatology,24,wind_speed_10m,1.2142857142857135
climatology,24,surface_pressure,1.2642857142858475
climatology,24,precipitation,0.7285714285714285
persistence,1,temperature_2m,0.09999999999999964
persistence,1,relative_humidity_2m,9.0
persistence,1,cloud_cover,0.0
persistence,1,wind_speed_100m,8.0
persistence,1,wind_speed_10m,4.3
persistence,1,surface_pressure,0.1999999999999318
persistence,1,precipitation,5.7
persistence,6,temperature_2m,0.0
persistence,6,relative_humidity_2m,1.0
persistence,6,cloud_cover,0.0
persistence,6,wind_speed_100m,0.40000000000000036
persistence,6,wind_speed_10m,1.1
persistence,6,surface_pressure,0.3000000000000682
persistence,6,precipitation,0.4
persistence,12,shortwave_radiation,104.0
persistence,12,direct_normal_irradiance,116.10000000000002
persistence,12,diffuse_radiation,0.0
persistence,12,temperature_2m,2.0999999999999996
persistence,12,relative_humidity_2m,10.0
persistence,12,cloud_cover,0.0
persistence,12,wind_speed_100m,0.9000000000000004
persistence,12,wind_speed_10m,0.9000000000000004
persistence,12,surface_pressure,0.2999999999999545
persistence,12,precipitation,0.1
persistence,24,temperature_2m,0.29999999999999893
persistence,24,relative_humidity_2m,1.0
persistence,24,cloud_cover,0.0
persistence,24,wind_speed_100m,1.6000000000000005
persistence,24,wind_speed_10m,0.5
persistence,24,surface_pressure,0.7000000000000455
persistence,24,precipitation,3.3
climatology,1,temperature_2m,0.44285714285714484
climatology,1,relative_humidity_2m,12.92857142857143
climatology,1,cloud_cover,4.714285714285708
climatology,1,wind_speed_100m,3.3999999999999995
climatology,1,wind_speed_10m,1.9857142857142862
climatology,1,surface_pressure,0.5857142857144026
climatology,1,precipitation,5.7
climatology,6,temperature_2m,0.31428571428571495
climatology,6,relative_humidity_2m,11.642857142857139
climatology,6,cloud_cover,0.9285714285714306
climatology,6,wind_speed_100m,0.7214285714285706
climatology,6,wind_speed_10m,0.5071428571428571
climatology,6,surface_pressure,0.6499999999999773
climatology,6,precipitation,0.2571428571428572
climatology,12,shortwave_radiation,135.5
climatology,12,direct_normal_irradiance,187.25714285714287
climatology,12,diffuse_radiation,32.78571428571428
climatology,12,temperature_2m,2.9285714285714253
climatology,12,relative_humidity_2m,17.214285714285708
climatology,12,cloud_cover,6.785714285714292
climatology,12,wind_speed_100m,4.335714285714285
climatology,12,wind_speed_10m,3.4714285714285715
climatology,12,surface_pressure,0.9285714285713311
climatology,12,precipitation,0.5428571428571427
climatology,24,temperature_2m,0.014285714285714235
climatology,24,relative_humidity_2m,10.357142857142861
climatology,24,cloud_cover,7.0
climatology,24,wind_speed_100m,0.7499999999999991
climatology,24,wind_speed_10m,0.878571428571429
climatology,24,surface_pressure,0.9357142857143117
climatology,24,precipitation,0.26428571428571423
persistence,1,temperature_2m,0.40000000000000036
persistence,1,relative_humidity_2m,0.0
persistence,1,cloud_cover,0.0
persistence,1,wind_speed_100m,3.3000000000000003
persistence,1,wind_speed_10m,1.5
persistence,1,surface_pressure,0.09999999999990905
persistence,1,precipitation,0.0
persistence,6,shortwave_radiation,233.0
persistence,6,direct_normal_irradiance,291.1
persistence,6,diffuse_radiation,27.0
persistence,6,temperature_2m,1.0
persistence,6,relative_humidity_2m,12.0
persistence,6,cloud_cover,0.0
persistence,6,wind_speed_100m,1.5999999999999996
persistence,6,wind_speed_10m,1.1999999999999993
persistence,6,surface_pressure,0.6999999999999318
persistence,6,precipitation,0.09999999999999998
persistence,12,shortwave_radiation,103.0
persistence,12,direct_normal_irradiance,283.7
persistence,12,diffuse_radiation,14.0
persistence,12,temperature_2m,1.0
persistence,12,relative_humidity_2m,6.0
persistence,12,cloud_cover,1.0
persistence,12,wind_speed_100m,1.4000000000000004
persistence,12,wind_speed_10m,0.2999999999999998
persistence,12,surface_pressure,0.3000000000000682
persistence,12,precipitation,1.5999999999999999
persistence,24,temperature_2m,0.09999999999999964
persistence,24,relative_humidity_2m,2.0
persistence,24,cloud_cover,0.0
persistence,24,wind_speed_100m,0.5999999999999996
persistence,24,wind_speed_10m,0.3999999999999999
persistence,24,surface_pressure,0.6000000000000227
persistence,24,precipitation,0.1
climatology,1,temperature_2m,0.15000000000000036
climatology,1,relative_humidity_2m,12.42857142857143
climatology,1,cloud_cover,4.071428571428569
climatology,1,wind_speed_100m,1.7357142857142853
climatology,1,wind_speed_10m,0.6214285714285719
climatology,1,surface_pressure,0.6071428571430033
climatology,1,precipitation,0.12142857142857144
climatology,6,shortwave_radiation,119.35714285714289
climatology,6,direct_normal_irradiance,129.52857142857147
climatology,6,diffuse_radiation,4.571428571428555
climatology,6,temperature_2m,1.6642857142857128
climatology,6,relative_humidity_2m,3.857142857142861
climatology,6,cloud_cover,6.785714285714292
climatology,6,wind_speed_100m,2.314285714285714
climatology,6,wind_speed_10m,1.9928571428571438
climatology,6,surface_pressure,0.10714285714288962
climatology,6,precipitation,0.4428571428571428
climatology,12,shortwave_radiation,57.5
climatology,12,direct_normal_irradiance,215.33571428571432
climatology,12,diffuse_radiation,30.14285714285714
climatology,12,temperature_2m,1.0357142857142847
climatology,12,relative_humidity_2m,6.714285714285708
climatology,12,cloud_cover,0.5
climatology,12,wind_speed_100m,1.1714285714285708
climatology,12,wind_speed_10m,1.6428571428571423
climatology,12,surface_pressure,0.39999999999997726
climatology,12,precipitation,0.49285714285714277
climatology,24,temperature_2m,0.3000000000000007
climatology,24,relative_humidity_2m,9.642857142857139
climatology,24,cloud_cover,0.5714285714285694
climatology,24,wind_speed_100m,0.8285714285714292
climatology,24,wind_speed_10m,0.10000000000000009
climatology,24,surface_pressure,1.0071428571427532
climatology,24,precipitation,0.17857142857142858
arima,1,temperature_2m,0.11955935018071351
arima,1,relative_humidity_2m,0.8061906751670591
arima,1,cloud_cover,0.3066326504188197
arima,1,wind_speed_100m,1.734822172052668
arima,1,wind_speed_10m,0.8640413339682538
arima,1,surface_pressure,0.03341915873920698
arima,1,precipitation,0.22451726813416437
arima,6,shortwave_radiation,709.7166994003608
arima,6,direct_normal_irradiance,503.5968593481258
arima,6,diffuse_radiation,277.99947869351536
arima,6,temperature_2m,4.357105863632922
arima,6,relative_humidity_2m,23.509861470573995
arima,6,cloud_cover,0.7479937804089758
arima,6,wind_speed_100m,2.6012912143411606
arima,6,wind_speed_10m,3.6046553381493296
arima,6,surface_pressure,2.734797186173637
arima,6,precipitation,0.33003208298466663
arima,12,shortwave_radiation,229.96499498209423
arima,12,direct_normal_irradiance,324.7968303699804
arima,12,diffuse_radiation,104.99948215491737
arima,12,temperature_2m,2.2570162601622776
arima,12,relative_humidity_2m,5.857650372450564
arima,12,cloud_cover,0.1952999244767284
arima,12,wind_speed_100m,0.747209205410388
arima,12,wind_speed_10m,1.4817302234292407
arima,12,surface_pressure,0.22268501347582514
arima,12,precipitation,0.5848492165896717
arima,24,temperature_2m,0.04298369838289773
arima,24,relative_humidity_2m,1.81576101764945
arima,24,cloud_cover,0.809392819086824
arima,24,wind_speed_100m,1.649714040979351
arima,24,wind_speed_10m,0.7205532767155471
arima,24,surface_pressure,0.07164875601677068
arima,24,precipitation,0.6912714268286007
persistence,1,shortwave_radiation,114.0
persistence,1,direct_normal_irradiance,188.39999999999998
persistence,1,diffuse_radiation,69.0
persistence,1,temperature_2m,2.3999999999999986
persistence,1,relative_humidity_2m,5.0
persistence,1,cloud_cover,41.0
persistence,1,wind_speed_100m,1.5999999999999996
persistence,1,wind_speed_10m,0.8999999999999986
persistence,1,surface_pressure,0.39999999999997726
persistence,1,precipitation,1.4
persistence,6,shortwave_radiation,53.0
persistence,6,direct_normal_irradiance,210.5
persistence,6,diffuse_radiation,34.0
persistence,6,temperature_2m,1.200000000000001
persistence,6,relative_humidity_2m,0.0
persistence,6,cloud_cover,1.0
persistence,6,wind_speed_100m,4.3
persistence,6,wind_speed_10m,2.2
persistence,6,surface_pressure,0.5
persistence,6,precipitation,0.1
persistence,12,temperature_2m,0.09999999999999964
persistence,12,relative_humidity_2m,2.0
persistence,12,cloud_cover,62.0
persistence,12,wind_speed_100m,2.0
persistence,12,wind_speed_10m,0.3999999999999999
persistence,12,surface_pressure,1.1000000000000227
persistence,12,precipitation,0.0
persistence,24,shortwave_radiation,165.0
persistence,24,direct_normal_irradiance,425.3
persistence,24,diffuse_radiation,215.0
persistence,24,temperature_2m,0.20000000000000107
persistence,24,relative_humidity_2m,1.0
persistence,24,cloud_cover,59.0
persistence,24,wind_speed_100m,0.0
persistence,24,wind_speed_10m,0.20000000000000018
persistence,24,surface_pressure,0.7000000000000455
persistence,24,precipitation,0.4
climatology,1,shortwave_radiation,130.28571428571433
climatology,1,direct_normal_irradiance,135.55714285714294
climatology,1,diffuse_radiation,0.8571428571428328
climatology,1,temperature_2m,2.392857142857139
climatology,1,relative_humidity_2m,5.071428571428569
climatology,1,cloud_cover,46.07142857142857
climatology,1,wind_speed_100m,5.435714285714287
climatology,1,wind_speed_10m,4.3999999999999995
climatology,1,surface_pressure,0.05714285714282141
climatology,1,precipitation,0.34285714285714297
climatology,6,shortwave_radiation,3.4285714285714164
climatology,6,direct_normal_irradiance,1.7357142857142946
climatology,6,diffuse_radiation,3.7142857142857224
climatology,6,temperature_2m,2.1642857142857164
climatology,6,relative_humidity_2m,6.5
climatology,6,cloud_cover,1.5
climatology,6,wind_speed_100m,5.392857142857142
climatology,6,wind_speed_10m,3.7357142857142853
climatology,6,surface_pressure,0.10714285714288962
climatology,6,precipitation,0.3785714285714285
climatology,12,temperature_2m,0.5857142857142872
climatology,12,relative_humidity_2m,9.214285714285708
climatology,12,cloud_cover,11.42857142857143
climatology,12,wind_speed_100m,4.0928571428571425
climatology,12,wind_speed_10m,1.8642857142857145
climatology,12,surface_pressure,1.6857142857144254
climatology,12,precipitation,0.3714285714285714
climatology,24,shortwave_radiation,13.714285714285666
climatology,24,direct_normal_irradiance,126.39285714285722
climatology,24,diffuse_radiation,100.35714285714283
climatology,24,temperature_2m,1.2999999999999972
climatology,24,relative_humidity_2m,2.4285714285714306
climatology,24,cloud_cover,7.285714285714292
climatology,24,wind_speed_100m,1.2071428571428582
climatology,24,wind_speed_10m,1.3285714285714283
climatology,24,surface_pressure,0.9428571428571786
climatology,24,precipitation,0.3214285714285714
persistence,1,shortwave_radiation,4.0
persistence,1,direct_normal_irradiance,69.00000000000001
persistence,1,diffuse_radiation,16.0
persistence,1,temperature_2m,0.8000000000000007
persistence,1,relative_humidity_2m,3.0
persistence,1,cloud_cover,0.0
persistence,1,wind_speed_100m,1.1999999999999997
persistence,1,wind_speed_10m,0.2999999999999998
persistence,1,surface_pressure,0.09999999999990905
persistence,1,precipitation,0.2
persistence,6,temperature_2m,0.7000000000000011
persistence,6,relative_humidity_2m,7.0
persistence,6,cloud_cover,0.0
persistence,6,wind_speed_100m,2.2
persistence,6,wind_speed_10m,1.0
persistence,6,surface_pressure,1.0
persistence,6,precipitation,0.0
persistence,12,temperature_2m,0.6000000000000014
persistence,12,relative_humidity_2m,2.0
persistence,12,cloud_cover,0.0
persistence,12,wind_speed_100m,4.0
persistence,12,wind_speed_10m,1.3
persistence,12,surface_pressure,0.6000000000000227
persistence,12,precipitation,0.0
persistence,24,shortwave_radiation,65.0
persistence,24,direct_normal_irradiance,169.10000000000002
persistence,24,diffuse_radiation,4.0
persistence,24,temperature_2m,0.5999999999999996
persistence,24,relative_humidity_2m,3.0
persistence,24,cloud_cover,0.0
persistence,24,wind_speed_100m,6.3
persistence,24,wind_speed_10m,4.1000000000000005
persistence,24,surface_pressure,0.3000000000000682
persistence,24,precipitation,0.4
climatology,1,shortwave_radiation,9.357142857142861
climatology,1,direct_normal_irradiance,18.12857142857142
climatology,1,diffuse_radiation,6.642857142857146
climatology,1,temperature_2m,1.1357142857142861
climatology,1,relative_humidity_2m,1.3571428571428612
climatology,1,cloud_cover,0.0714285714285694
climatology,1,wind_speed_100m,0.7571428571428576
climatology,1,wind_speed_10m,0.7071428571428573
climatology,1,surface_pressure,0.39285714285722406
climatology,1,precipitation,0.37857142857142856
climatology,6,temperature_2m,1.3000000000000025
climatology,6,relative_humidity_2m,1.2142857142857082
climatology,6,cloud_cover,5.714285714285708
climatology,6,wind_speed_100m,1.8642857142857152
climatology,6,wind_speed_10m,0.8571428571428574
climatology,6,surface_pressure,0.5285714285714675
climatology,6,precipitation,0.3714285714285714
climatology,12,temperature_2m,0.4071428571428548
climatology,12,relative_humidity_2m,9.0
climatology,12,cloud_cover,0.5714285714285694
climatology,12,wind_speed_100m,4.2928571428571445
climatology,12,wind_speed_10m,2.5642857142857145
climatology,12,surface_pressure,1.5214285714286007
climatology,12,precipitation,0.17857142857142858
climatology,24,shortwave_radiation,83.78571428571428
climatology,24,direct_normal_irradiance,209.41428571428574
climatology,24,diffuse_radiation,0.8571428571428612
climatology,24,temperature_2m,1.2214285714285715
climatology,24,relative_humidity_2m,2.5714285714285694
climatology,24,cloud_cover,0.4285714285714306
climatology,24,wind_speed_100m,5.835714285714286
climatology,24,wind_speed_10m,4.242857142857144
climatology,24,surface_pressure,1.1214285714286234
climatology,24,precipitation,0.1857142857142856
persistence,1,temperature_2m,0.10000000000000142
persistence,1,relative_humidity_2m,2.0
persistence,1,cloud_cover,1.0
persistence,1,wind_speed_100m,0.30000000000000027
persistence,1,wind_speed_10m,0.09999999999999998
persistence,1,surface_pressure,0.0
persistence,1,precipitation,0.0
persistence,6,temperature_2m,1.9000000000000004
persistence,6,relative_humidity_2m,3.0
persistence,6,cloud_cover,53.0
persistence,6,wind_speed_100m,2.5
persistence,6,wind_speed_10m,1.2
persistence,6,surface_pressure,1.5
persistence,6,precipitation,0.0
persistence,12,shortwave_radiation,102.0
persistence,12,direct_normal_irradiance,124.0
persistence,12,diffuse_radiation,9.0
persistence,12,temperature_2m,1.799999999999999
persistence,12,relative_humidity_2m,17.0
persistence,12,cloud_cover,0.0
persistence,12,wind_speed_100m,3.4000000000000004
persistence,12,wind_speed_10m,2.3999999999999995
persistence,12,surface_pressure,0.5
persistence,12,precipitation,0.19999999999999998
persistence,24,temperature_2m,0.1999999999999993
persistence,24,relative_humidity_2m,0.0
persistence,24,cloud_cover,0.0
persistence,24,wind_speed_100m,0.8999999999999999
persistence,24,wind_speed_10m,2.2
persistence,24,surface_pressure,0.8999999999999773
persistence,24,precipitation,0.0
climatology,1,temperature_2m,1.3499999999999996
climatology,1,relative_humidity_2m,3.785714285714292
climatology,1,cloud_cover,3.5714285714285694
climatology,1,wind_speed_100m,2.1142857142857134
climatology,1,wind_speed_10m,1.5928571428571434
climatology,1,surface_pressure,0.6214285714286234
climatology,1,precipitation,0.5142857142857143
climatology,6,temperature_2m,2.2714285714285722
climatology,6,relative_humidity_2m,4.928571428571431
climatology,6,cloud_cover,52.42857142857143
climatology,6,wind_speed_100m,1.6357142857142861
climatology,6,wind_speed_10m,1.285714285714286
climatology,6,surface_pressure,0.15000000000009095
climatology,6,precipitation,0.17857142857142858
climatology,12,shortwave_radiation,73.78571428571433
climatology,12,direct_normal_irradiance,176.64285714285717
climatology,12,diffuse_radiation,82.0
climatology,12,temperature_2m,2.400000000000004
climatology,12,relative_humidity_2m,18.07142857142857
climatology,12,cloud_cover,7.285714285714292
climatology,12,wind_speed_100m,0.2928571428571427
climatology,12,wind_speed_10m,0.1714285714285726
climatology,12,surface_pressure,0.8714285714286234
climatology,12,precipitation,0.17857142857142858
climatology,24,temperature_2m,1.2571428571428562
climatology,24,relative_humidity_2m,4.928571428571431
climatology,24,cloud_cover,5.714285714285708
climatology,24,wind_speed_100m,2.714285714285715
climatology,24,wind_speed_10m,2.1
climatology,24,surface_pressure,0.10000000000002274
climatology,24,precipitation,0.3714285714285714
arima,1,temperature_2m,0.044231463081427336
arima,1,relative_humidity_2m,0.000718118886354091
arima,1,cloud_cover,0.17492011157061427
arima,1,wind_speed_100m,0.5349425415459694
arima,1,wind_speed_10m,1.8164799503652391
arima,1,surface_pressure,0.6575597033018994
arima,1,precipitation,0.08411654144179485
arima,6,temperature_2m,0.9679605529527731
arima,6,relative_humidity_2m,10.03255279587971
arima,6,cloud_cover,49.38875510770214
arima,6,wind_speed_100m,1.5828876691316438
arima,6,wind_speed_10m,2.252023909469505
arima,6,surface_pressure,0.008701921399847379
arima,6,precipitation,0.16552272223091402
arima,12,shortwave_radiation,768.4160988925303
arima,12,direct_normal_irradiance,652.3789271258862
arima,12,diffuse_radiation,178.29501241973395
arima,12,temperature_2m,4.728083284348299
arima,12,relative_humidity_2m,0.6029844911240474
arima,12,cloud_cover,3.830625641913855
arima,12,wind_speed_100m,1.8967648740955454
arima,12,wind_speed_10m,2.3743359614678305
arima,12,surface_pressure,3.143899371334328
arima,12,precipitation,0.0761627561310769
arima,24,temperature_2m,0.627942128597569
arima,24,relative_humidity_2m,7.490795717854851
arima,24,cloud_cover,3.835149228576867
arima,24,wind_speed_100m,4.044352323078547
arima,24,wind_speed_10m,3.4590415741728493
arima,24,surface_pressure,0.8134999255703406
arima,24,precipitation,0.1769944552498687
persistence,1,temperature_2m,1.5
persistence,1,relative_humidity_2m,2.0
persistence,1,cloud_cover,54.0
persistence,1,wind_speed_100m,3.2
persistence,1,wind_speed_10m,2.5999999999999996
persistence,1,surface_pressure,0.8999999999999773
persistence,1,precipitation,0.3
persistence,6,shortwave_radiation,374.0
persistence,6,direct_normal_irradiance,595.6999999999999
persistence,6,diffuse_radiation,157.0
persistence,6,temperature_2m,0.6999999999999993
persistence,6,relative_humidity_2m,1.0
persistence,6,cloud_cover,0.0
persistence,6,wind_speed_100m,0.5999999999999996
persistence,6,wind_speed_10m,0.39999999999999947
persistence,6,surface_pressure,1.0
persistence,6,precipitation,0.0
persistence,12,shortwave_radiation,115.0
persistence,12,direct_normal_irradiance,379.0
persistence,12,diffuse_radiation,39.0
persistence,12,temperature_2m,0.1999999999999993
persistence,12,relative_humidity_2m,2.0
persistence,12,cloud_cover,1.0
persistence,12,wind_speed_100m,3.3999999999999995
persistence,12,wind_speed_10m,2.9
persistence,12,surface_pressure,0.20000000000004547
persistence,12,precipitation,0.0
persistence,24,temperature_2m,0.7999999999999989
persistence,24,relative_humidity_2m,1.0
persistence,24,cloud_cover,42.0
persistence,24,wind_speed_100m,3.3
persistence,24,wind_speed_10m,1.6
persistence,24,surface_pressure,0.0
persistence,24,precipitation,0.2
climatology,1,temperature_2m,0.4642857142857135
climatology,1,relative_humidity_2m,6.642857142857139
climatology,1,cloud_cover,5.071428571428569
climatology,1,wind_speed_100m,0.7571428571428571
climatology,1,wind_speed_10m,1.1857142857142855
climatology,1,surface_pressure,0.8571428571428896
climatology,1,precipitation,0.0714285714285714
climatology,6,shortwave_radiation,295.0
climatology,6,direct_normal_irradiance,414.24285714285713
climatology,6,diffuse_radiation,75.64285714285717
climatology,6,temperature_2m,2.7785714285714267
climatology,6,relative_humidity_2m,16.64285714285714
climatology,6,cloud_cover,7.285714285714292
climatology,6,wind_speed_100m,0.1642857142857146
climatology,6,wind_speed_10m,0.4214285714285708
climatology,6,surface_pressure,0.15000000000009095
climatology,6,precipitation,0.1857142857142857
climatology,12,shortwave_radiation,115.78571428571428
climatology,12,direct_normal_irradiance,368.5785714285714
climatology,12,diffuse_radiation,33.071428571428584
climatology,12,temperature_2m,1.1642857142857164
climatology,12,relative_humidity_2m,5.285714285714292
climatology,12,cloud_cover,0.5
climatology,12,wind_speed_100m,2.978571428571427
climatology,12,wind_speed_10m,2.4714285714285724
climatology,12,surface_pressure,0.5714285714285552
climatology,12,precipitation,0.3857142857142856
climatology,24,temperature_2m,0.5857142857142836
climatology,24,relative_humidity_2m,3.0714285714285694
climatology,24,cloud_cover,37.64285714285714
climatology,24,wind_speed_100m,2.564285714285715
climatology,24,wind_speed_10m,2.1214285714285714
climatology,24,surface_pressure,0.7785714285713539
climatology,24,precipitation,0.19285714285714287
persistence,1,shortwave_radiation,300.0
persistence,1,direct_normal_irradiance,492.29999999999995
persistence,1,diffuse_radiation,174.0
persistence,1,temperature_2m,0.5
persistence,1,relative_humidity_2m,9.0
persistence,1,cloud_cover,26.0
persistence,1,wind_speed_100m,2.000000000000001
persistence,1,wind_speed_10m,1.6999999999999993
persistence,1,surface_pressure,0.20000000000004547
persistence,1,precipitation,1.0999999999999999
persistence,6,shortwave_radiation,95.0
persistence,6,direct_normal_irradiance,220.5
persistence,6,diffuse_radiation,5.0
persistence,6,temperature_2m,0.5
persistence,6,relative_humidity_2m,1.0
persistence,6,cloud_cover,0.0
persistence,6,wind_speed_100m,6.8999999999999995
persistence,6,wind_speed_10m,6.0
persistence,6,surface_pressure,0.20000000000004547
persistence,6,precipitation,2.4
persistence,12,temperature_2m,0.09999999999999964
persistence,12,relative_humidity_2m,0.0
persistence,12,cloud_cover,37.0
persistence,12,wind_speed_100m,0.0
persistence,12,wind_speed_10m,0.4
persistence,12,surface_pressure,0.10000000000002274
persistence,12,precipitation,0.0
persistence,24,shortwave_radiation,85.0
persistence,24,direct_normal_irradiance,113.10000000000002
persistence,24,diffuse_radiation,15.0
persistence,24,temperature_2m,0.29999999999999716
persistence,24,relative_humidity_2m,1.0
persistence,24,cloud_cover,53.0
persistence,24,wind_speed_100m,1.7000000000000002
persistence,24,wind_speed_10m,0.8999999999999995
persistence,24,surface_pressure,0.20000000000004547
persistence,24,precipitation,0.0
climatology,1,shortwave_radiation,203.5
climatology,1,direct_normal_irradiance,334.6928571428571
climatology,1,diffuse_radiation,115.85714285714283
climatology,1,temperature_2m,0.5857142857142854
climatology,1,relative_humidity_2m,2.214285714285708
climatology,1,cloud_cover,19.214285714285708
climatology,1,wind_speed_100m,1.185714285714286
climatology,1,wind_speed_10m,0.7214285714285715
climatology,1,surface_pressure,0.6285714285713766
climatology,1,precipitation,0.3071428571428573
climatology,6,shortwave_radiation,12.5
climatology,6,direct_normal_irradiance,117.47857142857143
climatology,6,diffuse_radiation,34.0
climatology,6,temperature_2m,1.4357142857142886
climatology,6,relative_humidity_2m,4.285714285714292
climatology,6,cloud_cover,0.5
climatology,6,wind_speed_100m,4.392857142857142
climatology,6,wind_speed_10m,3.9714285714285706
climatology,6,surface_pressure,0.3642857142856428
climatology,6,precipitation,2.0
climatology,12,temperature_2m,0.5
climatology,12,relative_humidity_2m,3.0714285714285694
climatology,12,cloud_cover,8.357142857142861
climatology,12,wind_speed_100m,1.707142857142857
climatology,12,wind_speed_10m,1.4642857142857144
climatology,12,surface_pressure,0.599999999999909
climatology,12,precipitation,0.37142857142857144
climatology,24,shortwave_radiation,251.5
climatology,24,direct_normal_irradiance,412.1357142857143
climatology,24,diffuse_radiation,112.92857142857142
climatology,24,temperature_2m,0.7642857142857125
climatology,24,relative_humidity_2m,6.928571428571431
climatology,24,cloud_cover,7.357142857142861
climatology,24,wind_speed_100m,0.5285714285714276
climatology,24,wind_speed_10m,0.05714285714285694
climatology,24,surface_pressure,0.5714285714284415
climatology,24,precipitation,0.09285714285714292
persistence,1,shortwave_radiation,37.0
persistence,1,direct_normal_irradiance,218.4
persistence,1,diffuse_radiation,0.0
persistence,1,temperature_2m,0.0
persistence,1,relative_humidity_2m,7.0
persistence,1,cloud_cover,34.0
persistence,1,wind_speed_100m,2.1
persistence,1,wind_speed_10m,0.6999999999999997
persistence,1,surface_pressure,0.40000000000009095
persistence,1,precipitation,0.3
persistence,6,temperature_2m,0.3000000000000007
persistence,6,relative_humidity_2m,9.0
persistence,6,cloud_cover,0.0
persistence,6,wind_speed_100m,0.0
persistence,6,wind_speed_10m,0.19999999999999996
persistence,6,surface_pressure,0.0
persistence,6,precipitation,0.0
persistence,12,temperature_2m,0.09999999999999964
persistence,12,relative_humidity_2m,7.0
persistence,12,cloud_cover,87.0
persistence,12,wind_speed_100m,0.5999999999999999
persistence,12,wind_speed_10m,0.7999999999999999
persistence,12,surface_pressure,0.5
persistence,12,precipitation,0.0
persistence,24,shortwave_radiation,65.0
persistence,24,direct_normal_irradiance,187.2
persistence,24,diffuse_radiation,11.0
persistence,24,temperature_2m,0.10000000000000142
persistence,24,relative_humidity_2m,2.0
persistence,24,cloud_cover,20.0
persistence,24,wind_speed_100m,1.1000000000000005
persistence,24,wind_speed_10m,1.0999999999999996
persistence,24,surface_pressure,0.10000000000002274
persistence,24,precipitation,0.0
climatology,1,shortwave_radiation,19.92857142857143
climatology,1,direct_normal_irradiance,166.79285714285717
climatology,1,diffuse_radiation,7.857142857142854
climatology,1,temperature_2m,0.31428571428571495
climatology,1,relative_humidity_2m,3.357142857142861
climatology,1,cloud_cover,3.0714285714285694
climatology,1,wind_speed_100m,1.6714285714285713
climatology,1,wind_speed_10m,1.3357142857142854
climatology,1,surface_pressure,0.20000000000015916
climatology,1,precipitation,0.35
climatology,6,temperature_2m,0.07142857142857117
climatology,6,relative_humidity_2m,6.928571428571431
climatology,6,cloud_cover,8.285714285714292
climatology,6,wind_speed_100m,1.414285714285714
climatology,6,wind_speed_10m,1.2142857142857144
climatology,6,surface_pressure,0.6071428571428896
climatology,6,precipitation,0.37142857142857144
climatology,12,temperature_2m,0.7357142857142858
climatology,12,relative_humidity_2m,12.92857142857143
climatology,12,cloud_cover,87.07142857142857
climatology,12,wind_speed_100m,1.892857142857144
climatology,12,wind_speed_10m,0.4714285714285711
climatology,12,surface_pressure,0.9785714285716267
climatology,12,precipitation,0.19285714285714287
climatology,24,shortwave_radiation,22.64285714285714
climatology,24,direct_normal_irradiance,85.79285714285717
climatology,24,diffuse_radiation,10.714285714285708
climatology,24,temperature_2m,1.1285714285714281
climatology,24,relative_humidity_2m,8.0
climatology,24,cloud_cover,19.57142857142857
climatology,24,wind_speed_100m,1.6071428571428568
climatology,24,wind_speed_10m,0.9857142857142858
climatology,24,surface_pressure,0.48571428571415254
climatology,24,precipitation,0.5857142857142856
arima,1,shortwave_radiation,105.51327677357469
arima,1,direct_normal_irradiance,169.83876550071994
arima,1,diffuse_radiation,45.047306913168725
arima,1,temperature_2m,1.6480398497836752
arima,1,relative_humidity_2m,12.183382012391888
arima,1,cloud_cover,32.70158185014242
arima,1,wind_speed_100m,2.4888552019443697
arima,1,wind_speed_10m,2.428263800904763
arima,1,surface_pressure,0.7202982055611074
arima,1,precipitation,0.3037166004818739
arima,6,temperature_2m,2.358334629502126
arima,6,relative_humidity_2m,0.9604070552484387
arima,6,cloud_cover,17.969416792230405
arima,6,wind_speed_100m,4.0686297006441965
arima,6,wind_speed_10m,6.029798968078954
arima,6,surface_pressure,2.5187663619965406
arima,6,precipitation,0.37177866454707
arima,12,temperature_2m,3.757224553816817
arima,12,relative_humidity_2m,5.07619937269898
arima,12,cloud_cover,78.3108837997965
arima,12,wind_speed_100m,3.6526657114472565
arima,12,wind_speed_10m,5.403606290705975
arima,12,surface_pressure,2.208987687020226
arima,12,precipitation,0.3837175749639525
arima,24,shortwave_radiation,181.0224870642981
arima,24,direct_normal_irradiance,176.50663473938062
arima,24,diffuse_radiation,10.906346952072681
arima,24,temperature_2m,0.5427728438460271
arima,24,relative_humidity_2m,3.0775334004492834
arima,24,cloud_cover,6.379643551196651
arima,24,wind_speed_100m,2.0725077295086747
arima,24,wind_speed_10m,1.102288181698417
arima,24,surface_pressure,0.11799104350552625
arima,24,precipitation,0.18490835932327165
persistence,1,temperature_2m,0.40000000000000036
persistence,1,relative_humidity_2m,0.0
persistence,1,cloud_cover,68.0
persistence,1,wind_speed_100m,1.5999999999999999
persistence,1,wind_speed_10m,0.3
persistence,1,surface_pressure,0.5
persistence,1,precipitation,0.0
persistence,6,temperature_2m,0.1999999999999993
persistence,6,relative_humidity_2m,9.0
persistence,6,cloud_cover,95.0
persistence,6,wind_speed_100m,3.3
persistence,6,wind_speed_10m,0.09999999999999987
persistence,6,surface_pressure,0.8999999999999773
persistence,6,precipitation,0.0
persistence,12,shortwave_radiation,44.0
persistence,12,direct_normal_irradiance,37.799999999999955
persistence,12,diffuse_radiation,78.0
persistence,12,temperature_2m,0.6999999999999993
persistence,12,relative_humidity_2m,4.0
persistence,12,cloud_cover,20.0
persistence,12,wind_speed_100m,0.9000000000000004
persistence,12,wind_speed_10m,1.0
persistence,12,surface_pressure,0.6999999999999318
persistence,12,precipitation,0.0
persistence,24,temperature_2m,0.6999999999999993
persistence,24,relative_humidity_2m,8.0
persistence,24,cloud_cover,88.0
persistence,24,wind_speed_100m,1.7999999999999998
persistence,24,wind_speed_10m,0.4
persistence,24,surface_pressure,0.0
persistence,24,precipitation,0.0
climatology,1,temperature_2m,0.1642857142857146
climatology,1,relative_humidity_2m,7.071428571428569
climatology,1,cloud_cover,67.14285714285714
climatology,1,wind_speed_100m,1.5071428571428565
climatology,1,wind_speed_10m,1.1357142857142857
climatology,1,surface_pressure,0.21428571428566556
climatology,1,precipitation,0.5142857142857143
climatology,6,temperature_2m,0.47857142857142954
climatology,6,relative_humidity_2m,3.857142857142861
climatology,6,cloud_cover,14.57142857142857
climatology,6,wind_speed_100m,1.7499999999999996
climatology,6,wind_speed_10m,0.357142857142857
climatology,6,surface_pressure,0.08571428571440265
climatology,6,precipitation,0.19285714285714287
climatology,12,shortwave_radiation,108.5
climatology,12,direct_normal_irradiance,54.85000000000002
climatology,12,diffuse_radiation,62.14285714285714
climatology,12,temperature_2m,1.9285714285714306
climatology,12,relative_humidity_2m,3.0714285714285694
climatology,12,cloud_cover,10.0
climatology,12,wind_speed_100m,0.34285714285714164
climatology,12,wind_speed_10m,0.6500000000000012
climatology,12,surface_pressure,1.078571428571422
climatology,12,precipitation,0.15000000000000002
climatology,24,temperature_2m,0.8785714285714299
climatology,24,relative_humidity_2m,0.1428571428571388
climatology,24,cloud_cover,13.357142857142861
climatology,24,wind_speed_100m,0.6357142857142857
climatology,24,wind_speed_10m,0.5285714285714285
climatology,24,surface_pressure,0.5142857142855064
climatology,24,precipitation,0.3714285714285714
persistence,1,temperature_2m,0.0
persistence,1,relative_humidity_2m,4.0
persistence,1,cloud_cover,45.0
persistence,1,wind_speed_100m,3.8000000000000003
persistence,1,wind_speed_10m,0.5
persistence,1,surface_pressure,1.3999999999999773
persistence,1,precipitation,0.0
persistence,6,shortwave_radiation,4.0
persistence,6,direct_normal_irradiance,102.0
persistence,6,diffuse_radiation,94.0
persistence,6,temperature_2m,0.5
persistence,6,relative_humidity_2m,1.0
persistence,6,cloud_cover,1.0
persistence,6,wind_speed_100m,3.6000000000000005
persistence,6,wind_speed_10m,2.8
persistence,6,surface_pressure,0.7999999999999545
persistence,6,precipitation,0.09999999999999998
persistence,12,shortwave_radiation,173.0
persistence,12,direct_normal_irradiance,254.1
persistence,12,diffuse_radiation,71.0
persistence,12,temperature_2m,0.5
persistence,12,relative_humidity_2m,1.0
persistence,12,cloud_cover,0.0
persistence,12,wind_speed_100m,2.3999999999999995
persistence,12,wind_speed_10m,0.5999999999999996
persistence,12,surface_pressure,0.1999999999999318
persistence,12,precipitation,3.1999999999999997
persistence,24,temperature_2m,0.9000000000000004
persistence,24,relative_humidity_2m,7.0
persistence,24,cloud_cover,30.0
persistence,24,wind_speed_100m,1.5999999999999999
persistence,24,wind_speed_10m,1.2
persistence,24,surface_pressure,1.8000000000000682
persistence,24,precipitation,0.0
climatology,1,temperature_2m,0.07857142857142918
climatology,1,relative_humidity_2m,0.4285714285714306
climatology,1,cloud_cover,28.5
climatology,1,wind_speed_100m,1.1642857142857146
climatology,1,wind_speed_10m,0.49285714285714266
climatology,1,surface_pressure,0.6714285714284642
climatology,1,precipitation,0.25
climatology,6,shortwave_radiation,100.28571428571433
climatology,6,direct_normal_irradiance,157.4357142857143
climatology,6,diffuse_radiation,36.928571428571416
climatology,6,temperature_2m,1.4499999999999993
climatology,6,relative_humidity_2m,4.214285714285708
climatology,6,cloud_cover,9.0
climatology,6,wind_speed_100m,3.457142857142858
climatology,6,wind_speed_10m,2.321428571428571
climatology,6,surface_pressure,0.25
climatology,6,precipitation,0.0500000000000001
climatology,12,shortwave_radiation,43.28571428571428
climatology,12,direct_normal_irradiance,55.50714285714284
climatology,12,diffuse_radiation,22.285714285714292
climatology,12,temperature_2m,0.5142857142857142
climatology,12,relative_humidity_2m,0.5714285714285694
climatology,12,cloud_cover,5.0
climatology,12,wind_speed_100m,0.8785714285714281
climatology,12,wind_speed_10m,0.5
climatology,12,surface_pressure,0.07857142857142208
climatology,12,precipitation,2.821428571428571
climatology,24,temperature_2m,0.5785714285714292
climatology,24,relative_humidity_2m,9.285714285714292
climatology,24,cloud_cover,35.35714285714286
climatology,24,wind_speed_100m,1.571428571428572
climatology,24,wind_speed_10m,0.014285714285714235
climatology,24,surface_pressure,2.2642857142857338
climatology,24,precipitation,0.19285714285714287
persistence,1,shortwave_radiation,246.0
persistence,1,direct_normal_irradiance,311.4
persistence,1,diffuse_radiation,52.0
persistence,1,temperature_2m,1.0
persistence,1,relative_humidity_2m,6.0
persistence,1,cloud_cover,21.0
persistence,1,wind_speed_100m,0.20000000000000018
persistence,1,wind_speed_10m,0.5
persistence,1,surface_pressure,0.7000000000000455
persistence,1,precipitation,0.0
persistence,6,shortwave_radiation,14.0
persistence,6,direct_normal_irradiance,58.00000000000003
persistence,6,diffuse_radiation,37.0
persistence,6,temperature_2m,0.9000000000000004
persistence,6,relative_humidity_2m,5.0
persistence,6,cloud_cover,31.0
persistence,6,wind_speed_100m,2.1
persistence,6,wind_speed_10m,1.7000000000000002
persistence,6,surface_pressure,1.1000000000000227
persistence,6,precipitation,2.1
persistence,12,temperature_2m,0.3999999999999986
persistence,12,relative_humidity_2m,9.0
persistence,12,cloud_cover,2.0
persistence,12,wind_speed_100m,3.0999999999999996
persistence,12,wind_speed_10m,2.4000000000000004
persistence,12,surface_pressure,1.1000000000000227
persistence,12,precipitation,0.0
persistence,24,shortwave_radiation,325.0
persistence,24,direct_normal_irradiance,436.6
persistence,24,diffuse_radiation,61.0
persistence,24,temperature_2m,2.599999999999998
persistence,24,relative_humidity_2m,28.0
persistence,24,cloud_cover,34.0
persistence,24,wind_speed_100m,0.6999999999999993
persistence,24,wind_speed_10m,1.0
persistence,24,surface_pressure,0.1999999999999318
persistence,24,precipitation,0.0
climatology,1,shortwave_radiation,97.07142857142856
climatology,1,direct_normal_irradiance,124.95714285714286
climatology,1,diffuse_radiation,19.214285714285722
climatology,1,temperature_2m,1.4785714285714313
climatology,1,relative_humidity_2m,1.5
climatology,1,cloud_cover,21.714285714285708
climatology,1,wind_speed_100m,3.0071428571428553
climatology,1,wind_speed_10m,2.2785714285714285
climatology,1,surface_pressure,1.0500000000000682
climatology,1,precipitation,0.9214285714285713
climatology,6,shortwave_radiation,23.785714285714278
climatology,6,direct_normal_irradiance,98.43571428571434
climatology,6,diffuse_radiation,14.214285714285708
climatology,6,temperature_2m,1.442857142857143
climatology,6,relative_humidity_2m,4.428571428571431
climatology,6,cloud_cover,26.0
climatology,6,wind_speed_100m,3.214285714285715
climatology,6,wind_speed_10m,2.3571428571428568
climatology,6,surface_pressure,1.1000000000000227
climatology,6,precipitation,4.735714285714286
climatology,12,temperature_2m,0.028571428571426694
climatology,12,relative_humidity_2m,10.07142857142857
climatology,12,cloud_cover,13.5
climatology,12,wind_speed_100m,2.9857142857142853
climatology,12,wind_speed_10m,3.9071428571428575
climatology,12,surface_pressure,2.9500000000000455
climatology,12,precipitation,0.2642857142857143
climatology,24,shortwave_radiation,176.57142857142856
climatology,24,direct_normal_irradiance,288.20000000000005
climatology,24,diffuse_radiation,75.57142857142858
climatology,24,temperature_2m,3.164285714285711
climatology,24,relative_humidity_2m,25.0
climatology,24,cloud_cover,16.285714285714292
climatology,24,wind_speed_100m,3.7785714285714285
climatology,24,wind_speed_10m,3.435714285714286
climatology,24,surface_pressure,1.1857142857144254
climatology,24,precipitation,0.04285714285714287
arima,1,shortwave_radiation,245.28920821626605
arima,1,direct_normal_irradiance,300.2955245082924
arima,1,diffuse_radiation,5.162917225118406
arima,1,temperature_2m,0.5914213690402796
arima,1,relative_humidity_2m,0.743446260254558
arima,1,cloud_cover,14.381070238220474
arima,1,wind_speed_100m,1.0118221588960719
arima,1,wind_speed_10m,0.15157287622224924
arima,1,surface_pressure,0.44077728140791805
arima,1,precipitation,0.0714109143524887
arima,6,shortwave_radiation,109.43400434289217
arima,6,direct_normal_irradiance,22.925814232427
arima,6,diffuse_radiation,116.74386026614116
arima,6,temperature_2m,1.8119290034771165
arima,6,relative_humidity_2m,8.286795220548669
arima,6,cloud_cover,7.415590975658091
arima,6,wind_speed_100m,1.938379395752667
arima,6,wind_speed_10m,2.4669651678539566
arima,6,surface_pressure,0.5330062137967388
arima,6,precipitation,5.085875316511459
arima,12,temperature_2m,5.015041960245934
arima,12,relative_humidity_2m,5.017387205935165
arima,12,cloud_cover,19.082469875444573
arima,12,wind_speed_100m,0.7371269809334002
arima,12,wind_speed_10m,0.4318009816651367
arima,12,surface_pressure,3.0797020311053984
arima,12,precipitation,0.414369236001221
arima,24,shortwave_radiation,455.840607356844
arima,24,direct_normal_irradiance,510.59664771558363
arima,24,diffuse_radiation,63.08983945194237
arima,24,temperature_2m,2.984858266052651
arima,24,relative_humidity_2m,27.949607988335202
arima,24,cloud_cover,12.47806355696099
arima,24,wind_speed_100m,0.6665469683371832
arima,24,wind_speed_10m,1.6672260751323726
arima,24,surface_pressure,2.4444369609935848
arima,24,precipitation,0.21470483923082895
persistence,1,shortwave_radiation,35.0
persistence,1,direct_normal_irradiance,256.1
persistence,1,diffuse_radiation,8.0
persistence,1,temperature_2m,0.1999999999999993
persistence,1,relative_humidity_2m,3.0
persistence,1,cloud_cover,2.0
persistence,1,wind_speed_100m,1.2999999999999998
persistence,1,wind_speed_10m,0.09999999999999964
persistence,1,surface_pressure,0.39999999999997726
persistence,1,precipitation,1.9
persistence,6,temperature_2m,0.40000000000000036
persistence,6,relative_humidity_2m,1.0
persistence,6,cloud_cover,2.0
persistence,6,wind_speed_100m,0.5
persistence,6,wind_speed_10m,2.6000000000000005
persistence,6,surface_pressure,1.1000000000000227
persistence,6,precipitation,0.0
persistence,12,temperature_2m,1.0999999999999996
persistence,12,relative_humidity_2m,7.0
persistence,12,cloud_cover,52.0
persistence,12,wind_speed_100m,5.800000000000001
persistence,12,wind_speed_10m,4.2
persistence,12,surface_pressure,1.7999999999999545
persistence,12,precipitation,0.0
persistence,24,shortwave_radiation,35.0
persistence,24,direct_normal_irradiance,109.70000000000002
persistence,24,diffuse_radiation,9.0
persistence,24,temperature_2m,0.6999999999999993
persistence,24,relative_humidity_2m,15.0
persistence,24,cloud_cover,0.0
persistence,24,wind_speed_100m,6.0
persistence,24,wind_speed_10m,3.4000000000000004
persistence,24,surface_pressure,1.0
persistence,24,precipitation,1.6
climatology,1,shortwave_radiation,0.9285714285714306
climatology,1,direct_normal_irradiance,3.5428571428571445
climatology,1,diffuse_radiation,0.1428571428571459
climatology,1,temperature_2m,0.75
climatology,1,relative_humidity_2m,1.4285714285714306
climatology,1,cloud_cover,3.857142857142861
climatology,1,wind_speed_100m,2.528571428571429
climatology,1,wind_speed_10m,0.5
climatology,1,surface_pressure,1.349999999999909
climatology,1,precipitation,1.6071428571428572
climatology,6,temperature_2m,0.48571428571428577
climatology,6,relative_humidity_2m,8.57142857142857
climatology,6,cloud_cover,11.5
climatology,6,wind_speed_100m,2.2642857142857142
climatology,6,wind_speed_10m,0.964285714285714
climatology,6,surface_pressure,1.6571428571427305
climatology,6,precipitation,0.25
climatology,12,temperature_2m,0.1785714285714306
climatology,12,relative_humidity_2m,7.071428571428569
climatology,12,cloud_cover,21.14285714285714
climatology,12,wind_speed_100m,0.2142857142857144
climatology,12,wind_speed_10m,1.6357142857142857
climatology,12,surface_pressure,2.307142857142935
climatology,12,precipitation,0.049999999999999996
climatology,24,shortwave_radiation,1.5714285714285836
climatology,24,direct_normal_irradiance,62.25714285714287
climatology,24,diffuse_radiation,25.0
climatology,24,temperature_2m,1.992857142857142
climatology,24,relative_humidity_2m,17.214285714285708
climatology,24,cloud_cover,7.214285714285708
climatology,24,wind_speed_100m,5.0
climatology,24,wind_speed_10m,3.057142857142857
climatology,24,surface_pressure,0.20000000000004547
climatology,24,precipitation,1.1785714285714286
persistence,1,temperature_2m,0.7999999999999989
persistence,1,relative_humidity_2m,1.0
persistence,1,cloud_cover,3.0
persistence,1,wind_speed_100m,4.1
persistence,1,wind_speed_10m,1.5
persistence,1,surface_pressure,0.0
persistence,1,precipitation,0.0
persistence,6,temperature_2m,0.8000000000000007
persistence,6,relative_humidity_2m,5.0
persistence,6,cloud_cover,2.0
persistence,6,wind_speed_100m,1.9
persistence,6,wind_speed_10m,2.9
persistence,6,surface_pressure,2.5
persistence,6,precipitation,0.0
persistence,12,shortwave_radiation,146.0
persistence,12,direct_normal_irradiance,262.0
persistence,12,diffuse_radiation,86.0
persistence,12,temperature_2m,1.0
persistence,12,relative_humidity_2m,4.0
persistence,12,cloud_cover,8.0
persistence,12,wind_speed_100m,4.4
persistence,12,wind_speed_10m,3.5
persistence,12,surface_pressure,0.6999999999999318
persistence,12,precipitation,0.0
persistence,24,temperature_2m,1.0
persistence,24,relative_humidity_2m,7.0
persistence,24,cloud_cover,0.0
persistence,24,wind_speed_100m,2.4
persistence,24,wind_speed_10m,2.0
persistence,24,surface_pressure,0.7999999999999545
persistence,24,precipitation,0.0
climatology,1,temperature_2m,0.3571428571428594
climatology,1,relative_humidity_2m,11.42857142857143
climatology,1,cloud_cover,14.92857142857143
climatology,1,wind_speed_100m,0.44285714285714306
climatology,1,wind_speed_10m,0.6714285714285713
climatology,1,surface_pressure,0.9857142857142662
climatology,1,precipitation,0.0
climatology,6,temperature_2m,0.7071428571428573
climatology,6,relative_humidity_2m,11.214285714285708
climatology,6,cloud_cover,23.285714285714292
climatology,6,wind_speed_100m,1.9714285714285715
climatology,6,wind_speed_10m,1.2857142857142856
climatology,6,surface_pressure,0.3785714285713766
climatology,6,precipitation,0.021428571428571432
climatology,12,shortwave_radiation,135.57142857142856
climatology,12,direct_normal_irradiance,227.17142857142858
climatology,12,diffuse_radiation,68.57142857142858
climatology,12,temperature_2m,1.3499999999999979
climatology,12,relative_humidity_2m,14.714285714285708
climatology,12,cloud_cover,17.5
climatology,12,wind_speed_100m,4.0357142857142865
climatology,12,wind_speed_10m,4.328571428571428
climatology,12,surface_pressure,0.26428571428584746
climatology,12,precipitation,0.23571428571428577
climatology,24,temperature_2m,0.6499999999999986
climatology,24,relative_humidity_2m,4.285714285714292
climatology,24,cloud_cover,13.642857142857139
climatology,24,wind_speed_100m,2.207142857142857
climatology,24,wind_speed_10m,1.2714285714285714
climatology,24,surface_pressure,0.15714285714284415
climatology,24,precipitation,0.0
persistence,1,temperature_2m,0.0
persistence,1,relative_humidity_2m,1.0
persistence,1,cloud_cover,2.0
persistence,1,wind_speed_100m,3.8
persistence,1,wind_speed_10m,2.0999999999999996
persistence,1,surface_pressure,1.3999999999999773
persistence,1,precipitation,0.0
persistence,6,shortwave_radiation,15.0
persistence,6,direct_normal_irradiance,31.399999999999977
persistence,6,diffuse_radiation,13.0
persistence,6,temperature_2m,1.2999999999999972
persistence,6,relative_humidity_2m,25.0
persistence,6,cloud_cover,16.0
persistence,6,wind_speed_100m,1.9000000000000004
persistence,6,wind_speed_10m,2.8
persistence,6,surface_pressure,0.09999999999990905
persistence,6,precipitation,0.3
persistence,12,shortwave_radiation,124.0
persistence,12,direct_normal_irradiance,218.4
persistence,12,diffuse_radiation,37.0
persistence,12,temperature_2m,1.0
persistence,12,relative_humidity_2m,15.0
persistence,12,cloud_cover,2.0
persistence,12,wind_speed_100m,1.4
persistence,12,wind_speed_10m,0.7999999999999998
persistence,12,surface_pressure,0.7000000000000455
persistence,12,precipitation,0.4
persistence,24,temperature_2m,0.29999999999999893
persistence,24,relative_humidity_2m,8.0
persistence,24,cloud_cover,50.0
persistence,24,wind_speed_100m,0.09999999999999964
persistence,24,wind_speed_10m,0.8
persistence,24,surface_pressure,0.5
persistence,24,precipitation,0.0
climatology,1,temperature_2m,0.5
climatology,1,relative_humidity_2m,6.928571428571431
climatology,1,cloud_cover,20.785714285714292
climatology,1,wind_speed_100m,2.3571428571428568
climatology,1,wind_speed_10m,1.7928571428571427
climatology,1,surface_pressure,1.1142857142856428
climatology,1,precipitation,0.02142857142857143
climatology,6,shortwave_radiation,141.71428571428567
climatology,6,direct_normal_irradiance,248.48571428571427
climatology,6,diffuse_radiation,81.14285714285714
climatology,6,temperature_2m,0.1285714285714299
climatology,6,relative_humidity_2m,11.57142857142857
climatology,6,cloud_cover,1.5
climatology,6,wind_speed_100m,1.7714285714285714
climatology,6,wind_speed_10m,1.1642857142857137
climatology,6,surface_pressure,0.10000000000002274
climatology,6,precipitation,0.08571428571428566
climatology,12,shortwave_radiation,59.71428571428572
climatology,12,direct_normal_irradiance,119.91428571428574
climatology,12,diffuse_radiation,10.285714285714292
climatology,12,temperature_2m,0.27857142857142847
climatology,12,relative_humidity_2m,9.42857142857143
climatology,12,cloud_cover,7.285714285714292
climatology,12,wind_speed_100m,3.514285714285714
climatology,12,wind_speed_10m,1.8285714285714292
climatology,12,surface_pressure,0.1357142857142435
climatology,12,precipitation,0.5571428571428572
climatology,24,temperature_2m,0.9714285714285733
climatology,24,relative_humidity_2m,0.7857142857142918
climatology,24,cloud_cover,21.285714285714292
climatology,24,wind_speed_100m,0.4071428571428579
climatology,24,wind_speed_10m,0.07857142857142874
climatology,24,surface_pressure,0.6785714285714448
climatology,24,precipitation,0.014285714285714287
arima,1,temperature_2m,0.8024786728807562
arima,1,relative_humidity_2m,2.890028637917979
arima,1,cloud_cover,39.39213057911777
arima,1,wind_speed_100m,1.6558502958736525
arima,1,wind_speed_10m,0.7051176826504468
arima,1,surface_pressure,0.11178540295941275
arima,1,precipitation,0.15451429592372654
arima,6,shortwave_radiation,434.6774060798832
arima,6,direct_normal_irradiance,343.0330630280317
arima,6,diffuse_radiation,311.51067253566384
arima,6,temperature_2m,5.263763510850859
arima,6,relative_humidity_2m,1.0652592142706254
arima,6,cloud_cover,4.859214251580823
arima,6,wind_speed_100m,2.7806567086020633
arima,6,wind_speed_10m,3.7516701761369915
arima,6,surface_pressure,3.5086372193346733
arima,6,precipitation,0.041391439130908425
arima,12,shortwave_radiation,135.28518235032237
arima,12,direct_normal_irradiance,161.61018130074282
arima,12,diffuse_radiation,125.51280616309215
arima,12,temperature_2m,2.4646938110552217
arima,12,relative_humidity_2m,16.052688189407306
arima,12,cloud_cover,14.996708571044536
arima,12,wind_speed_100m,0.16492468200490196
arima,12,wind_speed_10m,1.8358138806791007
arima,12,surface_pressure,0.41146535652899274
arima,12,precipitation,0.22340625857185936
arima,24,temperature_2m,0.03530478103291124
arima,24,relative_humidity_2m,8.052948150889918
arima,24,cloud_cover,7.568728342235104
arima,24,wind_speed_100m,0.23595306825033235
arima,24,wind_speed_10m,0.6415454247665275
arima,24,surface_pressure,1.371853957133908
arima,24,precipitation,0.27846256691263516
persistence,1,shortwave_radiation,137.0
persistence,1,direct_normal_irradiance,241.79999999999995
persistence,1,diffuse_radiation,94.0
persistence,1,temperature_2m,0.5999999999999979
persistence,1,relative_humidity_2m,2.0
persistence,1,cloud_cover,1.0
persistence,1,wind_speed_100m,2.8
persistence,1,wind_speed_10m,2.0
persistence,1,surface_pressure,0.5
persistence,1,precipitation,0.20000000000000007
persistence,6,shortwave_radiation,5.0
persistence,6,direct_normal_irradiance,25.0
persistence,6,diffuse_radiation,15.0
persistence,6,temperature_2m,0.40000000000000036
persistence,6,relative_humidity_2m,4.0
persistence,6,cloud_cover,0.0
persistence,6,wind_speed_100m,0.5
persistence,6,wind_speed_10m,0.6000000000000001
persistence,6,surface_pressure,0.39999999999997726
persistence,6,precipitation,4.5
persistence,12,temperature_2m,0.6000000000000014
persistence,12,relative_humidity_2m,3.0
persistence,12,cloud_cover,16.0
persistence,12,wind_speed_100m,3.7
persistence,12,wind_speed_10m,3.4000000000000004
persistence,12,surface_pressure,0.8000000000000682
persistence,12,precipitation,0.0
persistence,24,shortwave_radiation,103.0
persistence,24,direct_normal_irradiance,207.3
persistence,24,diffuse_radiation,79.0
persistence,24,temperature_2m,2.400000000000002
persistence,24,relative_humidity_2m,23.0
persistence,24,cloud_cover,2.0
persistence,24,wind_speed_100m,3.4
persistence,24,wind_speed_10m,2.2
persistence,24,surface_pressure,0.8999999999999773
persistence,24,precipitation,0.5
climatology,1,shortwave_radiation,33.35714285714289
climatology,1,direct_normal_irradiance,98.75
climatology,1,diffuse_radiation,65.07142857142856
climatology,1,temperature_2m,0.29285714285714093
climatology,1,relative_humidity_2m,11.07142857142857
climatology,1,cloud_cover,8.785714285714292
climatology,1,wind_speed_100m,4.3357142857142845
climatology,1,wind_speed_10m,2.9285714285714297
climatology,1,surface_pressure,0.185714285714198
climatology,1,precipitation,0.20000000000000018
climatology,6,shortwave_radiation,53.21428571428572
climatology,6,direct_normal_irradiance,147.00714285714284
climatology,6,diffuse_radiation,6.928571428571431
climatology,6,temperature_2m,0.242857142857142
climatology,6,relative_humidity_2m,5.142857142857139
climatology,6,cloud_cover,7.142857142857139
climatology,6,wind_speed_100m,3.5000000000000004
climatology,6,wind_speed_10m,2.1214285714285714
climatology,6,surface_pressure,0.5071428571428669
climatology,6,precipitation,3.9214285714285717
climatology,12,temperature_2m,0.18571428571428328
climatology,12,relative_humidity_2m,5.857142857142861
climatology,12,cloud_cover,7.571428571428569
climatology,12,wind_speed_100m,4.942857142857143
climatology,12,wind_speed_10m,3.5142857142857142
climatology,12,surface_pressure,0.435714285714198
climatology,12,precipitation,0.0
climatology,24,shortwave_radiation,50.285714285714334
climatology,24,direct_normal_irradiance,68.69285714285718
climatology,24,diffuse_radiation,6.142857142857139
climatology,24,temperature_2m,1.9285714285714306
climatology,24,relative_humidity_2m,12.5
climatology,24,cloud_cover,8.714285714285708
climatology,24,wind_speed_100m,0.3428571428571425
climatology,24,wind_speed_10m,0.02142857142857313
climatology,24,surface_pressure,0.7142857142856656
climatology,24,precipitation,0.2285714285714286
persistence,1,shortwave_radiation,24.0
persistence,1,direct_normal_irradiance,151.3
persistence,1,diffuse_radiation,1.0
persistence,1,temperature_2m,0.6999999999999993
persistence,1,relative_humidity_2m,0.0
persistence,1,cloud_cover,5.0
persistence,1,wind_speed_100m,0.20000000000000018
persistence,1,wind_speed_10m,1.1
persistence,1,surface_pressure,0.09999999999990905
persistence,1,precipitation,0.0
persistence,6,temperature_2m,0.09999999999999964
persistence,6,relative_humidity_2m,1.0
persistence,6,cloud_cover,4.0
persistence,6,wind_speed_100m,3.6000000000000005
persistence,6,wind_speed_10m,2.3000000000000003
persistence,6,surface_pressure,0.3000000000000682
persistence,6,precipitation,0.0
persistence,12,temperature_2m,0.5
persistence,12,relative_humidity_2m,5.0
persistence,12,cloud_cover,3.0
persistence,12,wind_speed_100m,0.2999999999999998
persistence,12,wind_speed_10m,0.10000000000000009
persistence,12,surface_pressure,0.7000000000000455
persistence,12,precipitation,0.0
persistence,24,shortwave_radiation,31.0
persistence,24,direct_normal_irradiance,179.2
persistence,24,diffuse_radiation,40.0
persistence,24,temperature_2m,0.5999999999999979
persistence,24,relative_humidity_2m,16.0
persistence,24,cloud_cover,6.0
persistence,24,wind_speed_100m,1.3000000000000003
persistence,24,wind_speed_10m,2.0999999999999996
persistence,24,surface_pressure,0.8000000000000682
persistence,24,precipitation,0.0
climatology,1,shortwave_radiation,8.357142857142861
climatology,1,direct_normal_irradiance,55.421428571428606
climatology,1,diffuse_radiation,0.2857142857142847
climatology,1,temperature_2m,0.9357142857142833
climatology,1,relative_humidity_2m,2.714285714285708
climatology,1,cloud_cover,0.7857142857142918
climatology,1,wind_speed_100m,0.34285714285714297
climatology,1,wind_speed_10m,0.37857142857142856
climatology,1,surface_pressure,0.40714285714295784
climatology,1,precipitation,0.4928571428571429
climatology,6,temperature_2m,0.04285714285714093
climatology,6,relative_humidity_2m,6.357142857142861
climatology,6,cloud_cover,3.785714285714292
climatology,6,wind_speed_100m,1.0142857142857138
climatology,6,wind_speed_10m,0.9714285714285715
climatology,6,surface_pressure,0.06428571428557461
climatology,6,precipitation,0.0
climatology,12,temperature_2m,0.17142857142857082
climatology,12,relative_humidity_2m,6.5
climatology,12,cloud_cover,21.0
climatology,12,wind_speed_100m,1.2499999999999996
climatology,12,wind_speed_10m,1.3214285714285714
climatology,12,surface_pressure,0.75
climatology,12,precipitation,0.014285714285714287
climatology,24,shortwave_radiation,0.07142857142858361
climatology,24,direct_normal_irradiance,87.52142857142854
climatology,24,diffuse_radiation,36.42857142857143
climatology,24,temperature_2m,2.0785714285714256
climatology,24,relative_humidity_2m,17.214285714285708
climatology,24,cloud_cover,2.5714285714285694
climatology,24,wind_speed_100m,1.6999999999999997
climatology,24,wind_speed_10m,2.1071428571428577
climatology,24,surface_pressure,1.7000000000000455
climatology,24,precipitation,1.407142857142857
persistence,1,temperature_2m,1.1999999999999993
persistence,1,relative_humidity_2m,1.0
persistence,1,cloud_cover,2.0
persistence,1,wind_speed_100m,6.4
persistence,1,wind_speed_10m,2.1999999999999997
persistence,1,surface_pressure,0.7999999999999545
persistence,1,precipitation,0.0
persistence,6,temperature_2m,0.5999999999999996
persistence,6,relative_humidity_2m,4.0
persistence,6,cloud_cover,5.0
persistence,6,wind_speed_100m,8.1
persistence,6,wind_speed_10m,5.4
persistence,6,surface_pressure,0.20000000000004547
persistence,6,precipitation,0.0
persistence,12,shortwave_radiation,469.0
persistence,12,direct_normal_irradiance,676.6
persistence,12,diffuse_radiation,125.0
persistence,12,temperature_2m,3.5
persistence,12,relative_humidity_2m,21.0
persistence,12,cloud_cover,48.0
persistence,12,wind_speed_100m,5.199999999999999
persistence,12,wind_speed_10m,4.8
persistence,12,surface_pressure,0.8999999999999773
persistence,12,precipitation,0.3
persistence,24,temperature_2m,0.7999999999999989
persistence,24,relative_humidity_2m,3.0
persistence,24,cloud_cover,0.0
persistence,24,wind_speed_100m,5.000000000000001
persistence,24,wind_speed_10m,3.7
persistence,24,surface_pressure,1.3000000000000682
persistence,24,precipitation,0.0
climatology,1,temperature_2m,0.685714285714285
climatology,1,relative_humidity_2m,3.642857142857139
climatology,1,cloud_cover,12.714285714285708
climatology,1,wind_speed_100m,3.9000000000000004
climatology,1,wind_speed_10m,2.3928571428571423
climatology,1,surface_pressure,0.7214285714284188
climatology,1,precipitation,0.0
climatology,6,temperature_2m,0.6500000000000004
climatology,6,relative_humidity_2m,9.57142857142857
climatology,6,cloud_cover,22.714285714285708
climatology,6,wind_speed_100m,9.292857142857143
climatology,6,wind_speed_10m,6.6
climatology,6,surface_pressure,0.9285714285714448
climatology,6,precipitation,0.014285714285714287
climatology,12,shortwave_radiation,135.8571428571429
climatology,12,direct_normal_irradiance,193.72142857142865
climatology,12,diffuse_radiation,30.285714285714278
climatology,12,temperature_2m,2.542857142857141
climatology,12,relative_humidity_2m,22.35714285714286
climatology,12,cloud_cover,32.85714285714286
climatology,12,wind_speed_100m,2.9785714285714278
climatology,12,wind_speed_10m,1.3000000000000007
climatology,12,surface_pressure,1.26428571428562
climatology,12,precipitation,0.2214285714285714
climatology,24,temperature_2m,0.19285714285714484
climatology,24,relative_humidity_2m,1.5
climatology,24,cloud_cover,11.285714285714292
climatology,24,wind_speed_100m,0.08571428571428541
climatology,24,wind_speed_10m,0.7928571428571423
climatology,24,surface_pressure,0.39285714285722406
climatology,24,precipitation,0.0
arima,1,temperature_2m,0.7313198049134488
arima,1,relative_humidity_2m,2.480317182468994
arima,1,cloud_cover,4.8510430164694895
arima,1,wind_speed_100m,0.76638529108555
arima,1,wind_speed_10m,0.2654196104937734
arima,1,surface_pressure,0.7522092001958072
arima,1,precipitation,0.3019221796837328
arima,6,temperature_2m,1.22289835722105
arima,6,relative_humidity_2m,4.453213295800452
arima,6,cloud_cover,6.585303718971815
arima,6,wind_speed_100m,4.234758268091706
arima,6,wind_speed_10m,3.713846458427793
arima,6,surface_pressure,2.4044315135977286
arima,6,precipitation,0.30618381611776174
arima,12,shortwave_radiation,820.3359931384996
arima,12,direct_normal_irradiance,776.306793382935
arima,12,diffuse_radiation,209.09846840048144
arima,12,temperature_2m,7.2641985075078
arima,12,relative_humidity_2m,35.48587514361303
arima,12,cloud_cover,38.68429479989939
arima,12,wind_speed_100m,0.7394005023728933
arima,12,wind_speed_10m,1.3300846450204808
arima,12,surface_pressure,3.963179957377747
arima,12,precipitation,0.309660990917329
arima,24,temperature_2m,1.0364717702272692
arima,24,relative_humidity_2m,3.514930088679904
arima,24,cloud_cover,9.441429944050554
arima,24,wind_speed_100m,4.560556846174989
arima,24,wind_speed_10m,3.270737772177691
arima,24,surface_pressure,1.6192821891889935
arima,24,precipitation,0.31545980160446274
persistence,1,temperature_2m,1.1999999999999993
persistence,1,relative_humidity_2m,9.0
persistence,1,cloud_cover,1.0
persistence,1,wind_speed_100m,11.6
persistence,1,wind_speed_10m,7.4
persistence,1,surface_pressure,1.8999999999999773
persistence,1,precipitation,0.0
persistence,6,shortwave_radiation,31.0
persistence,6,direct_normal_irradiance,82.39999999999998
persistence,6,diffuse_radiation,42.0
persistence,6,temperature_2m,2.3999999999999986
persistence,6,relative_humidity_2m,27.0
persistence,6,cloud_cover,48.0
persistence,6,wind_speed_100m,0.9000000000000004
persistence,6,wind_speed_10m,0.8000000000000007
persistence,6,surface_pressure,2.099999999999909
persistence,6,precipitation,3.9
persistence,12,shortwave_radiation,65.0
persistence,12,direct_normal_irradiance,99.2
persistence,12,diffuse_radiation,26.0
persistence,12,temperature_2m,0.7999999999999989
persistence,12,relative_humidity_2m,2.0
persistence,12,cloud_cover,0.0
persistence,12,wind_speed_100m,0.5
persistence,12,wind_speed_10m,0.3999999999999999
persistence,12,surface_pressure,0.7999999999999545
persistence,12,precipitation,0.4
persistence,24,temperature_2m,0.20000000000000107
persistence,24,relative_humidity_2m,8.0
persistence,24,cloud_cover,41.0
persistence,24,wind_speed_100m,5.6
persistence,24,wind_speed_10m,5.5
persistence,24,surface_pressure,1.8000000000000682
persistence,24,precipitation,0.0
climatology,1,temperature_2m,0.35714285714285765
climatology,1,relative_humidity_2m,1.4285714285714306
climatology,1,cloud_cover,21.285714285714292
climatology,1,wind_speed_100m,3.1999999999999993
climatology,1,wind_speed_10m,1.4071428571428575
climatology,1,surface_pressure,1.0642857142855746
climatology,1,precipitation,0.0
climatology,6,shortwave_radiation,73.21428571428567
climatology,6,direct_normal_irradiance,64.65714285714296
climatology,6,diffuse_radiation,21.0
climatology,6,temperature_2m,0.27142857142857224
climatology,6,relative_humidity_2m,7.571428571428569
climatology,6,cloud_cover,18.57142857142857
climatology,6,wind_speed_100m,2.0071428571428562
climatology,6,wind_speed_10m,2.135714285714287
climatology,6,surface_pressure,0.9499999999998181
climatology,6,precipitation,3.6857142857142855
climatology,12,shortwave_radiation,11.142857142857139
climatology,12,direct_normal_irradiance,60.27857142857141
climatology,12,diffuse_radiation,36.42857142857143
climatology,12,temperature_2m,0.32142857142857295
climatology,12,relative_humidity_2m,4.357142857142861
climatology,12,cloud_cover,8.07142857142857
climatology,12,wind_speed_100m,0.4357142857142855
climatology,12,wind_speed_10m,0.021428571428571352
climatology,12,surface_pressure,0.521428571428487
climatology,12,precipitation,0.9785714285714283
climatology,24,temperature_2m,0.814285714285715
climatology,24,relative_humidity_2m,10.214285714285708
climatology,24,cloud_cover,23.785714285714292
climatology,24,wind_speed_100m,3.242857142857143
climatology,24,wind_speed_10m,3.9714285714285724
climatology,24,surface_pressure,2.657142857142958
climatology,24,precipitation,0.0
persistence,1,shortwave_radiation,314.0
persistence,1,direct_normal_irradiance,664.2
persistence,1,diffuse_radiation,314.0
persistence,1,temperature_2m,5.5
persistence,1,relative_humidity_2m,38.0
persistence,1,cloud_cover,90.0
persistence,1,wind_speed_100m,4.500000000000001
persistence,1,wind_speed_10m,2.4999999999999996
persistence,1,surface_pressure,0.8999999999999773
persistence,1,precipitation,10.7
persistence,6,shortwave_radiation,70.0
persistence,6,direct_normal_irradiance,326.1
persistence,6,diffuse_radiation,58.0
persistence,6,temperature_2m,3.200000000000001
persistence,6,relative_humidity_2m,27.0
persistence,6,cloud_cover,69.0
persistence,6,wind_speed_100m,1.1
persistence,6,wind_speed_10m,1.7
persistence,6,surface_pressure,0.0
persistence,6,precipitation,0.4
persistence,12,temperature_2m,0.6000000000000014
persistence,12,relative_humidity_2m,9.0
persistence,12,cloud_cover,17.0
persistence,12,wind_speed_100m,4.300000000000001
persistence,12,wind_speed_10m,3.2
persistence,12,surface_pressure,0.20000000000004547
persistence,12,precipitation,0.0
persistence,24,shortwave_radiation,192.0
persistence,24,direct_normal_irradiance,408.1
persistence,24,diffuse_radiation,166.0
persistence,24,temperature_2m,1.8000000000000007
persistence,24,relative_humidity_2m,13.0
persistence,24,cloud_cover,94.0
persistence,24,wind_speed_100m,4.1
persistence,24,wind_speed_10m,3.0
persistence,24,surface_pressure,0.0
persistence,24,precipitation,0.6
climatology,1,shortwave_radiation,232.8571428571429
climatology,1,direct_normal_irradiance,460.4857142857144
climatology,1,diffuse_radiation,197.85714285714283
climatology,1,temperature_2m,3.600000000000005
climatology,1,relative_humidity_2m,27.14285714285714
climatology,1,cloud_cover,80.28571428571429
climatology,1,wind_speed_100m,3.1500000000000004
climatology,1,wind_speed_10m,1.4857142857142858
climatology,1,surface_pressure,0.04285714285708764
climatology,1,precipitation,1.3357142857142856
climatology,6,shortwave_radiation,80.07142857142858
climatology,6,direct_normal_irradiance,273.3642857142857
climatology,6,diffuse_radiation,25.85714285714286
climatology,6,temperature_2m,2.7499999999999982
climatology,6,relative_humidity_2m,22.5
climatology,6,cloud_cover,60.92857142857143
climatology,6,wind_speed_100m,1.7214285714285715
climatology,6,wind_speed_10m,1.928571428571429
climatology,6,surface_pressure,0.4857142857142662
climatology,6,precipitation,1.2214285714285713
climatology,12,temperature_2m,0.5571428571428587
climatology,12,relative_humidity_2m,5.357142857142861
climatology,12,cloud_cover,48.28571428571429
climatology,12,wind_speed_100m,3.45
climatology,12,wind_speed_10m,2.4642857142857144
climatology,12,surface_pressure,0.792857142856974
climatology,12,precipitation,0.0
climatology,24,shortwave_radiation,8.64285714285711
climatology,24,direct_normal_irradiance,5.028571428571354
climatology,24,diffuse_radiation,17.214285714285722
climatology,24,temperature_2m,1.0999999999999979
climatology,24,relative_humidity_2m,10.07142857142857
climatology,24,cloud_cover,20.92857142857143
climatology,24,wind_speed_100m,3.6714285714285717
climatology,24,wind_speed_10m,2.128571428571429
climatology,24,surface_pressure,0.20714285714291236
climatology,24,precipitation,0.1642857142857143
persistence,1,shortwave_radiation,38.0
persistence,1,direct_normal_irradiance,341.0
persistence,1,diffuse_radiation,18.0
persistence,1,temperature_2m,1.299999999999999
persistence,1,relative_humidity_2m,16.0
persistence,1,cloud_cover,69.0
persistence,1,wind_speed_100m,0.20000000000000018
persistence,1,wind_speed_10m,1.3
persistence,1,surface_pressure,1.8999999999999773
persistence,1,precipitation,1.2
persistence,6,temperature_2m,0.5999999999999996
persistence,6,relative_humidity_2m,4.0
persistence,6,cloud_cover,58.0
persistence,6,wind_speed_100m,1.8000000000000007
persistence,6,wind_speed_10m,3.2
persistence,6,surface_pressure,2.0
persistence,6,precipitation,0.0
persistence,12,temperature_2m,2.1000000000000014
persistence,12,relative_humidity_2m,6.0
persistence,12,cloud_cover,16.0
persistence,12,wind_speed_100m,2.8000000000000007
persistence,12,wind_speed_10m,2.4999999999999996
persistence,12,surface_pressure,0.20000000000004547
persistence,12,precipitation,0.0
persistence,24,shortwave_radiation,64.0
persistence,24,direct_normal_irradiance,199.2
persistence,24,diffuse_radiation,14.0
persistence,24,temperature_2m,0.7000000000000011
persistence,24,relative_humidity_2m,9.0
persistence,24,cloud_cover,0.0
persistence,24,wind_speed_100m,0.8000000000000003
persistence,24,wind_speed_10m,1.2000000000000002
persistence,24,surface_pressure,0.7999999999999545
persistence,24,precipitation,4.1000000000000005
climatology,1,shortwave_radiation,9.142857142857139
climatology,1,direct_normal_irradiance,93.37142857142857
climatology,1,diffuse_radiation,6.571428571428569
climatology,1,temperature_2m,0.23571428571428577
climatology,1,relative_humidity_2m,3.285714285714292
climatology,1,cloud_cover,10.57142857142857
climatology,1,wind_speed_100m,1.2071428571428573
climatology,1,wind_speed_10m,0.6214285714285712
climatology,1,surface_pressure,0.8357142857141753
climatology,1,precipitation,0.7428571428571428
climatology,6,temperature_2m,1.1285714285714281
climatology,6,relative_humidity_2m,0.9285714285714306
climatology,6,cloud_cover,14.0
climatology,6,wind_speed_100m,1.2499999999999991
climatology,6,wind_speed_10m,1.042857142857143
climatology,6,surface_pressure,1.3714285714286234
climatology,6,precipitation,0.0
climatology,12,temperature_2m,0.0
climatology,12,relative_humidity_2m,1.2142857142857082
climatology,12,cloud_cover,19.285714285714292
climatology,12,wind_speed_100m,1.4071428571428566
climatology,12,wind_speed_10m,0.5357142857142856
climatology,12,surface_pressure,0.1785714285714448
climatology,12,precipitation,0.0
climatology,24,shortwave_radiation,25.714285714285722
climatology,24,direct_normal_irradiance,67.51428571428568
climatology,24,diffuse_radiation,0.3571428571428612
climatology,24,temperature_2m,0.257142857142858
climatology,24,relative_humidity_2m,9.142857142857139
climatology,24,cloud_cover,8.285714285714292
climatology,24,wind_speed_100m,1.057142857142857
climatology,24,wind_speed_10m,1.2071428571428577
climatology,24,surface_pressure,1.335714285714289
climatology,24,precipitation,1.3928571428571423
arima,1,shortwave_radiation,31.458639966599975
arima,1,direct_normal_irradiance,19.867962380001444
arima,1,diffuse_radiation,72.44979155098045
arima,1,temperature_2m,0.3390315427922026
arima,1,relative_humidity_2m,11.461290918876514
arima,1,cloud_cover,3.230322044448414
arima,1,wind_speed_100m,0.5326448603885652
arima,1,wind_speed_10m,0.5956135654281014
arima,1,surface_pressure,0.08969474157174773
arima,1,precipitation,0.8285002718301906
arima,6,temperature_2m,1.0002507360091588
arima,6,relative_humidity_2m,0.35325755182080343
arima,6,cloud_cover,7.350384061924643
arima,6,wind_speed_100m,1.1175548864603684
arima,6,wind_speed_10m,1.7903106768011023
arima,6,surface_pressure,0.7899934337019658
arima,6,precipitation,2.2059157276828683
arima,12,temperature_2m,2.6916691053422657
arima,12,relative_humidity_2m,0.345219699543577
arima,12,cloud_cover,11.960676186464738
arima,12,wind_speed_100m,1.6175358835312323
arima,12,wind_speed_10m,0.9061162247994514
arima,12,surface_pressure,2.4406105764895756
arima,12,precipitation,2.16605502762069
arima,24,shortwave_radiation,61.727588418107786
arima,24,direct_normal_irradiance,203.47097290841958
arima,24,diffuse_radiation,16.213444285600247
arima,24,temperature_2m,1.4077683542505142
arima,24,relative_humidity_2m,9.345084819345814
arima,24,cloud_cover,13.070559019463673
arima,24,wind_speed_100m,1.6824635841543358
arima,24,wind_speed_10m,1.6067792879208995
arima,24,surface_pressure,0.9006605164446455
arima,24,precipitation,2.065386597184534
persistence,1,temperature_2m,0.0
persistence,1,relative_humidity_2m,6.0
persistence,1,cloud_cover,14.0
persistence,1,wind_speed_100m,5.2
persistence,1,wind_speed_10m,2.3
persistence,1,surface_pressure,1.1000000000000227
persistence,1,precipitation,0.4
persistence,6,temperature_2m,1.200000000000001
persistence,6,relative_humidity_2m,11.0
persistence,6,cloud_cover,0.0
persistence,6,wind_speed_100m,2.5999999999999996
persistence,6,wind_speed_10m,0.9000000000000001
persistence,6,surface_pressure,2.3999999999999773
persistence,6,precipitation,0.0
persistence,12,shortwave_radiation,435.0
persistence,12,direct_normal_irradiance,534.3
persistence,12,diffuse_radiation,31.0
persistence,12,temperature_2m,3.6999999999999993
persistence,12,relative_humidity_2m,32.0
persistence,12,cloud_cover,16.0
persistence,12,wind_speed_100m,2.0
persistence,12,wind_speed_10m,0.5
persistence,12,surface_pressure,2.1000000000000227
persistence,12,precipitation,6.2
persistence,24,temperature_2m,0.9000000000000004
persistence,24,relative_humidity_2m,6.0
persistence,24,cloud_cover,1.0
persistence,24,wind_speed_100m,7.4
persistence,24,wind_speed_10m,3.6
persistence,24,surface_pressure,0.5
persistence,24,precipitation,0.3
climatology,1,temperature_2m,1.3571428571428577
climatology,1,relative_humidity_2m,3.357142857142861
climatology,1,cloud_cover,17.5
climatology,1,wind_speed_100m,1.4142857142857137
climatology,1,wind_speed_10m,1.6142857142857143
climatology,1,surface_pressure,2.257142857142753
climatology,1,precipitation,0.4
climatology,6,temperature_2m,1.1642857142857146
climatology,6,relative_humidity_2m,10.142857142857139
climatology,6,cloud_cover,19.285714285714292
climatology,6,wind_speed_100m,1.2714285714285714
climatology,6,wind_speed_10m,1.5428571428571434
climatology,6,surface_pressure,2.642857142857224
climatology,6,precipitation,0.0
climatology,12,shortwave_radiation,43.571428571428555
climatology,12,direct_normal_irradiance,115.1357142857143
climatology,12,diffuse_radiation,52.64285714285714
climatology,12,temperature_2m,0.2142857142857153
climatology,12,relative_humidity_2m,2.5
climatology,12,cloud_cover,3.5
climatology,12,wind_speed_100m,4.707142857142857
climatology,12,wind_speed_10m,2.371428571428572
climatology,12,surface_pressure,1.3500000000000227
climatology,12,precipitation,0.8928571428571429
climatology,24,temperature_2m,2.0857142857142836
climatology,24,relative_humidity_2m,3.4285714285714306
climatology,24,cloud_cover,8.857142857142861
climatology,24,wind_speed_100m,4.757142857142858
climatology,24,wind_speed_10m,1.192857142857143
climatology,24,surface_pressure,2.792857142856974
climatology,24,precipitation,0.02142857142857143
persistence,1,temperature_2m,1.6999999999999993
persistence,1,relative_humidity_2m,6.0
persistence,1,cloud_cover,9.0
persistence,1,wind_speed_100m,0.7000000000000002
persistence,1,wind_speed_10m,1.4
persistence,1,surface_pressure,2.1000000000000227
persistence,1,precipitation,0.0
persistence,6,shortwave_radiation,99.0
persistence,6,direct_normal_irradiance,135.10000000000002
persistence,6,diffuse_radiation,18.0
persistence,6,temperature_2m,1.8000000000000007
persistence,6,relative_humidity_2m,6.0
persistence,6,cloud_cover,22.0
persistence,6,wind_speed_100m,3.4
persistence,6,wind_speed_10m,1.9999999999999998
persistence,6,surface_pressure,0.5
persistence,6,precipitation,0.0
persistence,12,shortwave_radiation,14.0
persistence,12,direct_normal_irradiance,10.399999999999991
persistence,12,diffuse_radiation,18.0
persistence,12,temperature_2m,0.29999999999999893
persistence,12,relative_humidity_2m,3.0
persistence,12,cloud_cover,5.0
persistence,12,wind_speed_100m,4.9
persistence,12,wind_speed_10m,1.9999999999999998
persistence,12,surface_pressure,0.2999999999999545
persistence,12,precipitation,0.0
persistence,24,temperature_2m,0.8999999999999986
persistence,24,relative_humidity_2m,3.0
persistence,24,cloud_cover,6.0
persistence,24,wind_speed_100m,3.8999999999999995
persistence,24,wind_speed_10m,2.8
persistence,24,surface_pressure,0.20000000000004547
persistence,24,precipitation,0.0
climatology,1,temperature_2m,0.17857142857142705
climatology,1,relative_humidity_2m,2.642857142857139
climatology,1,cloud_cover,9.285714285714292
climatology,1,wind_speed_100m,1.4500000000000002
climatology,1,wind_speed_10m,0.9857142857142862
climatology,1,surface_pressure,0.3071428571429351
climatology,1,precipitation,0.0
climatology,6,shortwave_radiation,146.8571428571429
climatology,6,direct_normal_irradiance,252.81428571428563
climatology,6,diffuse_radiation,69.28571428571428
climatology,6,temperature_2m,1.9642857142857117
climatology,6,relative_humidity_2m,7.785714285714292
climatology,6,cloud_cover,17.42857142857143
climatology,6,wind_speed_100m,1.0428571428571418
climatology,6,wind_speed_10m,0.17857142857142838
climatology,6,surface_pressure,1.7714285714286007
climatology,6,precipitation,0.8714285714285713
climatology,12,shortwave_radiation,87.5
climatology,12,direct_normal_irradiance,136.7142857142857
climatology,12,diffuse_radiation,32.92857142857143
climatology,12,temperature_2m,0.4499999999999993
climatology,12,relative_humidity_2m,9.714285714285708
climatology,12,cloud_cover,2.357142857142861
climatology,12,wind_speed_100m,2.2857142857142856
climatology,12,wind_speed_10m,1.5357142857142854
climatology,12,surface_pressure,0.5428571428570876
climatology,12,precipitation,0.8714285714285716
climatology,24,temperature_2m,0.8499999999999996
climatology,24,relative_humidity_2m,1.3571428571428612
climatology,24,cloud_cover,12.714285714285708
climatology,24,wind_speed_100m,0.24285714285714288
climatology,24,wind_speed_10m,0.9285714285714288
climatology,24,surface_pressure,0.6000000000001364
climatology,24,precipitation,0.0
persistence,1,shortwave_radiation,12.0
persistence,1,direct_normal_irradiance,52.0
persistence,1,diffuse_radiation,36.0
persistence,1,temperature_2m,0.6000000000000014
persistence,1,relative_humidity_2m,7.0
persistence,1,cloud_cover,2.0
persistence,1,wind_speed_100m,1.5
persistence,1,wind_speed_10m,0.8999999999999995
persistence,1,surface_pressure,0.40000000000009095
persistence,1,precipitation,0.0
persistence,6,shortwave_radiation,43.0
persistence,6,direct_normal_irradiance,61.599999999999994
persistence,6,diffuse_radiation,19.0
persistence,6,temperature_2m,0.8999999999999986
persistence,6,relative_humidity_2m,7.0
persistence,6,cloud_cover,4.0
persistence,6,wind_speed_100m,2.5999999999999996
persistence,6,wind_speed_10m,1.7
persistence,6,surface_pressure,0.2999999999999545
persistence,6,precipitation,0.30000000000000004
persistence,12,temperature_2m,0.5
persistence,12,relative_humidity_2m,4.0
persistence,12,cloud_cover,29.0
persistence,12,wind_speed_100m,0.6999999999999997
persistence,12,wind_speed_10m,0.7
persistence,12,surface_pressure,0.39999999999997726
persistence,12,precipitation,0.0
persistence,24,shortwave_radiation,23.0
persistence,24,direct_normal_irradiance,52.0
persistence,24,diffuse_radiation,23.0
persistence,24,temperature_2m,0.0
persistence,24,relative_humidity_2m,1.0
persistence,24,cloud_cover,18.0
persistence,24,wind_speed_100m,2.4000000000000004
persistence,24,wind_speed_10m,1.2000000000000002
persistence,24,surface_pressure,0.0
persistence,24,precipitation,0.4
climatology,1,shortwave_radiation,144.0
climatology,1,direct_normal_irradiance,250.96428571428567
climatology,1,diffuse_radiation,86.92857142857144
climatology,1,temperature_2m,2.592857142857145
climatology,1,relative_humidity_2m,14.857142857142854
climatology,1,cloud_cover,33.07142857142857
climatology,1,wind_speed_100m,0.8928571428571432
climatology,1,wind_speed_10m,0.835714285714285
climatology,1,surface_pressure,1.085714285714289
climatology,1,precipitation,0.9642857142857142
climatology,6,shortwave_radiation,37.571428571428584
climatology,6,direct_normal_irradiance,59.22142857142856
climatology,6,diffuse_radiation,13.42857142857143
climatology,6,temperature_2m,0.4571428571428555
climatology,6,relative_humidity_2m,2.214285714285708
climatology,6,cloud_cover,3.4285714285714306
climatology,6,wind_speed_100m,0.44285714285714306
climatology,6,wind_speed_10m,0.25000000000000044
climatology,6,surface_pressure,0.6928571428571786
climatology,6,precipitation,0.8071428571428573
climatology,12,temperature_2m,0.8428571428571434
climatology,12,relative_humidity_2m,5.571428571428569
climatology,12,cloud_cover,23.85714285714286
climatology,12,wind_speed_100m,1.028571428571429
climatology,12,wind_speed_10m,0.6785714285714284
climatology,12,surface_pressure,0.9499999999999318
climatology,12,precipitation,0.02142857142857143
climatology,24,shortwave_radiation,112.78571428571433
climatology,24,direct_normal_irradiance,142.8928571428571
climatology,24,diffuse_radiation,7.285714285714278
climatology,24,temperature_2m,1.971428571428568
climatology,24,relative_humidity_2m,11.357142857142861
climatology,24,cloud_cover,25.714285714285708
climatology,24,wind_speed_100m,1.4857142857142875
climatology,24,wind_speed_10m,1.0214285714285722
climatology,24,surface_pressure,0.9714285714285325
climatology,24,precipitation,0.44285714285714284
arima,1,shortwave_radiation,33.65484027740854
arima,1,direct_normal_irradiance,59.329904584187375
arima,1,diffuse_radiation,37.78502479479414
arima,1,temperature_2m,0.6692957286297165
arima,1,relative_humidity_2m,4.105760097415619
arima,1,cloud_cover,29.11914898061532
arima,1,wind_speed_100m,1.5792868637724577
arima,1,wind_speed_10m,1.5658638289885292
arima,1,surface_pressure,0.12579583989190724
arima,1,precipitation,0.19178117668152986
arima,6,shortwave_radiation,782.0767169842267
arima,6,direct_normal_irradiance,575.0134480968097
arima,6,diffuse_radiation,51.56077617847117
arima,6,temperature_2m,5.20534278100774
arima,6,relative_humidity_2m,37.143405884108745
arima,6,cloud_cover,8.719799063567919
arima,6,wind_speed_100m,0.8545192883689894
arima,6,wind_speed_10m,0.3489294776838987
arima,6,surface_pressure,0.07710313832001248
arima,6,precipitation,0.20941185155755745
arima,12,temperature_2m,7.712021088671062
arima,12,relative_humidity_2m,29.19496948762349
arima,12,cloud_cover,15.771954900403827
arima,12,wind_speed_100m,1.0009630671722483
arima,12,wind_speed_10m,1.4388270192560233
arima,12,surface_pressure,0.49090307178676085
arima,12,precipitation,0.3089561435430767
arima,24,shortwave_radiation,157.49350195148884
arima,24,direct_normal_irradiance,52.92138897841892
arima,24,diffuse_radiation,26.201141065814426
arima,24,temperature_2m,0.3118885655411603
arima,24,relative_humidity_2m,2.1956319016551262
arima,24,cloud_cover,25.828309693231915
arima,24,wind_speed_100m,2.007610129920863
arima,24,wind_speed_10m,1.6614079334482672
arima,24,surface_pressure,3.558742145050701
arima,24,precipitation,0.09117817514980031
persistence,1,shortwave_radiation,5.0
persistence,1,direct_normal_irradiance,24.700000000000003
persistence,1,diffuse_radiation,1.0
persistence,1,temperature_2m,0.20000000000000107
persistence,1,relative_humidity_2m,0.0
persistence,1,cloud_cover,1.0
persistence,1,wind_speed_100m,1.5
persistence,1,wind_speed_10m,0.09999999999999964
persistence,1,surface_pressure,0.10000000000002274
persistence,1,precipitation,0.0
persistence,6,temperature_2m,1.3000000000000007
persistence,6,relative_humidity_2m,8.0
persistence,6,cloud_cover,29.0
persistence,6,wind_speed_100m,2.0999999999999996
persistence,6,wind_speed_10m,0.5999999999999999
persistence,6,surface_pressure,1.0
persistence,6,precipitation,0.0
persistence,12,temperature_2m,0.3999999999999986
persistence,12,relative_humidity_2m,2.0
persistence,12,cloud_cover,47.0
persistence,12,wind_speed_100m,2.4999999999999996
persistence,12,wind_speed_10m,1.9
persistence,12,surface_pressure,0.5
persistence,12,precipitation,0.0
persistence,24,shortwave_radiation,121.0
persistence,24,direct_normal_irradiance,200.10000000000002
persistence,24,diffuse_radiation,43.0
persistence,24,temperature_2m,1.6999999999999993
persistence,24,relative_humidity_2m,17.0
persistence,24,cloud_cover,8.0
persistence,24,wind_speed_100m,1.1
persistence,24,wind_speed_10m,1.0
persistence,24,surface_pressure,0.8999999999999773
persistence,24,precipitation,0.2
climatology,1,shortwave_radiation,6.0
climatology,1,direct_normal_irradiance,43.492857142857105
climatology,1,diffuse_radiation,1.4285714285714306
climatology,1,temperature_2m,1.1214285714285719
climatology,1,relative_humidity_2m,3.857142857142861
climatology,1,cloud_cover,5.285714285714292
climatology,1,wind_speed_100m,0.07857142857142918
climatology,1,wind_speed_10m,0.6142857142857143
climatology,1,surface_pressure,0.3785714285713766
climatology,1,precipitation,0.22857142857142862
climatology,6,temperature_2m,2.0642857142857167
climatology,6,relative_humidity_2m,2.857142857142861
climatology,6,cloud_cover,7.428571428571431
climatology,6,wind_speed_100m,3.0285714285714285
climatology,6,wind_speed_10m,1.2142857142857137
climatology,6,surface_pressure,1.7785714285713539
climatology,6,precipitation,0.02142857142857143
climatology,12,temperature_2m,1.978571428571426
climatology,12,relative_humidity_2m,7.357142857142861
climatology,12,cloud_cover,13.285714285714292
climatology,12,wind_speed_100m,1.892857142857142
climatology,12,wind_speed_10m,2.2285714285714286
climatology,12,surface_pressure,1.6642857142855974
climatology,12,precipitation,0.0
climatology,24,shortwave_radiation,89.42857142857142
climatology,24,direct_normal_irradiance,157.90714285714284
climatology,24,diffuse_radiation,27.07142857142857
climatology,24,temperature_2m,0.5499999999999989
climatology,24,relative_humidity_2m,12.714285714285708
climatology,24,cloud_cover,7.857142857142861
climatology,24,wind_speed_100m,0.05714285714285694
climatology,24,wind_speed_10m,0.021428571428571352
climatology,24,surface_pressure,0.21428571428566556
climatology,24,precipitation,0.5999999999999999
persistence,1,temperature_2m,0.0
persistence,1,relative_humidity_2m,6.0
persistence,1,cloud_cover,3.0
persistence,1,wind_speed_100m,3.8000000000000003
persistence,1,wind_speed_10m,1.4
persistence,1,surface_pressure,0.39999999999997726
persistence,1,precipitation,0.0
persistence,6,temperature_2m,0.1999999999999993
persistence,6,relative_humidity_2m,2.0
persistence,6,cloud_cover,2.0
persistence,6,wind_speed_100m,3.1
persistence,6,wind_speed_10m,1.2000000000000002
persistence,6,surface_pressure,1.2000000000000455
persistence,6,precipitation,0.0
persistence,12,shortwave_radiation,234.0
persistence,12,direct_normal_irradiance,281.0
persistence,12,diffuse_radiation,10.0
persistence,12,temperature_2m,2.5
persistence,12,relative_humidity_2m,15.0
persistence,12,cloud_cover,3.0
persistence,12,wind_speed_100m,2.0
persistence,12,wind_speed_10m,0.2999999999999998
persistence,12,surface_pressure,1.1000000000000227
persistence,12,precipitation,0.0
persistence,24,temperature_2m,0.29999999999999893
persistence,24,relative_humidity_2m,2.0
persistence,24,cloud_cover,0.0
persistence,24,wind_speed_100m,2.5
persistence,24,wind_speed_10m,1.0
persistence,24,surface_pressure,0.2999999999999545
persistence,24,precipitation,0.0
climatology,1,temperature_2m,2.057142857142855
climatology,1,relative_humidity_2m,5.928571428571431
climatology,1,cloud_cover,19.92857142857143
climatology,1,wind_speed_100m,2.5357142857142865
climatology,1,wind_speed_10m,0.16428571428571415
climatology,1,surface_pressure,1.2714285714286007
climatology,1,precipitation,0.028571428571428574
climatology,6,temperature_2m,1.6214285714285719
climatology,6,relative_humidity_2m,5.142857142857139
climatology,6,cloud_cover,11.357142857142861
climatology,6,wind_speed_100m,1.0642857142857158
climatology,6,wind_speed_10m,1.057142857142857
climatology,6,surface_pressure,0.3642857142856428
climatology,6,precipitation,0.0
climatology,12,shortwave_radiation,245.57142857142856
climatology,12,direct_normal_irradiance,414.2571428571429
climatology,12,diffuse_radiation,117.71428571428572
climatology,12,temperature_2m,1.2357142857142875
climatology,12,relative_humidity_2m,4.071428571428569
climatology,12,cloud_cover,20.14285714285714
climatology,12,wind_speed_100m,2.8357142857142854
climatology,12,wind_speed_10m,1.5285714285714276
climatology,12,surface_pressure,0.8785714285713766
climatology,12,precipitation,0.8714285714285716
climatology,24,temperature_2m,0.9500000000000028
climatology,24,relative_humidity_2m,10.857142857142861
climatology,24,cloud_cover,12.785714285714292
climatology,24,wind_speed_100m,2.757142857142857
climatology,24,wind_speed_10m,1.4571428571428569
climatology,24,surface_pressure,0.7500000000002274
climatology,24,precipitation,0.02142857142857143
persistence,1,temperature_2m,0.5
persistence,1,relative_humidity_2m,12.0
persistence,1,cloud_cover,5.0
persistence,1,wind_speed_100m,2.3999999999999995
persistence,1,wind_speed_10m,0.5
persistence,1,surface_pressure,0.20000000000004547
persistence,1,precipitation,0.0
persistence,6,shortwave_radiation,27.0
persistence,6,direct_normal_irradiance,21.799999999999997
persistence,6,diffuse_radiation,8.0
persistence,6,temperature_2m,0.5
persistence,6,relative_humidity_2m,4.0
persistence,6,cloud_cover,2.0
persistence,6,wind_speed_100m,4.8
persistence,6,wind_speed_10m,2.0999999999999996
persistence,6,surface_pressure,0.2999999999999545
persistence,6,precipitation,0.4
persistence,12,shortwave_radiation,127.0
persistence,12,direct_normal_irradiance,241.8
persistence,12,diffuse_radiation,33.0
persistence,12,temperature_2m,2.5
persistence,12,relative_humidity_2m,31.0
persistence,12,cloud_cover,9.0
persistence,12,wind_speed_100m,0.40000000000000036
persistence,12,wind_speed_10m,1.0
persistence,12,surface_pressure,1.0
persistence,12,precipitation,1.4
persistence,24,temperature_2m,1.1000000000000014
persistence,24,relative_humidity_2m,14.0
persistence,24,cloud_cover,3.0
persistence,24,wind_speed_100m,6.8999999999999995
persistence,24,wind_speed_10m,2.9
persistence,24,surface_pressure,0.599999999999909
persistence,24,precipitation,0.0
climatology,1,temperature_2m,1.2571428571428562
climatology,1,relative_humidity_2m,5.357142857142861
climatology,1,cloud_cover,6.642857142857139
climatology,1,wind_speed_100m,3.3357142857142854
climatology,1,wind_speed_10m,2.9714285714285715
climatology,1,surface_pressure,1.1714285714286916
climatology,1,precipitation,0.0
climatology,6,shortwave_radiation,262.71428571428567
climatology,6,direct_normal_irradiance,421.07142857142867
climatology,6,diffuse_radiation,106.21428571428572
climatology,6,temperature_2m,1.7714285714285687
climatology,6,relative_humidity_2m,9.142857142857146
climatology,6,cloud_cover,17.07142857142857
climatology,6,wind_speed_100m,2.1571428571428566
climatology,6,wind_speed_10m,0.721428571428572
climatology,6,surface_pressure,0.5357142857142208
climatology,6,precipitation,0.44999999999999996
climatology,12,shortwave_radiation,43.5
climatology,12,direct_normal_irradiance,87.22142857142859
climatology,12,diffuse_radiation,10.285714285714292
climatology,12,temperature_2m,0.9285714285714288
climatology,12,relative_humidity_2m,20.42857142857143
climatology,12,cloud_cover,1.2857142857142918
climatology,12,wind_speed_100m,0.8857142857142861
climatology,12,wind_speed_10m,0.535714285714286
climatology,12,surface_pressure,0.22142857142875982
climatology,12,precipitation,0.8714285714285713
climatology,24,temperature_2m,2.2214285714285733
climatology,24,relative_humidity_2m,8.214285714285708
climatology,24,cloud_cover,8.5
climatology,24,wind_speed_100m,3.2214285714285715
climatology,24,wind_speed_10m,0.014285714285714235
climatology,24,surface_pressure,1.6642857142855974
climatology,24,precipitation,0.0
arima,1,temperature_2m,0.24392557952366545
arima,1,relative_humidity_2m,2.5835456288778857
arima,1,cloud_cover,0.7873491202060308
arima,1,wind_speed_100m,0.8350150648342125
arima,1,wind_speed_10m,0.8943589373064689
arima,1,surface_pressure,0.08553557101993192
arima,1,precipitation,0.0005917006327870528
arima,6,shortwave_radiation,23.118853819863148
arima,6,direct_normal_irradiance,99.4444077371057
arima,6,diffuse_radiation,177.4321101614612
arima,6,temperature_2m,4.1008002344563135
arima,6,relative_humidity_2m,5.350752140108199
arima,6,cloud_cover,0.6104089131243313
arima,6,wind_speed_100m,2.1999198429207816
arima,6,wind_speed_10m,2.296593960958055
arima,6,surface_pressure,1.813786354681838
arima,6,precipitation,0.4001847332987271
arima,12,shortwave_radiation,78.35688962395386
arima,12,direct_normal_irradiance,259.844102869266
arima,12,diffuse_radiation,116.99784870532415
arima,12,temperature_2m,3.2035449185164406
arima,12,relative_humidity_2m,13.33525432040345
arima,12,cloud_cover,6.650961375372333
arima,12,wind_speed_100m,1.1587986474359475
arima,12,wind_speed_10m,0.6267655270448782
arima,12,surface_pressure,0.5881885062059382
arima,12,precipitation,0.000172592721383669
arima,24,temperature_2m,1.3031402751136216
arima,24,relative_humidity_2m,3.065980335529048
arima,24,cloud_cover,0.37452320439081177
arima,24,wind_speed_100m,3.742846271042281
arima,24,wind_speed_10m,0.5286173366401083
arima,24,surface_pressure,1.2672195200935903
arima,24,precipitation,0.00017171222263007065
persistence,1,shortwave_radiation,311.0
persistence,1,direct_normal_irradiance,522.9
persistence,1,diffuse_radiation,177.0
persistence,1,temperature_2m,2.5
persistence,1,relative_humidity_2m,11.0
persistence,1,cloud_cover,36.0
persistence,1,wind_speed_100m,0.0
persistence,1,wind_speed_10m,0.09999999999999964
persistence,1,surface_pressure,0.6999999999999318
persistence,1,precipitation,0.1
persistence,6,shortwave_radiation,47.0
persistence,6,direct_normal_irradiance,185.5
persistence,6,diffuse_radiation,25.0
persistence,6,temperature_2m,2.400000000000002
persistence,6,relative_humidity_2m,14.0
persistence,6,cloud_cover,18.0
persistence,6,wind_speed_100m,0.5999999999999996
persistence,6,wind_speed_10m,0.3999999999999999
persistence,6,surface_pressure,0.7000000000000455
persistence,6,precipitation,0.0
persistence,12,temperature_2m,0.1999999999999993
persistence,12,relative_humidity_2m,2.0
persistence,12,cloud_cover,34.0
persistence,12,wind_speed_100m,0.7000000000000011
persistence,12,wind_speed_10m,0.5
persistence,12,surface_pressure,0.6000000000000227
persistence,12,precipitation,0.0
persistence,24,shortwave_radiation,16.0
persistence,24,direct_normal_irradiance,69.29999999999995
persistence,24,diffuse_radiation,43.0
persistence,24,temperature_2m,0.5
persistence,24,relative_humidity_2m,1.0
persistence,24,cloud_cover,50.0
persistence,24,wind_speed_100m,5.4
persistence,24,wind_speed_10m,3.5
persistence,24,surface_pressure,0.7000000000000455
persistence,24,precipitation,0.0
climatology,1,shortwave_radiation,126.92857142857144
climatology,1,direct_normal_irradiance,270.1499999999999
climatology,1,diffuse_radiation,120.57142857142856
climatology,1,temperature_2m,1.9500000000000028
climatology,1,relative_humidity_2m,10.785714285714285
climatology,1,cloud_cover,16.92857142857143
climatology,1,wind_speed_100m,2.357142857142856
climatology,1,wind_speed_10m,1.0285714285714285
climatology,1,surface_pressure,0.7428571428570194
climatology,1,precipitation,0.857142857142857
climatology,6,shortwave_radiation,86.21428571428572
climatology,6,direct_normal_irradiance,262.63571428571436
climatology,6,diffuse_radiation,15.142857142857139
climatology,6,temperature_2m,3.1642857142857164
climatology,6,relative_humidity_2m,32.5
climatology,6,cloud_cover,18.64285714285714
climatology,6,wind_speed_100m,1.3214285714285707
climatology,6,wind_speed_10m,0.128571428571429
climatology,6,surface_pressure,0.8928571428572241
climatology,6,precipitation,0.5142857142857143
climatology,12,temperature_2m,0.985714285714284
climatology,12,relative_humidity_2m,10.285714285714292
climatology,12,cloud_cover,22.785714285714292
climatology,12,wind_speed_100m,5.9642857142857135
climatology,12,wind_speed_10m,3.0999999999999996
climatology,12,surface_pressure,0.14285714285722406
climatology,12,precipitation,0.02142857142857143
climatology,24,shortwave_radiation,164.78571428571433
climatology,24,direct_normal_irradiance,292.57142857142856
climatology,24,diffuse_radiation,83.35714285714286
climatology,24,temperature_2m,2.400000000000002
climatology,24,relative_humidity_2m,12.357142857142854
climatology,24,cloud_cover,48.07142857142857
climatology,24,wind_speed_100m,0.15714285714285658
climatology,24,wind_speed_10m,0.4071428571428566
climatology,24,surface_pressure,0.0571428571429351
climatology,24,precipitation,0.8428571428571429
persistence,1,shortwave_radiation,22.0
persistence,1,direct_normal_irradiance,129.2
persistence,1,diffuse_radiation,1.0
persistence,1,temperature_2m,1.0999999999999979
persistence,1,relative_humidity_2m,11.0
persistence,1,cloud_cover,15.0
persistence,1,wind_speed_100m,4.5
persistence,1,wind_speed_10m,0.5999999999999999
persistence,1,surface_pressure,0.0
persistence,1,precipitation,0.0
persistence,6,temperature_2m,0.5
persistence,6,relative_humidity_2m,4.0
persistence,6,cloud_cover,32.0
persistence,6,wind_speed_100m,8.299999999999999
persistence,6,wind_speed_10m,5.0
persistence,6,surface_pressure,0.6000000000000227
persistence,6,precipitation,0.0
persistence,12,temperature_2m,1.3000000000000007
persistence,12,relative_humidity_2m,6.0
persistence,12,cloud_cover,31.0
persistence,12,wind_speed_100m,1.2000000000000002
persistence,12,wind_speed_10m,1.5
persistence,12,surface_pressure,0.39999999999997726
persistence,12,precipitation,0.0
persistence,24,shortwave_radiation,76.0
persistence,24,direct_normal_irradiance,203.40000000000003
persistence,24,diffuse_radiation,3.0
persistence,24,temperature_2m,1.700000000000001
persistence,24,relative_humidity_2m,31.0
persistence,24,cloud_cover,21.0
persistence,24,wind_speed_100m,0.10000000000000009
persistence,24,wind_speed_10m,1.7000000000000002
persistence,24,surface_pressure,0.0
persistence,24,precipitation,0.2
climatology,1,shortwave_radiation,7.571428571428569
climatology,1,direct_normal_irradiance,62.235714285714266
climatology,1,diffuse_radiation,2.357142857142854
climatology,1,temperature_2m,0.7571428571428562
climatology,1,relative_humidity_2m,8.0
climatology,1,cloud_cover,2.5714285714285694
climatology,1,wind_speed_100m,1.8857142857142866
climatology,1,wind_speed_10m,0.4214285714285715
climatology,1,surface_pressure,0.35714285714277594
climatology,1,precipitation,0.1642857142857143
climatology,6,temperature_2m,1.307142857142857
climatology,6,relative_humidity_2m,5.714285714285708
climatology,6,cloud_cover,11.142857142857139
climatology,6,wind_speed_100m,2.842857142857142
climatology,6,wind_speed_10m,2.092857142857143
climatology,6,surface_pressure,0.39999999999997726
climatology,6,precipitation,0.02142857142857143
climatology,12,temperature_2m,2.821428571428573
climatology,12,relative_humidity_2m,10.357142857142861
climatology,12,cloud_cover,12.07142857142857
climatology,12,wind_speed_100m,1.1428571428571432
climatology,12,wind_speed_10m,0.5500000000000003
climatology,12,surface_pressure,1.4571428571429124
climatology,12,precipitation,0.0
climatology,24,shortwave_radiation,48.64285714285714
climatology,24,direct_normal_irradiance,107.11428571428571
climatology,24,diffuse_radiation,6.571428571428569
climatology,24,temperature_2m,0.2857142857142829
climatology,24,relative_humidity_2m,15.357142857142861
climatology,24,cloud_cover,10.785714285714292
climatology,24,wind_speed_100m,1.2357142857142858
climatology,24,wind_speed_10m,1.9642857142857149
climatology,24,surface_pressure,0.014285714285847462
climatology,24,precipitation,0.31428571428571433
persistence,1,temperature_2m,1.5999999999999996
persistence,1,relative_humidity_2m,21.0
persistence,1,cloud_cover,0.0
persistence,1,wind_speed_100m,4.2
persistence,1,wind_speed_10m,1.4
persistence,1,surface_pressure,0.2999999999999545
persistence,1,precipitation,0.7000000000000001
persistence,6,temperature_2m,2.0
persistence,6,relative_humidity_2m,23.0
persistence,6,cloud_cover,41.0
persistence,6,wind_speed_100m,3.0
persistence,6,wind_speed_10m,2.5
persistence,6,surface_pressure,0.5
persistence,6,precipitation,0.0
persistence,12,shortwave_radiation,115.0
persistence,12,direct_normal_irradiance,233.99999999999994
persistence,12,diffuse_radiation,86.0
persistence,12,temperature_2m,1.8000000000000007
persistence,12,relative_humidity_2m,14.0
persistence,12,cloud_cover,40.0
persistence,12,wind_speed_100m,1.7
persistence,12,wind_speed_10m,0.7999999999999999
persistence,12,surface_pressure,1.0
persistence,12,precipitation,0.4
persistence,24,temperature_2m,0.09999999999999964
persistence,24,relative_humidity_2m,13.0
persistence,24,cloud_cover,1.0
persistence,24,wind_speed_100m,2.2
persistence,24,wind_speed_10m,1.3
persistence,24,surface_pressure,0.2999999999999545
persistence,24,precipitation,0.0
climatology,1,temperature_2m,0.27857142857143025
climatology,1,relative_humidity_2m,13.285714285714292
climatology,1,cloud_cover,19.85714285714286
climatology,1,wind_speed_100m,4.185714285714287
climatology,1,wind_speed_10m,1.8357142857142863
climatology,1,surface_pressure,0.7000000000001592
climatology,1,precipitation,0.7642857142857143
climatology,6,temperature_2m,0.5642857142857114
climatology,6,relative_humidity_2m,12.92857142857143
climatology,6,cloud_cover,29.07142857142857
climatology,6,wind_speed_100m,1.4928571428571429
climatology,6,wind_speed_10m,1.6142857142857137
climatology,6,surface_pressure,0.8785714285714903
climatology,6,precipitation,0.0
climatology,12,shortwave_radiation,60.785714285714334
climatology,12,direct_normal_irradiance,130.44999999999993
climatology,12,diffuse_radiation,46.71428571428572
climatology,12,temperature_2m,0.8071428571428569
climatology,12,relative_humidity_2m,7.357142857142854
climatology,12,cloud_cover,10.42857142857143
climatology,12,wind_speed_100m,3.992857142857143
climatology,12,wind_speed_10m,3.064285714285715
climatology,12,surface_pressure,0.17142857142857792
climatology,12,precipitation,0.7571428571428571
climatology,24,temperature_2m,0.32142857142857295
climatology,24,relative_humidity_2m,6.785714285714292
climatology,24,cloud_cover,12.42857142857143
climatology,24,wind_speed_100m,3.814285714285715
climatology,24,wind_speed_10m,1.7000000000000008
climatology,24,surface_pressure,0.9071428571428442
climatology,24,precipitation,0.02142857142857143
arima,1,temperature_2m,0.32208546631990487
arima,1,relative_humidity_2m,8.924731261842851
arima,1,cloud_cover,6.255964726705358
arima,1,wind_speed_100m,1.6280014398395541
arima,1,wind_speed_10m,1.1687665683130097
arima,1,surface_pressure,0.40383066619199326
arima,1,precipitation,0.6981982788106166
arima,6,temperature_2m,1.3129816789138324
arima,6,relative_humidity_2m,22.026678889737866
arima,6,cloud_cover,28.631232739667382
arima,6,wind_speed_100m,0.17401431441112436
arima,6,wind_speed_10m,2.01043329520156
arima,6,surface_pressure,1.906117227740424
arima,6,precipitation,0.1328015301804744
arima,12,shortwave_radiation,798.0767686358247
arima,12,direct_normal_irradiance,555.5172853312865
arima,12,diffuse_radiation,180.44287888752677
arima,12,temperature_2m,5.39428689693948
arima,12,relative_humidity_2m,23.20538861451014
arima,12,cloud_cover,1.1935051340481948
arima,12,wind_speed_100m,2.627744026038619
arima,12,wind_speed_10m,2.432813900675018
arima,12,surface_pressure,2.75056819855331
arima,12,precipitation,0.03609788700070951
arima,24,temperature_2m,0.7057186549910348
arima,24,relative_humidity_2m,0.18987473917728437
arima,24,cloud_cover,14.522059702256257
arima,24,wind_speed_100m,2.8276219212204934
arima,24,wind_speed_10m,2.633196467905652
arima,24,surface_pressure,0.5572629427912261
arima,24,precipitation,0.13639454262551678
persistence,1,temperature_2m,0.1999999999999993
persistence,1,relative_humidity_2m,15.0
persistence,1,cloud_cover,10.0
persistence,1,wind_speed_100m,1.6999999999999997
persistence,1,wind_speed_10m,0.30000000000000004
persistence,1,surface_pressure,0.6999999999999318
persistence,1,precipitation,0.0
persistence,6,shortwave_radiation,48.0
persistence,6,direct_normal_irradiance,115.39999999999998
persistence,6,diffuse_radiation,52.0
persistence,6,temperature_2m,0.6999999999999993
persistence,6,relative_humidity_2m,5.0
persistence,6,cloud_cover,33.0
persistence,6,wind_speed_100m,0.0
persistence,6,wind_speed_10m,0.4999999999999999
persistence,6,surface_pressure,0.0
persistence,6,precipitation,0.1
persistence,12,shortwave_radiation,20.0
persistence,12,direct_normal_irradiance,48.89999999999998
persistence,12,diffuse_radiation,1.0
persistence,12,temperature_2m,1.6999999999999993
persistence,12,relative_humidity_2m,21.0
persistence,12,cloud_cover,5.0
persistence,12,wind_speed_100m,0.0
persistence,12,wind_speed_10m,0.10000000000000009
persistence,12,surface_pressure,0.10000000000002274
persistence,12,precipitation,0.5
persistence,24,temperature_2m,0.20000000000000107
persistence,24,relative_humidity_2m,7.0
persistence,24,cloud_cover,25.0
persistence,24,wind_speed_100m,1.4
persistence,24,wind_speed_10m,0.8
persistence,24,surface_pressure,0.7000000000000455
persistence,24,precipitation,0.0
climatology,1,temperature_2m,0.08571428571428541
climatology,1,relative_humidity_2m,5.571428571428569
climatology,1,cloud_cover,9.07142857142857
climatology,1,wind_speed_100m,1.1357142857142852
climatology,1,wind_speed_10m,1.05
climatology,1,surface_pressure,1.0857142857141753
climatology,1,precipitation,0.0
climatology,6,shortwave_radiation,15.14285714285711
climatology,6,direct_normal_irradiance,11.25
climatology,6,diffuse_radiation,10.214285714285722
climatology,6,temperature_2m,0.04999999999999716
climatology,6,relative_humidity_2m,0.8571428571428541
climatology,6,cloud_cover,21.42857142857143
climatology,6,wind_speed_100m,3.5285714285714285
climatology,6,wind_speed_10m,2.135714285714286
climatology,6,surface_pressure,0.07857142857142208
climatology,6,precipitation,0.38571428571428573
climatology,12,shortwave_radiation,23.428571428571416
climatology,12,direct_normal_irradiance,19.357142857142918
climatology,12,diffuse_radiation,16.35714285714286
climatology,12,temperature_2m,1.1428571428571423
climatology,12,relative_humidity_2m,14.92857142857143
climatology,12,cloud_cover,11.142857142857139
climatology,12,wind_speed_100m,1.1214285714285714
climatology,12,wind_speed_10m,0.007142857142857562
climatology,12,surface_pressure,0.3714285714285097
climatology,12,precipitation,1.1102230246251565e-16
climatology,24,temperature_2m,0.06428571428571672
climatology,24,relative_humidity_2m,0.6428571428571388
climatology,24,cloud_cover,15.642857142857139
climatology,24,wind_speed_100m,1.1571428571428575
climatology,24,wind_speed_10m,0.4785714285714282
climatology,24,surface_pressure,0.4214285714285779
climatology,24,precipitation,0.0
persistence,1,shortwave_radiation,24.0
persistence,1,direct_normal_irradiance,89.19999999999993
persistence,1,diffuse_radiation,58.0
persistence,1,temperature_2m,2.3000000000000007
persistence,1,relative_humidity_2m,11.0
persistence,1,cloud_cover,11.0
persistence,1,wind_speed_100m,2.0
persistence,1,wind_speed_10m,2.6
persistence,1,surface_pressure,0.10000000000002274
persistence,1,precipitation,0.3
persistence,6,shortwave_radiation,86.0
persistence,6,direct_normal_irradiance,348.09999999999997
persistence,6,diffuse_radiation,49.0
persistence,6,temperature_2m,4.0
persistence,6,relative_humidity_2m,34.0
persistence,6,cloud_cover,15.0
persistence,6,wind_speed_100m,1.0
persistence,6,wind_speed_10m,0.5
persistence,6,surface_pressure,0.20000000000004547
persistence,6,precipitation,0.5
persistence,12,temperature_2m,0.5
persistence,12,relative_humidity_2m,7.0
persistence,12,cloud_cover,29.0
persistence,12,wind_speed_100m,0.7000000000000002
persistence,12,wind_speed_10m,0.5
persistence,12,surface_pressure,1.1000000000000227
persistence,12,precipitation,0.0
persistence,24,shortwave_radiation,31.0
persistence,24,direct_normal_irradiance,26.5
persistence,24,diffuse_radiation,9.0
persistence,24,temperature_2m,1.1999999999999993
persistence,24,relative_humidity_2m,4.0
persistence,24,cloud_cover,5.0
persistence,24,wind_speed_100m,1.1
persistence,24,wind_speed_10m,0.6000000000000001
persistence,24,surface_pressure,0.6999999999999318
persistence,24,precipitation,0.5
climatology,1,shortwave_radiation,116.21428571428567
climatology,1,direct_normal_irradiance,235.76428571428573
climatology,1,diffuse_radiation,97.85714285714286
climatology,1,temperature_2m,1.9357142857142868
climatology,1,relative_humidity_2m,8.07142857142857
climatology,1,cloud_cover,7.071428571428569
climatology,1,wind_speed_100m,4.307142857142857
climatology,1,wind_speed_10m,2.6428571428571423
climatology,1,surface_pressure,0.15714285714295784
climatology,1,precipitation,0.10714285714285716
climatology,6,shortwave_radiation,114.92857142857142
climatology,6,direct_normal_irradiance,387.4357142857143
climatology,6,diffuse_radiation,35.07142857142857
climatology,6,temperature_2m,3.064285714285715
climatology,6,relative_humidity_2m,21.35714285714286
climatology,6,cloud_cover,8.785714285714292
climatology,6,wind_speed_100m,0.07142857142857162
climatology,6,wind_speed_10m,0.471428571428572
climatology,6,surface_pressure,0.057142857142707726
climatology,6,precipitation,0.5357142857142857
climatology,12,temperature_2m,0.5428571428571427
climatology,12,relative_humidity_2m,3.4285714285714306
climatology,12,cloud_cover,45.14285714285714
climatology,12,wind_speed_100m,1.2857142857142865
climatology,12,wind_speed_10m,0.7357142857142855
climatology,12,surface_pressure,1.5
climatology,12,precipitation,0.02142857142857143
climatology,24,shortwave_radiation,124.07142857142856
climatology,24,direct_normal_irradiance,169.53571428571433
climatology,24,diffuse_radiation,17.14285714285714
climatology,24,temperature_2m,0.39285714285714235
climatology,24,relative_humidity_2m,4.714285714285715
climatology,24,cloud_cover,27.07142857142857
climatology,24,wind_speed_100m,2.4785714285714295
climatology,24,wind_speed_10m,0.4357142857142855
climatology,24,surface_pressure,0.9071428571427305
climatology,24,precipitation,0.05714285714285716
persistence,1,shortwave_radiation,35.0
persistence,1,direct_normal_irradiance,221.70000000000002
persistence,1,diffuse_radiation,1.0
persistence,1,temperature_2m,1.0
persistence,1,relative_humidity_2m,15.0
persistence,1,cloud_cover,6.0
persistence,1,wind_speed_100m,2.6
persistence,1,wind_speed_10m,1.0000000000000002
persistence,1,surface_pressure,0.10000000000002274
persistence,1,precipitation,0.0
persistence,6,temperature_2m,0.10000000000000142
persistence,6,relative_humidity_2m,1.0
persistence,6,cloud_cover,5.0
persistence,6,wind_speed_100m,2.0999999999999996
persistence,6,wind_speed_10m,0.7
persistence,6,surface_pressure,0.2999999999999545
persistence,6,precipitation,0.0
persistence,12,temperature_2m,0.20000000000000107
persistence,12,relative_humidity_2m,1.0
persistence,12,cloud_cover,18.0
persistence,12,wind_speed_100m,1.9999999999999996
persistence,12,wind_speed_10m,2.2
persistence,12,surface_pressure,0.39999999999997726
persistence,12,precipitation,0.0
persistence,24,shortwave_radiation,113.0
persistence,24,direct_normal_irradiance,366.0
persistence,24,diffuse_radiation,29.0
persistence,24,temperature_2m,2.400000000000002
persistence,24,relative_humidity_2m,37.0
persistence,24,cloud_cover,51.0
persistence,24,wind_speed_100m,0.30000000000000027
persistence,24,wind_speed_10m,0.7000000000000002
persistence,24,surface_pressure,0.0
persistence,24,precipitation,0.1
climatology,1,shortwave_radiation,0.0
climatology,1,direct_normal_irradiance,36.285714285714306
climatology,1,diffuse_radiation,5.857142857142854
climatology,1,temperature_2m,0.049999999999998934
climatology,1,relative_humidity_2m,7.357142857142861
climatology,1,cloud_cover,19.714285714285708
climatology,1,wind_speed_100m,0.27857142857142847
climatology,1,wind_speed_10m,0.8214285714285714
climatology,1,surface_pressure,0.6999999999999318
climatology,1,precipitation,0.08571428571428573
climatology,6,temperature_2m,0.6714285714285726
climatology,6,relative_humidity_2m,4.142857142857139
climatology,6,cloud_cover,46.5
climatology,6,wind_speed_100m,0.9499999999999993
climatology,6,wind_speed_10m,0.007142857142857562
climatology,6,surface_pressure,1.7428571428571331
climatology,6,precipitation,0.02142857142857143
climatology,12,temperature_2m,0.45000000000000107
climatology,12,relative_humidity_2m,2.5
climatology,12,cloud_cover,37.64285714285714
climatology,12,wind_speed_100m,2.4928571428571424
climatology,12,wind_speed_10m,1.8714285714285723
climatology,12,surface_pressure,1.2285714285713993
climatology,12,precipitation,0.0
climatology,24,shortwave_radiation,131.14285714285714
climatology,24,direct_normal_irradiance,425.37142857142857
climatology,24,diffuse_radiation,33.71428571428571
climatology,24,temperature_2m,2.142857142857146
climatology,24,relative_humidity_2m,26.0
climatology,24,cloud_cover,56.71428571428571
climatology,24,wind_speed_100m,0.6642857142857133
climatology,24,wind_speed_10m,0.11428571428571432
climatology,24,surface_pressure,0.5928571428572695
climatology,24,precipitation,0.23571428571428574
arima,1,shortwave_radiation,64.38627277944894
arima,1,direct_normal_irradiance,41.99787882018282
arima,1,diffuse_radiation,43.87498853688007
arima,1,temperature_2m,0.8778004118415481
arima,1,relative_humidity_2m,0.8487920037709529
arima,1,cloud_cover,4.186233040958797
arima,1,wind_speed_100m,0.4294309623246102
arima,1,wind_speed_10m,1.900327326759098
arima,1,surface_pressure,0.28037631755830716
arima,1,precipitation,0.09826136462729185
arima,6,temperature_2m,5.723534498154525
arima,6,relative_humidity_2m,1.5411734061126197
arima,6,cloud_cover,23.151918898422423
arima,6,wind_speed_100m,1.4091246212676527
arima,6,wind_speed_10m,0.9908239306740732
arima,6,surface_pressure,2.352784154150413
arima,6,precipitation,0.11299266879012064
arima,12,temperature_2m,3.3622099190610726
arima,12,relative_humidity_2m,12.840311343896815
arima,12,cloud_cover,19.747730657974273
arima,12,wind_speed_100m,1.2906582659102663
arima,12,wind_speed_10m,2.4879701920500854
arima,12,surface_pressure,3.480801750592491
arima,12,precipitation,0.11268156084326672
arima,24,shortwave_radiation,49.445567279065415
arima,24,direct_normal_irradiance,395.80666946460906
arima,24,diffuse_radiation,26.622755060850295
arima,24,temperature_2m,1.5986147910198127
arima,24,relative_humidity_2m,36.678111119909985
arima,24,cloud_cover,29.740072487705177
arima,24,wind_speed_100m,0.4883196386078752
arima,24,wind_speed_10m,0.5879336382472995
arima,24,surface_pressure,1.7942772986662021
arima,24,precipitation,0.11171445770933776
persistence,1,temperature_2m,0.0
persistence,1,relative_humidity_2m,16.0
persistence,1,cloud_cover,24.0
persistence,1,wind_speed_100m,1.2999999999999998
persistence,1,wind_speed_10m,0.5
persistence,1,surface_pressure,0.5
persistence,1,precipitation,0.0
persistence,6,temperature_2m,0.20000000000000107
persistence,6,relative_humidity_2m,14.0
persistence,6,cloud_cover,38.0
persistence,6,wind_speed_100m,1.2000000000000002
persistence,6,wind_speed_10m,0.09999999999999998
persistence,6,surface_pressure,0.0
persistence,6,precipitation,0.0
persistence,12,shortwave_radiation,26.0
persistence,12,direct_normal_irradiance,23.800000000000068
persistence,12,diffuse_radiation,5.0
persistence,12,temperature_2m,1.4000000000000021
persistence,12,relative_humidity_2m,11.0
persistence,12,cloud_cover,25.0
persistence,12,wind_speed_100m,3.1
persistence,12,wind_speed_10m,0.3999999999999999
persistence,12,surface_pressure,0.20000000000004547
persistence,12,precipitation,0.2
persistence,24,temperature_2m,0.6999999999999993
persistence,24,relative_humidity_2m,14.0
persistence,24,cloud_cover,14.0
persistence,24,wind_speed_100m,3.0000000000000004
persistence,24,wind_speed_10m,1.1
persistence,24,surface_pressure,0.8999999999999773
persistence,24,precipitation,0.0
climatology,1,temperature_2m,0.814285714285715
climatology,1,relative_humidity_2m,13.57142857142857
climatology,1,cloud_cover,26.85714285714286
climatology,1,wind_speed_100m,0.3285714285714292
climatology,1,wind_speed_10m,0.3642857142857143
climatology,1,surface_pressure,1.8928571428571104
climatology,1,precipitation,0.0642857142857143
climatology,6,temperature_2m,0.6785714285714288
climatology,6,relative_humidity_2m,12.57142857142857
climatology,6,cloud_cover,4.285714285714292
climatology,6,wind_speed_100m,3.664285714285714
climatology,6,wind_speed_10m,1.8857142857142857
climatology,6,surface_pressure,1.085714285714289
climatology,6,precipitation,0.0
climatology,12,shortwave_radiation,2.8571428571428896
climatology,12,direct_normal_irradiance,8.792857142857088
climatology,12,diffuse_radiation,9.285714285714278
climatology,12,temperature_2m,0.8857142857142897
climatology,12,relative_humidity_2m,5.071428571428569
climatology,12,cloud_cover,7.428571428571431
climatology,12,wind_speed_100m,1.6642857142857141
climatology,12,wind_speed_10m,0.5214285714285714
climatology,12,surface_pressure,1.0285714285714675
climatology,12,precipitation,0.05000000000000002
climatology,24,temperature_2m,0.18571428571428328
climatology,24,relative_humidity_2m,1.6428571428571388
climatology,24,cloud_cover,31.85714285714286
climatology,24,wind_speed_100m,2.914285714285715
climatology,24,wind_speed_10m,1.5428571428571427
climatology,24,surface_pressure,0.4928571428571331
climatology,24,precipitation,0.0
persistence,1,temperature_2m,1.1999999999999993
persistence,1,relative_humidity_2m,8.0
persistence,1,cloud_cover,2.0
persistence,1,wind_speed_100m,1.8000000000000003
persistence,1,wind_speed_10m,0.19999999999999996
persistence,1,surface_pressure,0.7000000000000455
persistence,1,precipitation,0.0
persistence,6,shortwave_radiation,31.0
persistence,6,direct_normal_irradiance,121.0
persistence,6,diffuse_radiation,73.0
persistence,6,temperature_2m,0.3000000000000007
persistence,6,relative_humidity_2m,4.0
persistence,6,cloud_cover,11.0
persistence,6,wind_speed_100m,2.7
persistence,6,wind_speed_10m,1.7000000000000002
persistence,6,surface_pressure,0.6000000000000227
persistence,6,precipitation,0.2
persistence,12,shortwave_radiation,35.0
persistence,12,direct_normal_irradiance,121.2
persistence,12,diffuse_radiation,12.0
persistence,12,temperature_2m,1.700000000000001
persistence,12,relative_humidity_2m,29.0
persistence,12,cloud_cover,41.0
persistence,12,wind_speed_100m,1.4
persistence,12,wind_speed_10m,0.7000000000000001
persistence,12,surface_pressure,0.3000000000000682
persistence,12,precipitation,0.2
persistence,24,temperature_2m,1.5
persistence,24,relative_humidity_2m,4.0
persistence,24,cloud_cover,5.0
persistence,24,wind_speed_100m,1.7999999999999998
persistence,24,wind_speed_10m,0.9999999999999998
persistence,24,surface_pressure,0.10000000000002274
persistence,24,precipitation,0.0
climatology,1,temperature_2m,0.4499999999999993
climatology,1,relative_humidity_2m,1.2857142857142918
climatology,1,cloud_cover,8.142857142857139
climatology,1,wind_speed_100m,2.9071428571428566
climatology,1,wind_speed_10m,1.7142857142857144
climatology,1,surface_pressure,0.09285714285704216
climatology,1,precipitation,0.0
climatology,6,shortwave_radiation,26.64285714285711
climatology,6,direct_normal_irradiance,115.17857142857133
climatology,6,diffuse_radiation,76.14285714285714
climatology,6,temperature_2m,0.485714285714284
climatology,6,relative_humidity_2m,0.7857142857142847
climatology,6,cloud_cover,17.64285714285714
climatology,6,wind_speed_100m,4.264285714285715
climatology,6,wind_speed_10m,2.1428571428571432
climatology,6,surface_pressure,0.2642857142857338
climatology,6,precipitation,0.1642857142857143
climatology,12,shortwave_radiation,59.428571428571416
climatology,12,direct_normal_irradiance,223.50714285714292
climatology,12,diffuse_radiation,27.35714285714286
climatology,12,temperature_2m,0.7499999999999982
climatology,12,relative_humidity_2m,18.714285714285708
climatology,12,cloud_cover,14.42857142857143
climatology,12,wind_speed_100m,2.6142857142857143
climatology,12,wind_speed_10m,1.342857142857143
climatology,12,surface_pressure,0.33571428571451634
climatology,12,precipitation,0.021428571428571436
climatology,24,temperature_2m,0.814285714285715
climatology,24,relative_humidity_2m,4.214285714285708
climatology,24,cloud_cover,22.14285714285714
climatology,24,wind_speed_100m,0.6428571428571432
climatology,24,wind_speed_10m,0.4785714285714284
climatology,24,surface_pressure,0.04285714285708764
climatology,24,precipitation,0.0
persistence,1,shortwave_radiation,73.0
persistence,1,direct_normal_irradiance,167.39999999999998
persistence,1,diffuse_radiation,81.0
persistence,1,temperature_2m,0.9000000000000021
persistence,1,relative_humidity_2m,25.0
persistence,1,cloud_cover,13.0
persistence,1,wind_speed_100m,6.9
persistence,1,wind_speed_10m,5.699999999999999
persistence,1,surface_pressure,0.10000000000002274
persistence,1,precipitation,0.4
persistence,6,shortwave_radiation,0.0
persistence,6,direct_normal_irradiance,82.39999999999999
persistence,6,diffuse_radiation,32.0
persistence,6,temperature_2m,1.5
persistence,6,relative_humidity_2m,0.0
persistence,6,cloud_cover,4.0
persistence,6,wind_speed_100m,2.8
persistence,6,wind_speed_10m,1.9
persistence,6,surface_pressure,0.10000000000002274
persistence,6,precipitation,2.5999999999999996
persistence,12,temperature_2m,0.5
persistence,12,relative_humidity_2m,8.0
persistence,12,cloud_cover,2.0
persistence,12,wind_speed_100m,3.2
persistence,12,wind_speed_10m,1.5
persistence,12,surface_pressure,1.1000000000000227
persistence,12,precipitation,0.0
persistence,24,shortwave_radiation,255.0
persistence,24,direct_normal_irradiance,426.20000000000005
persistence,24,diffuse_radiation,109.0
persistence,24,temperature_2m,2.400000000000002
persistence,24,relative_humidity_2m,18.0
persistence,24,cloud_cover,10.0
persistence,24,wind_speed_100m,2.3
persistence,24,wind_speed_10m,1.7999999999999998
persistence,24,surface_pressure,0.6000000000000227
persistence,24,precipitation,0.19999999999999998
climatology,1,shortwave_radiation,32.35714285714289
climatology,1,direct_normal_irradiance,85.88571428571436
climatology,1,diffuse_radiation,42.428571428571416
climatology,1,temperature_2m,1.5642857142857132
climatology,1,relative_humidity_2m,26.785714285714285
climatology,1,cloud_cover,4.857142857142861
climatology,1,wind_speed_100m,3.3071428571428587
climatology,1,wind_speed_10m,3.5428571428571427
climatology,1,surface_pressure,0.09285714285715585
climatology,1,precipitation,0.2857142857142857
climatology,6,shortwave_radiation,58.21428571428572
climatology,6,direct_normal_irradiance,133.25000000000003
climatology,6,diffuse_radiation,6.5
climatology,6,temperature_2m,2.2428571428571384
climatology,6,relative_humidity_2m,18.0
climatology,6,cloud_cover,9.785714285714292
climatology,6,wind_speed_100m,0.4285714285714284
climatology,6,wind_speed_10m,0.7071428571428573
climatology,6,surface_pressure,0.1928571428571786
climatology,6,precipitation,2.614285714285714
climatology,12,temperature_2m,0.48571428571428577
climatology,12,relative_humidity_2m,13.5
climatology,12,cloud_cover,18.14285714285714
climatology,12,wind_speed_100m,2.5285714285714276
climatology,12,wind_speed_10m,1.0214285714285714
climatology,12,surface_pressure,1.1714285714286916
climatology,12,precipitation,0.0
climatology,24,shortwave_radiation,176.57142857142856
climatology,24,direct_normal_irradiance,220.35714285714278
climatology,24,diffuse_radiation,15.214285714285722
climatology,24,temperature_2m,2.5928571428571416
climatology,24,relative_humidity_2m,28.357142857142854
climatology,24,cloud_cover,1.0714285714285694
climatology,24,wind_speed_100m,0.035714285714286476
climatology,24,wind_speed_10m,0.8142857142857136
climatology,24,surface_pressure,0.7999999999999545
climatology,24,precipitation,0.15714285714285714
arima,1,shortwave_radiation,60.51896505513605
arima,1,direct_normal_irradiance,30.71170374332587
arima,1,diffuse_radiation,49.22390833632261
arima,1,temperature_2m,1.2294284181925867
arima,1,relative_humidity_2m,12.515372631857062
arima,1,cloud_cover,3.1375093556537763
arima,1,wind_speed_100m,3.384556169082817
arima,1,wind_speed_10m,3.487155032429759
arima,1,surface_pressure,0.1699888796072173
arima,1,precipitation,0.3129526392243229
arima,6,shortwave_radiation,473.6002952931153
arima,6,direct_normal_irradiance,56.654587007775206
arima,6,diffuse_radiation,25.167822557641898
arima,6,temperature_2m,4.358840102131358
arima,6,relative_humidity_2m,23.537570990622484
arima,6,cloud_cover,17.18088675787152
arima,6,wind_speed_100m,0.5575963703500855
arima,6,wind_speed_10m,0.2400047449693501
arima,6,surface_pressure,0.7724515111455048
arima,6,precipitation,2.7131363183199158
arima,12,temperature_2m,5.4146697863008395
arima,12,relative_humidity_2m,19.865636202666465
arima,12,cloud_cover,20.642646599687737
arima,12,wind_speed_100m,1.6209620449001045
arima,12,wind_speed_10m,1.6465662834020516
arima,12,surface_pressure,1.7935135135674045
arima,12,precipitation,0.08546276167263434
arima,24,shortwave_radiation,136.85348223043275
arima,24,direct_normal_irradiance,235.54163083617664
arima,24,diffuse_radiation,127.86895831903868
arima,24,temperature_2m,1.8096495809892517
arima,24,relative_humidity_2m,9.754135260826644
arima,24,cloud_cover,12.370917278192948
arima,24,wind_speed_100m,0.5107534387671624
arima,24,wind_speed_10m,1.264261829169318
arima,24,surface_pressure,0.6129924093939962
arima,24,precipitation,0.21499703473186085
persistence,1,shortwave_radiation,23.0
persistence,1,direct_normal_irradiance,73.5
persistence,1,diffuse_radiation,11.0
persistence,1,temperature_2m,0.5999999999999996
persistence,1,relative_humidity_2m,1.0
persistence,1,cloud_cover,12.0
persistence,1,wind_speed_100m,0.5999999999999996
persistence,1,wind_speed_10m,1.4
persistence,1,surface_pressure,1.2000000000000455
persistence,1,precipitation,0.09999999999999998
persistence,6,temperature_2m,0.7999999999999989
persistence,6,relative_humidity_2m,9.0
persistence,6,cloud_cover,14.0
persistence,6,wind_speed_100m,6.6000000000000005
persistence,6,wind_speed_10m,3.1
persistence,6,surface_pressure,0.10000000000002274
persistence,6,precipitation,1.1
persistence,12,temperature_2m,0.09999999999999964
persistence,12,relative_humidity_2m,12.0
persistence,12,cloud_cover,5.0
persistence,12,wind_speed_100m,6.3999999999999995
persistence,12,wind_speed_10m,2.8
persistence,12,surface_pressure,0.5
persistence,12,precipitation,0.0
persistence,24,shortwave_radiation,81.0
persistence,24,direct_normal_irradiance,244.5
persistence,24,diffuse_radiation,14.0
persistence,24,temperature_2m,1.200000000000001
persistence,24,relative_humidity_2m,23.0
persistence,24,cloud_cover,6.0
persistence,24,wind_speed_100m,0.20000000000000018
persistence,24,wind_speed_10m,0.5
persistence,24,surface_pressure,0.0
persistence,24,precipitation,1.1
climatology,1,shortwave_radiation,2.142857142857139
climatology,1,direct_normal_irradiance,33.014285714285734
climatology,1,diffuse_radiation,3.142857142857146
climatology,1,temperature_2m,0.271428571428574
climatology,1,relative_humidity_2m,10.07142857142857
climatology,1,cloud_cover,14.285714285714292
climatology,1,wind_speed_100m,1.6714285714285717
climatology,1,wind_speed_10m,0.2857142857142856
climatology,1,surface_pressure,1.7428571428573605
climatology,1,precipitation,0.5499999999999999
climatology,6,temperature_2m,0.3928571428571406
climatology,6,relative_humidity_2m,3.642857142857139
climatology,6,cloud_cover,3.857142857142861
climatology,6,wind_speed_100m,4.042857142857143
climatology,6,wind_speed_10m,2.1071428571428577
climatology,6,surface_pressure,1.2642857142857338
climatology,6,precipitation,1.1
climatology,12,temperature_2m,0.4142857142857128
climatology,12,relative_humidity_2m,2.214285714285708
climatology,12,cloud_cover,13.642857142857139
climatology,12,wind_speed_100m,2.9571428571428564
climatology,12,wind_speed_10m,1.5571428571428572
climatology,12,surface_pressure,0.9142857142858247
climatology,12,precipitation,0.0
climatology,24,shortwave_radiation,51.64285714285714
climatology,24,direct_normal_irradiance,181.0
climatology,24,diffuse_radiation,18.57142857142857
climatology,24,temperature_2m,0.1071428571428612
climatology,24,relative_humidity_2m,5.142857142857139
climatology,24,cloud_cover,6.714285714285708
climatology,24,wind_speed_100m,1.0000000000000004
climatology,24,wind_speed_10m,0.19999999999999973
climatology,24,surface_pressure,1.1571428571428442
climatology,24,precipitation,0.4499999999999999
persistence,1,temperature_2m,0.09999999999999964
persistence,1,relative_humidity_2m,13.0
persistence,1,cloud_cover,20.0
persistence,1,wind_speed_100m,0.7999999999999989
persistence,1,wind_speed_10m,0.7000000000000002
persistence,1,surface_pressure,0.7999999999999545
persistence,1,precipitation,0.5
persistence,6,temperature_2m,0.5999999999999996
persistence,6,relative_humidity_2m,7.0
persistence,6,cloud_cover,71.0
persistence,6,wind_speed_100m,3.9000000000000004
persistence,6,wind_speed_10m,2.4000000000000004
persistence,6,surface_pressure,1.1000000000000227
persistence,6,precipitation,0.0
persistence,12,shortwave_radiation,135.0
persistence,12,direct_normal_irradiance,397.0
persistence,12,diffuse_radiation,202.0
persistence,12,temperature_2m,1.3000000000000007
persistence,12,relative_humidity_2m,6.0
persistence,12,cloud_cover,93.0
persistence,12,wind_speed_100m,0.0
persistence,12,wind_speed_10m,0.6000000000000001
persistence,12,surface_pressure,0.5
persistence,12,precipitation,0.0
persistence,24,temperature_2m,0.09999999999999964
persistence,24,relative_humidity_2m,5.0
persistence,24,cloud_cover,8.0
persistence,24,wind_speed_100m,3.5
persistence,24,wind_speed_10m,2.0
persistence,24,surface_pressure,0.10000000000002274
persistence,24,precipitation,0.0
climatology,1,temperature_2m,0.3571428571428594
climatology,1,relative_humidity_2m,5.142857142857139
climatology,1,cloud_cover,19.14285714285714
climatology,1,wind_speed_100m,3.3428571428571425
climatology,1,wind_speed_10m,1.9714285714285715
climatology,1,surface_pressure,0.207142857142685
climatology,1,precipitation,0.09999999999999999
climatology,6,temperature_2m,0.9785714285714278
climatology,6,relative_humidity_2m,5.285714285714292
climatology,6,cloud_cover,57.21428571428571
climatology,6,wind_speed_100m,6.792857142857143
climatology,6,wind_speed_10m,3.878571428571429
climatology,6,surface_pressure,0.29285714285708764
climatology,6,precipitation,0.0
climatology,12,shortwave_radiation,154.78571428571433
climatology,12,direct_normal_irradiance,345.0642857142858
climatology,12,diffuse_radiation,134.07142857142858
climatology,12,temperature_2m,2.235714285714284
climatology,12,relative_humidity_2m,13.92857142857143
climatology,12,cloud_cover,59.85714285714286
climatology,12,wind_speed_100m,1.1785714285714288
climatology,12,wind_speed_10m,0.13571428571428568
climatology,12,surface_pressure,0.9357142857144254
climatology,12,precipitation,0.16428571428571428
climatology,24,temperature_2m,0.02142857142857224
climatology,24,relative_humidity_2m,1.7857142857142918
climatology,24,cloud_cover,2.0
climatology,24,wind_speed_100m,0.8142857142857141
climatology,24,wind_speed_10m,0.04285714285714315
climatology,24,surface_pressure,0.3285714285714221
climatology,24,precipitation,0.07857142857142858
persistence,1,temperature_2m,1.799999999999999
persistence,1,relative_humidity_2m,1.0
persistence,1,cloud_cover,34.0
persistence,1,wind_speed_100m,4.300000000000001
persistence,1,wind_speed_10m,1.2999999999999998
persistence,1,surface_pressure,0.1999999999999318
persistence,1,precipitation,0.0
persistence,6,shortwave_radiation,3.0
persistence,6,direct_normal_irradiance,26.0
persistence,6,diffuse_radiation,20.0
persistence,6,temperature_2m,0.8000000000000007
persistence,6,relative_humidity_2m,2.0
persistence,6,cloud_cover,67.0
persistence,6,wind_speed_100m,1.1000000000000005
persistence,6,wind_speed_10m,2.0
persistence,6,surface_pressure,0.3000000000000682
persistence,6,precipitation,0.1
persistence,12,shortwave_radiation,10.0
persistence,12,direct_normal_irradiance,48.60000000000002
persistence,12,diffuse_radiation,9.0
persistence,12,temperature_2m,0.7999999999999989
persistence,12,relative_humidity_2m,0.0
persistence,12,cloud_cover,13.0
persistence,12,wind_speed_100m,1.0
persistence,12,wind_speed_10m,1.0
persistence,12,surface_pressure,0.1999999999999318
persistence,12,precipitation,0.0
persistence,24,temperature_2m,0.3000000000000007
persistence,24,relative_humidity_2m,14.0
persistence,24,cloud_cover,27.0
persistence,24,wind_speed_100m,2.0
persistence,24,wind_speed_10m,2.5
persistence,24,surface_pressure,0.6000000000000227
persistence,24,precipitation,0.0
climatology,1,temperature_2m,1.0857142857142854
climatology,1,relative_humidity_2m,7.214285714285708
climatology,1,cloud_cover,17.42857142857143
climatology,1,wind_speed_100m,2.564285714285714
climatology,1,wind_speed_10m,2.578571428571429
climatology,1,surface_pressure,0.021428571428600662
climatology,1,precipitation,0.0
climatology,6,shortwave_radiation,120.21428571428567
climatology,6,direct_normal_irradiance,261.80714285714294
climatology,6,diffuse_radiation,97.07142857142858
climatology,6,temperature_2m,1.107142857142854
climatology,6,relative_humidity_2m,10.07142857142857
climatology,6,cloud_cover,13.714285714285715
climatology,6,wind_speed_100m,0.2071428571428564
climatology,6,wind_speed_10m,2.0214285714285714
climatology,6,surface_pressure,0.5428571428570876
climatology,6,precipitation,0.0357142857142857
climatology,12,shortwave_radiation,9.928571428571416
climatology,12,direct_normal_irradiance,20.450000000000045
climatology,12,diffuse_radiation,1.6428571428571388
climatology,12,temperature_2m,0.7928571428571427
climatology,12,relative_humidity_2m,7.857142857142861
climatology,12,cloud_cover,11.857142857142861
climatology,12,wind_speed_100m,0.8857142857142857
climatology,12,wind_speed_10m,1.028571428571429
climatology,12,surface_pressure,0.26428571428584746
climatology,12,precipitation,0.2571428571428571
climatology,24,temperature_2m,0.6285714285714281
climatology,24,relative_humidity_2m,9.285714285714292
climatology,24,cloud_cover,16.35714285714286
climatology,24,wind_speed_100m,0.8714285714285719
climatology,24,wind_speed_10m,0.9357142857142857
climatology,24,surface_pressure,0.4857142857143799
climatology,24,precipitation,0.0
arima,1,temperature_2m,0.5891350446373735
arima,1,relative_humidity_2m,2.811744777299822
arima,1,cloud_cover,2.3897200905644738
arima,1,wind_speed_100m,1.221150386971309
arima,1,wind_speed_10m,1.3988147130746755
arima,1,surface_pressure,0.05527357837627278
arima,1,precipitation,0.07193193268254898
arima,6,shortwave_radiation,846.2813941125722
arima,6,direct_normal_irradiance,745.1940252472498
arima,6,diffuse_radiation,60.84614131053421
arima,6,temperature_2m,7.010632651032973
arima,6,relative_humidity_2m,32.17381739640051
arima,6,cloud_cover,14.488199951975496
arima,6,wind_speed_100m,1.8343288454293054
arima,6,wind_speed_10m,2.4357492164300414
arima,6,surface_pressure,2.8768048128807777
arima,6,precipitation,0.0400622241915769
arima,12,shortwave_radiation,220.8334390787227
arima,12,direct_normal_irradiance,273.23135805709967
arima,12,diffuse_radiation,64.02994762459599
arima,12,temperature_2m,1.8519678521061174
arima,12,relative_humidity_2m,8.777750722907868
arima,12,cloud_cover,38.48942767992231
arima,12,wind_speed_100m,2.6402798181893194
arima,12,wind_speed_10m,0.2317438721502092
arima,12,surface_pressure,1.688434557212986
arima,12,precipitation,0.04389933181420633
arima,24,temperature_2m,0.11583738337351335
arima,24,relative_humidity_2m,14.65535642811183
arima,24,cloud_cover,32.489427820176424
arima,24,wind_speed_100m,2.1410466934875823
arima,24,wind_speed_10m,2.1291898075776237
arima,24,surface_pressure,0.5768245695826408
arima,24,precipitation,0.14419650972095654
persistence,1,shortwave_radiation,384.0
persistence,1,direct_normal_irradiance,659.3000000000001
persistence,1,diffuse_radiation,222.0
persistence,1,temperature_2m,4.199999999999999
persistence,1,relative_humidity_2m,41.0
persistence,1,cloud_cover,22.0
persistence,1,wind_speed_100m,1.9000000000000001
persistence,1,wind_speed_10m,1.2
persistence,1,surface_pressure,1.2000000000000455
persistence,1,precipitation,0.39999999999999997
persistence,6,shortwave_radiation,117.0
persistence,6,direct_normal_irradiance,277.40000000000003
persistence,6,diffuse_radiation,9.0
persistence,6,temperature_2m,1.4000000000000004
persistence,6,relative_humidity_2m,10.0
persistence,6,cloud_cover,4.0
persistence,6,wind_speed_100m,0.7000000000000002
persistence,6,wind_speed_10m,0.9000000000000004
persistence,6,surface_pressure,0.2999999999999545
persistence,6,precipitation,0.5
persistence,12,temperature_2m,1.0999999999999996
persistence,12,relative_humidity_2m,0.0
persistence,12,cloud_cover,2.0
persistence,12,wind_speed_100m,1.6999999999999997
persistence,12,wind_speed_10m,1.1
persistence,12,surface_pressure,0.09999999999990905
persistence,12,precipitation,0.0
persistence,24,shortwave_radiation,226.0
persistence,24,direct_normal_irradiance,369.7
persistence,24,diffuse_radiation,87.0
persistence,24,temperature_2m,1.8000000000000007
persistence,24,relative_humidity_2m,22.0
persistence,24,cloud_cover,27.0
persistence,24,wind_speed_100m,0.09999999999999964
persistence,24,wind_speed_10m,0.30000000000000027
persistence,24,surface_pressure,1.1000000000000227
persistence,24,precipitation,0.39999999999999997
climatology,1,shortwave_radiation,310.42857142857144
climatology,1,direct_normal_irradiance,469.15714285714296
climatology,1,diffuse_radiation,125.21428571428572
climatology,1,temperature_2m,3.721428571428568
climatology,1,relative_humidity_2m,33.285714285714285
climatology,1,cloud_cover,34.85714285714286
climatology,1,wind_speed_100m,0.27142857142857135
climatology,1,wind_speed_10m,0.3142857142857145
climatology,1,surface_pressure,0.7214285714286461
climatology,1,precipitation,0.44285714285714284
climatology,6,shortwave_radiation,103.57142857142858
climatology,6,direct_normal_irradiance,246.05714285714285
climatology,6,diffuse_radiation,8.07142857142857
climatology,6,temperature_2m,1.9785714285714278
climatology,6,relative_humidity_2m,15.285714285714292
climatology,6,cloud_cover,14.214285714285708
climatology,6,wind_speed_100m,1.6571428571428575
climatology,6,wind_speed_10m,0.07142857142857162
climatology,6,surface_pressure,0.585714285714289
climatology,6,precipitation,0.2357142857142857
climatology,12,temperature_2m,0.7214285714285715
climatology,12,relative_humidity_2m,8.357142857142861
climatology,12,cloud_cover,16.64285714285714
climatology,12,wind_speed_100m,0.7428571428571429
climatology,12,wind_speed_10m,0.09285714285714297
climatology,12,surface_pressure,0.8357142857140616
climatology,12,precipitation,0.07857142857142858
climatology,24,shortwave_radiation,31.785714285714334
climatology,24,direct_normal_irradiance,18.614285714285643
climatology,24,diffuse_radiation,11.428571428571416
climatology,24,temperature_2m,1.6071428571428612
climatology,24,relative_humidity_2m,8.07142857142857
climatology,24,cloud_cover,10.42857142857143
climatology,24,wind_speed_100m,0.964285714285714
climatology,24,wind_speed_10m,0.25
climatology,24,surface_pressure,0.599999999999909
climatology,24,precipitation,0.01428571428571429
persistence,1,temperature_2m,0.09999999999999964
persistence,1,relative_humidity_2m,0.0
persistence,1,cloud_cover,1.0
persistence,1,wind_speed_100m,2.6
persistence,1,wind_speed_10m,0.19999999999999973
persistence,1,surface_pressure,0.20000000000004547
persistence,1,precipitation,0.4
persistence,6,temperature_2m,0.20000000000000107
persistence,6,relative_humidity_2m,0.0
persistence,6,cloud_cover,3.0
persistence,6,wind_speed_100m,3.0999999999999996
persistence,6,wind_speed_10m,1.4000000000000001
persistence,6,surface_pressure,0.20000000000004547
persistence,6,precipitation,0.0
persistence,12,temperature_2m,0.7000000000000011
persistence,12,relative_humidity_2m,0.0
persistence,12,cloud_cover,3.0
persistence,12,wind_speed_100m,1.5
persistence,12,wind_speed_10m,0.4
persistence,12,surface_pressure,0.10000000000002274
persistence,12,precipitation,0.0
persistence,24,shortwave_radiation,54.0
persistence,24,direct_normal_irradiance,33.3
persistence,24,diffuse_radiation,41.0
persistence,24,temperature_2m,0.10000000000000142
persistence,24,relative_humidity_2m,1.0
persistence,24,cloud_cover,0.0
persistence,24,wind_speed_100m,1.6999999999999997
persistence,24,wind_speed_10m,2.1
persistence,24,surface_pressure,0.10000000000002274
persistence,24,precipitation,2.0
climatology,1,temperature_2m,1.1714285714285708
climatology,1,relative_humidity_2m,7.5
climatology,1,cloud_cover,14.142857142857139
climatology,1,wind_speed_100m,1.2571428571428576
climatology,1,wind_speed_10m,1.0357142857142856
climatology,1,surface_pressure,0.8571428571430033
climatology,1,precipitation,0.25000000000000006
climatology,6,temperature_2m,0.4142857142857128
climatology,6,relative_humidity_2m,7.214285714285708
climatology,6,cloud_cover,19.785714285714292
climatology,6,wind_speed_100m,3.9071428571428566
climatology,6,wind_speed_10m,1.5642857142857145
climatology,6,surface_pressure,0.9857142857142662
climatology,6,precipitation,0.07857142857142858
climatology,12,temperature_2m,0.14285714285714235
climatology,12,relative_humidity_2m,6.857142857142861
climatology,12,cloud_cover,25.07142857142857
climatology,12,wind_speed_100m,2.3714285714285714
climatology,12,wind_speed_10m,1.0857142857142859
climatology,12,surface_pressure,1.3142857142856883
climatology,12,precipitation,0.0
climatology,24,shortwave_radiation,32.0
climatology,24,direct_normal_irradiance,144.73571428571432
climatology,24,diffuse_radiation,24.0
climatology,24,temperature_2m,1.5857142857142854
climatology,24,relative_humidity_2m,12.857142857142861
climatology,24,cloud_cover,12.714285714285708
climatology,24,wind_speed_100m,0.17857142857142838
climatology,24,wind_speed_10m,0.9571428571428569
climatology,24,surface_pressure,0.3714285714286234
climatology,24,precipitation,0.44285714285714284
persistence,1,temperature_2m,0.0
persistence,1,relative_humidity_2m,5.0
persistence,1,cloud_cover,0.0
persistence,1,wind_speed_100m,0.09999999999999998
persistence,1,wind_speed_10m,0.4
persistence,1,surface_pressure,1.2999999999999545
persistence,1,precipitation,0.0
persistence,6,temperature_2m,0.09999999999999964
persistence,6,relative_humidity_2m,1.0
persistence,6,cloud_cover,0.0
persistence,6,wind_speed_100m,0.19999999999999973
persistence,6,wind_speed_10m,0.4
persistence,6,surface_pressure,0.6000000000000227
persistence,6,precipitation,0.0
persistence,12,shortwave_radiation,34.0
persistence,12,direct_normal_irradiance,14.899999999999977
persistence,12,diffuse_radiation,47.0
persistence,12,temperature_2m,2.0
persistence,12,relative_humidity_2m,33.0
persistence,12,cloud_cover,9.0
persistence,12,wind_speed_100m,3.2
persistence,12,wind_speed_10m,1.9000000000000001
persistence,12,surface_pressure,0.20000000000004547
persistence,12,precipitation,0.5
persistence,24,temperature_2m,1.5999999999999996
persistence,24,relative_humidity_2m,5.0
persistence,24,cloud_cover,21.0
persistence,24,wind_speed_100m,0.9
persistence,24,wind_speed_10m,0.4
persistence,24,surface_pressure,1.5
persistence,24,precipitation,0.0
climatology,1,temperature_2m,0.40000000000000036
climatology,1,relative_humidity_2m,6.714285714285708
climatology,1,cloud_cover,20.07142857142857
climatology,1,wind_speed_100m,4.0285714285714285
climatology,1,wind_speed_10m,1.164285714285714
climatology,1,surface_pressure,0.4500000000000455
climatology,1,precipitation,0.03571428571428571
climatology,6,temperature_2m,0.014285714285714235
climatology,6,relative_humidity_2m,6.071428571428569
climatology,6,cloud_cover,22.14285714285714
climatology,6,wind_speed_100m,2.421428571428571
climatology,6,wind_speed_10m,1.4571428571428573
climatology,6,surface_pressure,0.6285714285713766
climatology,6,precipitation,0.0
climatology,12,shortwave_radiation,76.0
climatology,12,direct_normal_irradiance,142.6857142857142
climatology,12,diffuse_radiation,49.071428571428584
climatology,12,temperature_2m,1.0
climatology,12,relative_humidity_2m,5.642857142857146
climatology,12,cloud_cover,23.35714285714286
climatology,12,wind_speed_100m,2.5142857142857142
climatology,12,wind_speed_10m,0.9785714285714284
climatology,12,surface_pressure,0.20714285714302605
climatology,12,precipitation,0.19285714285714287
climatology,24,temperature_2m,1.8285714285714292
climatology,24,relative_humidity_2m,1.1428571428571388
climatology,24,cloud_cover,0.3571428571428612
climatology,24,wind_speed_100m,3.514285714285714
climatology,24,wind_speed_10m,1.1500000000000001
climatology,24,surface_pressure,0.8428571428571558
climatology,24,precipitation,0.07857142857142858
arima,1,temperature_2m,0.5253527581179629
arima,1,relative_humidity_2m,0.377228814466136
arima,1,cloud_cover,0.23297953974815755
arima,1,wind_speed_100m,2.223711432132584
arima,1,wind_speed_10m,0.30056483239308984
arima,1,surface_pressure,0.14388975068220589
arima,1,precipitation,0.09132706454845656
arima,6,temperature_2m,2.256915201097545
arima,6,relative_humidity_2m,0.10386227016010707
arima,6,cloud_cover,0.1694255267735656
arima,6,wind_speed_100m,1.7619151430186206
arima,6,wind_speed_10m,1.527690593536831
arima,6,surface_pressure,0.7178909718617206
arima,6,precipitation,0.19025556211712888
arima,12,shortwave_radiation,643.7289776997346
arima,12,direct_normal_irradiance,318.9862670306116
arima,12,diffuse_radiation,125.84449968860864
arima,12,temperature_2m,2.6241819598848117
arima,12,relative_humidity_2m,34.25839517391255
arima,12,cloud_cover,10.830042034904352
arima,12,wind_speed_100m,2.931363182000858
arima,12,wind_speed_10m,0.3407842252234323
arima,12,surface_pressure,2.408237920016745
arima,12,precipitation,0.20445883882507185
arima,24,temperature_2m,2.8276848694148047
arima,24,relative_humidity_2m,3.775645768558448
arima,24,cloud_cover,20.830045328098436
arima,24,wind_speed_100m,3.478482846661556
arima,24,wind_speed_10m,1.5409320844979444
arima,24,surface_pressure,1.4834707391971733
arima,24,precipitation,0.20615759178774293
persistence,1,temperature_2m,2.299999999999999
persistence,1,relative_humidity_2m,12.0
persistence,1,cloud_cover,20.0
persistence,1,wind_speed_100m,0.30000000000000004
persistence,1,wind_speed_10m,0.5
persistence,1,surface_pressure,1.8999999999999773
persistence,1,precipitation,0.0
persistence,6,shortwave_radiation,56.0
persistence,6,direct_normal_irradiance,64.39999999999998
persistence,6,diffuse_radiation,2.0
persistence,6,temperature_2m,3.200000000000001
persistence,6,relative_humidity_2m,31.0
persistence,6,cloud_cover,11.0
persistence,6,wind_speed_100m,4.9
persistence,6,wind_speed_10m,3.7
persistence,6,surface_pressure,1.8999999999999773
persistence,6,precipitation,3.2
persistence,12,shortwave_radiation,52.0
persistence,12,direct_normal_irradiance,115.2
persistence,12,diffuse_radiation,7.0
persistence,12,temperature_2m,1.200000000000001
persistence,12,relative_humidity_2m,0.0
persistence,12,cloud_cover,0.0
persistence,12,wind_speed_100m,3.1999999999999997
persistence,12,wind_speed_10m,2.0999999999999996
persistence,12,surface_pressure,0.10000000000002274
persistence,12,precipitation,0.4
persistence,24,temperature_2m,1.700000000000001
persistence,24,relative_humidity_2m,15.0
persistence,24,cloud_cover,16.0
persistence,24,wind_speed_100m,3.8999999999999995
persistence,24,wind_speed_10m,2.2
persistence,24,surface_pressure,3.5
persistence,24,precipitation,0.7
climatology,1,temperature_2m,2.549999999999999
climatology,1,relative_humidity_2m,4.714285714285708
climatology,1,cloud_cover,2.9285714285714306
climatology,1,wind_speed_100m,3.6142857142857148
climatology,1,wind_speed_10m,1.2
climatology,1,surface_pressure,1.357142857142776
climatology,1,precipitation,0.0
climatology,6,shortwave_radiation,14.785714285714334
climatology,6,direct_normal_irradiance,69.33571428571429
climatology,6,diffuse_radiation,48.14285714285714
climatology,6,temperature_2m,4.114285714285712
climatology,6,relative_humidity_2m,25.42857142857143
climatology,6,cloud_cover,31.64285714285714
climatology,6,wind_speed_100m,2.4142857142857146
climatology,6,wind_speed_10m,2.7
climatology,6,surface_pressure,1.699999999999818
climatology,6,precipitation,3.0214285714285714
climatology,12,shortwave_radiation,58.78571428571428
climatology,12,direct_normal_irradiance,204.79285714285714
climatology,12,diffuse_radiation,20.714285714285708
climatology,12,temperature_2m,2.6071428571428577
climatology,12,relative_humidity_2m,9.214285714285708
climatology,12,cloud_cover,12.357142857142861
climatology,12,wind_speed_100m,0.871428571428571
climatology,12,wind_speed_10m,1.0499999999999998
climatology,12,surface_pressure,0.41428571428559735
climatology,12,precipitation,0.1142857142857141
climatology,24,temperature_2m,0.5142857142857125
climatology,24,relative_humidity_2m,9.07142857142857
climatology,24,cloud_cover,21.214285714285708
climatology,24,wind_speed_100m,0.8214285714285712
climatology,24,wind_speed_10m,1.3785714285714286
climatology,24,surface_pressure,1.9714285714285325
climatology,24,precipitation,0.7
persistence,1,shortwave_radiation,54.0
persistence,1,direct_normal_irradiance,97.19999999999999
persistence,1,diffuse_radiation,35.0
persistence,1,temperature_2m,1.5
persistence,1,relative_humidity_2m,12.0
persistence,1,cloud_cover,2.0
persistence,1,wind_speed_100m,5.999999999999999
persistence,1,wind_speed_10m,4.0
persistence,1,surface_pressure,1.1000000000000227
persistence,1,precipitation,2.0
persistence,6,shortwave_radiation,22.0
persistence,6,direct_normal_irradiance,109.8
persistence,6,diffuse_radiation,21.0
persistence,6,temperature_2m,0.20000000000000107
persistence,6,relative_humidity_2m,1.0
persistence,6,cloud_cover,8.0
persistence,6,wind_speed_100m,3.5
persistence,6,wind_speed_10m,1.6999999999999997
persistence,6,surface_pressure,1.1000000000000227
persistence,6,precipitation,0.29999999999999993
persistence,12,temperature_2m,0.1999999999999993
persistence,12,relative_humidity_2m,0.0
persistence,12,cloud_cover,0.0
persistence,12,wind_speed_100m,0.20000000000000018
persistence,12,wind_speed_10m,0.10000000000000009
persistence,12,surface_pressure,1.0
persistence,12,precipitation,0.0
persistence,24,shortwave_radiation,76.0
persistence,24,direct_normal_irradiance,142.5
persistence,24,diffuse_radiation,44.0
persistence,24,temperature_2m,0.40000000000000036
persistence,24,relative_humidity_2m,1.0
persistence,24,cloud_cover,0.0
persistence,24,wind_speed_100m,2.5
persistence,24,wind_speed_10m,1.5999999999999996
persistence,24,surface_pressure,1.0
persistence,24,precipitation,0.40000000000000013
climatology,1,shortwave_radiation,197.92857142857144
climatology,1,direct_normal_irradiance,357.39999999999986
climatology,1,diffuse_radiation,132.21428571428572
climatology,1,temperature_2m,4.2642857142857125
climatology,1,relative_humidity_2m,31.92857142857143
climatology,1,cloud_cover,25.57142857142857
climatology,1,wind_speed_100m,6.349999999999999
climatology,1,wind_speed_10m,4.964285714285714
climatology,1,surface_pressure,0.049999999999954525
climatology,1,precipitation,3.0857142857142854
climatology,6,shortwave_radiation,25.214285714285722
climatology,6,direct_normal_irradiance,55.20000000000002
climatology,6,diffuse_radiation,4.142857142857139
climatology,6,temperature_2m,2.0071428571428545
climatology,6,relative_humidity_2m,5.785714285714292
climatology,6,cloud_cover,3.285714285714292
climatology,6,wind_speed_100m,4.299999999999999
climatology,6,wind_speed_10m,2.6999999999999997
climatology,6,surface_pressure,0.7071428571429124
climatology,6,precipitation,0.15714285714285714
climatology,12,temperature_2m,1.12857142857143
climatology,12,relative_humidity_2m,8.57142857142857
climatology,12,cloud_cover,16.64285714285714
climatology,12,wind_speed_100m,1.0999999999999996
climatology,12,wind_speed_10m,0.4285714285714286
climatology,12,surface_pressure,2.128571428571263
climatology,12,precipitation,0.014285714285714277
climatology,24,shortwave_radiation,215.21428571428567
climatology,24,direct_normal_irradiance,270.6714285714285
climatology,24,diffuse_radiation,16.785714285714278
climatology,24,temperature_2m,3.7785714285714267
climatology,24,relative_humidity_2m,26.85714285714286
climatology,24,cloud_cover,24.14285714285714
climatology,24,wind_speed_100m,5.228571428571428
climatology,24,wind_speed_10m,4.321428571428571
climatology,24,surface_pressure,1.0571428571427077
climatology,24,precipitation,1.7000000000000002
persistence,1,shortwave_radiation,4.0
persistence,1,direct_normal_irradiance,24.400000000000006
persistence,1,diffuse_radiation,8.0
persistence,1,temperature_2m,0.29999999999999893
persistence,1,relative_humidity_2m,3.0
persistence,1,cloud_cover,13.0
persistence,1,wind_speed_100m,4.8
persistence,1,wind_speed_10m,2.6
persistence,1,surface_pressure,0.5
persistence,1,precipitation,0.4
persistence,6,temperature_2m,0.6999999999999993
persistence,6,relative_humidity_2m,4.0
persistence,6,cloud_cover,0.0
persistence,6,wind_speed_100m,0.6000000000000001
persistence,6,wind_speed_10m,0.19999999999999996
persistence,6,surface_pressure,0.599999999999909
persistence,6,precipitation,0.1
persistence,12,temperature_2m,0.9000000000000004
persistence,12,relative_humidity_2m,9.0
persistence,12,cloud_cover,0.0
persistence,12,wind_speed_100m,2.3000000000000003
persistence,12,wind_speed_10m,0.5999999999999999
persistence,12,surface_pressure,2.0
persistence,12,precipitation,0.8
persistence,24,shortwave_radiation,6.0
persistence,24,direct_normal_irradiance,315.6
persistence,24,diffuse_radiation,118.0
persistence,24,temperature_2m,1.4000000000000004
persistence,24,relative_humidity_2m,9.0
persistence,24,cloud_cover,71.0
persistence,24,wind_speed_100m,0.09999999999999964
persistence,24,wind_speed_10m,1.0999999999999999
persistence,24,surface_pressure,1.7000000000000455
persistence,24,precipitation,0.5
climatology,1,shortwave_radiation,11.357142857142861
climatology,1,direct_normal_irradiance,21.457142857142827
climatology,1,diffuse_radiation,14.642857142857146
climatology,1,temperature_2m,1.278571428571432
climatology,1,relative_humidity_2m,1.8571428571428612
climatology,1,cloud_cover,9.0
climatology,1,wind_speed_100m,2.6642857142857155
climatology,1,wind_speed_10m,0.6499999999999999
climatology,1,surface_pressure,1.4714285714287598
climatology,1,precipitation,0.22857142857142856
climatology,6,temperature_2m,0.36428571428571566
climatology,6,relative_humidity_2m,3.214285714285708
climatology,6,cloud_cover,12.5
climatology,6,wind_speed_100m,0.2999999999999998
climatology,6,wind_speed_10m,0.17142857142857149
climatology,6,surface_pressure,1.2571428571428669
climatology,6,precipitation,0.09285714285714287
climatology,12,temperature_2m,0.07142857142857117
climatology,12,relative_humidity_2m,0.2857142857142918
climatology,12,cloud_cover,12.07142857142857
climatology,12,wind_speed_100m,0.9214285714285717
climatology,12,wind_speed_10m,0.014285714285714457
climatology,12,surface_pressure,0.7857142857141071
climatology,12,precipitation,0.10714285714285714
climatology,24,shortwave_radiation,44.428571428571416
climatology,24,direct_normal_irradiance,355.72142857142865
climatology,24,diffuse_radiation,95.64285714285714
climatology,24,temperature_2m,0.6500000000000004
climatology,24,relative_humidity_2m,4.571428571428569
climatology,24,cloud_cover,65.71428571428571
climatology,24,wind_speed_100m,0.7642857142857142
climatology,24,wind_speed_10m,0.8714285714285708
climatology,24,surface_pressure,1.1368683772161603e-13
climatology,24,precipitation,0.0071428571428572285
arima,1,shortwave_radiation,80.21508770134622
arima,1,direct_normal_irradiance,83.4943888913846
arima,1,diffuse_radiation,34.656686797068915
arima,1,temperature_2m,1.1003542840867233
arima,1,relative_humidity_2m,8.311688693963603
arima,1,cloud_cover,2.0877373110324413
arima,1,wind_speed_100m,2.0843350263657854
arima,1,wind_speed_10m,1.580511082766269
arima,1,surface_pressure,0.4978255380772225
arima,1,precipitation,0.2517973315821521
arima,6,temperature_2m,1.0911054539609228
arima,6,relative_humidity_2m,2.637778521914825
arima,6,cloud_cover,1.1189159208895347
arima,6,wind_speed_100m,1.5945391529157864
arima,6,wind_speed_10m,2.8558243727026738
arima,6,surface_pressure,1.015416894795294
arima,6,precipitation,0.5569062568297343
arima,12,temperature_2m,1.2912102428456684
arima,12,relative_humidity_2m,5.459347479881387
arima,12,cloud_cover,1.167838768696626
arima,12,wind_speed_100m,2.1865191158033985
arima,12,wind_speed_10m,2.422052400874915
arima,12,surface_pressure,2.9220232378551145
arima,12,precipitation,0.5818839405992154
arima,24,shortwave_radiation,59.85643227050457
arima,24,direct_normal_irradiance,282.6758493311049
arima,24,diffuse_radiation,86.56801075045138
arima,24,temperature_2m,1.4087897795011664
arima,24,relative_humidity_2m,2.3897387115804776
arima,24,cloud_cover,70.80815788695442
arima,24,wind_speed_100m,2.702355934473709
arima,24,wind_speed_10m,2.6251976337708545
arima,24,surface_pressure,2.6965608513099824
arima,24,precipitation,0.017275657453730053
persistence,1,temperature_2m,0.09999999999999964
persistence,1,relative_humidity_2m,3.0
persistence,1,cloud_cover,37.0
persistence,1,wind_speed_100m,2.6
persistence,1,wind_speed_10m,0.9999999999999998
persistence,1,surface_pressure,2.2000000000000455
persistence,1,precipitation,0.0
persistence,6,temperature_2m,0.20000000000000107
persistence,6,relative_humidity_2m,19.0
persistence,6,cloud_cover,86.0
persistence,6,wind_speed_100m,0.7000000000000002
persistence,6,wind_speed_10m,0.7
persistence,6,surface_pressure,2.7000000000000455
persistence,6,precipitation,0.0
persistence,12,shortwave_radiation,19.0
persistence,12,direct_normal_irradiance,73.20000000000005
persistence,12,diffuse_radiation,42.0
persistence,12,temperature_2m,1.3999999999999986
persistence,12,relative_humidity_2m,9.0
persistence,12,cloud_cover,69.0
persistence,12,wind_speed_100m,1.2000000000000002
persistence,12,wind_speed_10m,0.9000000000000004
persistence,12,surface_pressure,1.2000000000000455
persistence,12,precipitation,0.30000000000000004
persistence,24,temperature_2m,0.1999999999999993
persistence,24,relative_humidity_2m,1.0
persistence,24,cloud_cover,55.0
persistence,24,wind_speed_100m,1.8000000000000003
persistence,24,wind_speed_10m,1.7999999999999998
persistence,24,surface_pressure,0.10000000000002274
persistence,24,precipitation,0.0
climatology,1,temperature_2m,0.049999999999998934
climatology,1,relative_humidity_2m,0.9285714285714306
climatology,1,cloud_cover,30.214285714285708
climatology,1,wind_speed_100m,3.1928571428571435
climatology,1,wind_speed_10m,0.6642857142857141
climatology,1,surface_pressure,1.3714285714286234
climatology,1,precipitation,0.1357142857142857
climatology,6,temperature_2m,0.1428571428571459
climatology,6,relative_humidity_2m,18.92857142857143
climatology,6,cloud_cover,75.14285714285714
climatology,6,wind_speed_100m,1.7142857142857144
climatology,6,wind_speed_10m,0.8214285714285714
climatology,6,surface_pressure,2.1000000000000227
climatology,6,precipitation,0.10714285714285714
climatology,12,shortwave_radiation,199.0
climatology,12,direct_normal_irradiance,398.89285714285717
climatology,12,diffuse_radiation,133.21428571428572
climatology,12,temperature_2m,2.264285714285716
climatology,12,relative_humidity_2m,6.071428571428569
climatology,12,cloud_cover,52.35714285714286
climatology,12,wind_speed_100m,1.2642857142857142
climatology,12,wind_speed_10m,1.778571428571429
climatology,12,surface_pressure,0.1357142857142435
climatology,12,precipitation,0.5714285714285715
climatology,24,temperature_2m,0.7500000000000018
climatology,24,relative_humidity_2m,4.071428571428569
climatology,24,cloud_cover,52.35714285714286
climatology,24,wind_speed_100m,2.035714285714286
climatology,24,wind_speed_10m,0.7357142857142858
climatology,24,surface_pressure,1.835714285714289
climatology,24,precipitation,0.09285714285714287
persistence,1,temperature_2m,2.5999999999999996
persistence,1,relative_humidity_2m,17.0
persistence,1,cloud_cover,3.0
persistence,1,wind_speed_100m,0.7999999999999998
persistence,1,wind_speed_10m,3.3
persistence,1,surface_pressure,2.2000000000000455
persistence,1,precipitation,0.0
persistence,6,shortwave_radiation,52.0
persistence,6,direct_normal_irradiance,107.5
persistence,6,diffuse_radiation,39.0
persistence,6,temperature_2m,0.8999999999999986
persistence,6,relative_humidity_2m,30.0
persistence,6,cloud_cover,19.0
persistence,6,wind_speed_100m,1.5
persistence,6,wind_speed_10m,2.3000000000000003
persistence,6,surface_pressure,0.2999999999999545
persistence,6,precipitation,0.1
persistence,12,shortwave_radiation,66.0
persistence,12,direct_normal_irradiance,144.5
persistence,12,diffuse_radiation,9.0
persistence,12,temperature_2m,1.6999999999999993
persistence,12,relative_humidity_2m,15.0
persistence,12,cloud_cover,15.0
persistence,12,wind_speed_100m,1.1999999999999997
persistence,12,wind_speed_10m,0.9000000000000004
persistence,12,surface_pressure,0.5
persistence,12,precipitation,0.4
persistence,24,temperature_2m,2.0
persistence,24,relative_humidity_2m,5.0
persistence,24,cloud_cover,36.0
persistence,24,wind_speed_100m,14.2
persistence,24,wind_speed_10m,3.9000000000000004
persistence,24,surface_pressure,1.8999999999999773
persistence,24,precipitation,0.5
climatology,1,temperature_2m,2.3000000000000025
climatology,1,relative_humidity_2m,1.8571428571428612
climatology,1,cloud_cover,60.0
climatology,1,wind_speed_100m,0.7928571428571427
climatology,1,wind_speed_10m,3.0428571428571427
climatology,1,surface_pressure,3.814285714285802
climatology,1,precipitation,0.05714285714285715
climatology,6,shortwave_radiation,134.92857142857144
climatology,6,direct_normal_irradiance,257.9785714285715
climatology,6,diffuse_radiation,78.57142857142858
climatology,6,temperature_2m,3.107142857142854
climatology,6,relative_humidity_2m,25.42857142857143
climatology,6,cloud_cover,29.42857142857143
climatology,6,wind_speed_100m,0.6357142857142861
climatology,6,wind_speed_10m,0.8357142857142854
climatology,6,surface_pressure,0.1285714285712629
climatology,6,precipitation,0.6785714285714286
climatology,12,shortwave_radiation,50.428571428571416
climatology,12,direct_normal_irradiance,148.69285714285715
climatology,12,diffuse_radiation,8.642857142857139
climatology,12,temperature_2m,2.0214285714285705
climatology,12,relative_humidity_2m,12.357142857142861
climatology,12,cloud_cover,26.785714285714292
climatology,12,wind_speed_100m,1.057142857142857
climatology,12,wind_speed_10m,0.9857142857142862
climatology,12,surface_pressure,0.16428571428571104
climatology,12,precipitation,0.65
climatology,24,temperature_2m,0.02857142857142847
climatology,24,relative_humidity_2m,2.0
climatology,24,cloud_cover,17.0
climatology,24,wind_speed_100m,13.899999999999999
climatology,24,wind_speed_10m,6.2285714285714295
climatology,24,surface_pressure,1.7071428571429124
climatology,24,precipitation,0.39285714285714285
persistence,1,shortwave_radiation,74.0
persistence,1,direct_normal_irradiance,115.89999999999998
persistence,1,diffuse_radiation,32.0
persistence,1,temperature_2m,1.3000000000000007
persistence,1,relative_humidity_2m,4.0
persistence,1,cloud_cover,13.0
persistence,1,wind_speed_100m,2.0
persistence,1,wind_speed_10m,1.0999999999999996
persistence,1,surface_pressure,0.5
persistence,1,precipitation,0.19999999999999998
persistence,6,shortwave_radiation,39.0
persistence,6,direct_normal_irradiance,139.9
persistence,6,diffuse_radiation,16.0
persistence,6,temperature_2m,0.8999999999999986
persistence,6,relative_humidity_2m,6.0
persistence,6,cloud_cover,37.0
persistence,6,wind_speed_100m,0.39999999999999947
persistence,6,wind_speed_10m,1.0
persistence,6,surface_pressure,0.09999999999990905
persistence,6,precipitation,0.1
persistence,12,temperature_2m,0.5
persistence,12,relative_humidity_2m,2.0
persistence,12,cloud_cover,0.0
persistence,12,wind_speed_100m,9.200000000000001
persistence,12,wind_speed_10m,5.0
persistence,12,surface_pressure,0.2999999999999545
persistence,12,precipitation,0.0
persistence,24,shortwave_radiation,25.0
persistence,24,direct_normal_irradiance,106.60000000000002
persistence,24,diffuse_radiation,65.0
persistence,24,temperature_2m,2.1999999999999993
persistence,24,relative_humidity_2m,17.0
persistence,24,cloud_cover,36.0
persistence,24,wind_speed_100m,4.300000000000001
persistence,24,wind_speed_10m,2.5
persistence,24,surface_pressure,0.6999999999999318
persistence,24,precipitation,0.1
climatology,1,shortwave_radiation,97.64285714285711
climatology,1,direct_normal_irradiance,170.9357142857143
climatology,1,diffuse_radiation,55.78571428571428
climatology,1,temperature_2m,2.0214285714285722
climatology,1,relative_humidity_2m,23.214285714285708
climatology,1,cloud_cover,38.71428571428571
climatology,1,wind_speed_100m,3.45
climatology,1,wind_speed_10m,1.6071428571428568
climatology,1,surface_pressure,0.39999999999997726
climatology,1,precipitation,0.3285714285714287
climatology,6,shortwave_radiation,6.0
climatology,6,direct_normal_irradiance,5.05714285714285
climatology,6,diffuse_radiation,7.428571428571431
climatology,6,temperature_2m,0.9357142857142868
climatology,6,relative_humidity_2m,17.214285714285708
climatology,6,cloud_cover,12.642857142857139
climatology,6,wind_speed_100m,0.5500000000000003
climatology,6,wind_speed_10m,0.07857142857142829
climatology,6,surface_pressure,0.11428571428575651
climatology,6,precipitation,0.3500000000000001
climatology,12,temperature_2m,0.12142857142857189
climatology,12,relative_humidity_2m,10.642857142857139
climatology,12,cloud_cover,10.57142857142857
climatology,12,wind_speed_100m,0.842857142857143
climatology,12,wind_speed_10m,1.0928571428571425
climatology,12,surface_pressure,0.09285714285715585
climatology,12,precipitation,0.09285714285714287
climatology,24,shortwave_radiation,62.428571428571445
climatology,24,direct_normal_irradiance,101.47142857142865
climatology,24,diffuse_radiation,19.571428571428584
climatology,24,temperature_2m,0.05000000000000071
climatology,24,relative_humidity_2m,4.285714285714292
climatology,24,cloud_cover,0.0714285714285694
climatology,24,wind_speed_100m,1.0499999999999998
climatology,24,wind_speed_10m,0.5142857142857138
climatology,24,surface_pressure,0.7071428571427987
climatology,24,precipitation,0.45714285714285724
arima,1,shortwave_radiation,46.52957070055288
arima,1,direct_normal_irradiance,139.77657973405928
arima,1,diffuse_radiation,97.06301588897927
arima,1,temperature_2m,0.6181835743445063
arima,1,relative_humidity_2m,1.2866493855650916
arima,1,cloud_cover,1.021872196825818
arima,1,wind_speed_100m,0.9716336006707671
arima,1,wind_speed_10m,0.27932349232821796
arima,1,surface_pressure,0.48313008399225055
arima,1,precipitation,0.07997115550252376
arima,6,shortwave_radiation,354.0469348110661
arima,6,direct_normal_irradiance,636.0079457005271
arima,6,diffuse_radiation,49.55846343678989
arima,6,temperature_2m,5.145264381997105
arima,6,relative_humidity_2m,3.6666098210304625
arima,6,cloud_cover,57.44135354486655
arima,6,wind_speed_100m,5.2863197694026915
arima,6,wind_speed_10m,0.9532151070758403
arima,6,surface_pressure,0.22183836855197114
arima,6,precipitation,0.17213108937660757
arima,12,temperature_2m,7.64577787524378
arima,12,relative_humidity_2m,1.5307132788696265
arima,12,cloud_cover,59.49135378942332
arima,12,wind_speed_100m,6.029587571882937
arima,12,wind_speed_10m,2.421943146646707
arima,12,surface_pressure,2.7972756921311657
arima,12,precipitation,0.2916743378456905
arima,24,shortwave_radiation,15.696872855494576
arima,24,direct_normal_irradiance,137.9209208681874
arima,24,diffuse_radiation,114.54532449637793
arima,24,temperature_2m,2.8456962313448884
arima,24,relative_humidity_2m,9.612021750977291
arima,24,cloud_cover,34.489807502104846
arima,24,wind_speed_100m,3.1156104765510104
arima,24,wind_speed_10m,1.2148717727092992
arima,24,surface_pressure,0.7054489291626851
arima,24,precipitation,0.10045871611529705
persistence,1,shortwave_radiation,0.0
persistence,1,direct_normal_irradiance,101.69999999999999
persistence,1,diffuse_radiation,17.0
persistence,1,temperature_2m,0.40000000000000036
persistence,1,relative_humidity_2m,5.0
persistence,1,cloud_cover,19.0
persistence,1,wind_speed_100m,0.9000000000000004
persistence,1,wind_speed_10m,0.2999999999999998
persistence,1,surface_pressure,1.400000000000091
persistence,1,precipitation,0.0
persistence,6,temperature_2m,0.29999999999999893
persistence,6,relative_humidity_2m,0.0
persistence,6,cloud_cover,0.0
persistence,6,wind_speed_100m,0.5
persistence,6,wind_speed_10m,0.20000000000000007
persistence,6,surface_pressure,1.2000000000000455
persistence,6,precipitation,0.0
persistence,12,temperature_2m,1.0
persistence,12,relative_humidity_2m,2.0
persistence,12,cloud_cover,10.0
persistence,12,wind_speed_100m,2.8
persistence,12,wind_speed_10m,1.6
persistence,12,surface_pressure,0.2999999999999545
persistence,12,precipitation,0.0
persistence,24,shortwave_radiation,26.0
persistence,24,direct_normal_irradiance,99.19999999999999
persistence,24,diffuse_radiation,13.0
persistence,24,temperature_2m,0.8000000000000007
persistence,24,relative_humidity_2m,9.0
persistence,24,cloud_cover,22.0
persistence,24,wind_speed_100m,1.6999999999999997
persistence,24,wind_speed_10m,3.1999999999999997
persistence,24,surface_pressure,0.5
persistence,24,precipitation,0.0
climatology,1,shortwave_radiation,5.357142857142861
climatology,1,direct_normal_irradiance,24.94285714285715
climatology,1,diffuse_radiation,9.785714285714285
climatology,1,temperature_2m,0.09285714285713986
climatology,1,relative_humidity_2m,4.5
climatology,1,cloud_cover,11.42857142857143
climatology,1,wind_speed_100m,1.6571428571428575
climatology,1,wind_speed_10m,0.4285714285714288
climatology,1,surface_pressure,0.9642857142858929
climatology,1,precipitation,0.007142857142857159
climatology,6,temperature_2m,0.485714285714284
climatology,6,relative_humidity_2m,9.92857142857143
climatology,6,cloud_cover,9.5
climatology,6,wind_speed_100m,0.971428571428572
climatology,6,wind_speed_10m,0.671428571428571
climatology,6,surface_pressure,1.1571428571429578
climatology,6,precipitation,0.014285714285714287
climatology,12,temperature_2m,0.814285714285715
climatology,12,relative_humidity_2m,5.0
climatology,12,cloud_cover,14.42857142857143
climatology,12,wind_speed_100m,2.249999999999999
climatology,12,wind_speed_10m,1.685714285714286
climatology,12,surface_pressure,0.41428571428571104
climatology,12,precipitation,0.14285714285714285
climatology,24,shortwave_radiation,23.714285714285722
climatology,24,direct_normal_irradiance,76.39285714285717
climatology,24,diffuse_radiation,7.142857142857139
climatology,24,temperature_2m,0.6214285714285719
climatology,24,relative_humidity_2m,1.7857142857142918
climatology,24,cloud_cover,15.642857142857139
climatology,24,wind_speed_100m,0.9714285714285711
climatology,24,wind_speed_10m,1.1642857142857137
climatology,24,surface_pressure,0.40000000000009095
climatology,24,precipitation,0.2857142857142857
persistence,1,temperature_2m,1.5
persistence,1,relative_humidity_2m,11.0
persistence,1,cloud_cover,14.0
persistence,1,wind_speed_100m,0.8000000000000007
persistence,1,wind_speed_10m,0.40000000000000036
persistence,1,surface_pressure,0.8999999999999773
persistence,1,precipitation,0.0
persistence,6,temperature_2m,0.20000000000000107
persistence,6,relative_humidity_2m,14.0
persistence,6,cloud_cover,4.0
persistence,6,wind_speed_100m,1.4999999999999998
persistence,6,wind_speed_10m,0.30000000000000004
persistence,6,surface_pressure,0.7000000000000455
persistence,6,precipitation,0.0
persistence,12,shortwave_radiation,18.0
persistence,12,direct_normal_irradiance,64.0
persistence,12,diffuse_radiation,72.0
persistence,12,temperature_2m,0.6000000000000014
persistence,12,relative_humidity_2m,2.0
persistence,12,cloud_cover,4.0
persistence,12,wind_speed_100m,1.0000000000000002
persistence,12,wind_speed_10m,0.30000000000000004
persistence,12,surface_pressure,0.10000000000002274
persistence,12,precipitation,0.0
persistence,24,temperature_2m,1.200000000000001
persistence,24,relative_humidity_2m,21.0
persistence,24,cloud_cover,2.0
persistence,24,wind_speed_100m,1.5999999999999996
persistence,24,wind_speed_10m,0.40000000000000013
persistence,24,surface_pressure,0.1999999999999318
persistence,24,precipitation,0.0
climatology,1,temperature_2m,0.9571428571428573
climatology,1,relative_humidity_2m,2.214285714285708
climatology,1,cloud_cover,12.357142857142861
climatology,1,wind_speed_100m,2.2500000000000004
climatology,1,wind_speed_10m,0.7142857142857144
climatology,1,surface_pressure,0.17142857142857792
climatology,1,precipitation,0.09999999999999999
climatology,6,temperature_2m,0.5571428571428569
climatology,6,relative_humidity_2m,8.785714285714292
climatology,6,cloud_cover,13.714285714285708
climatology,6,wind_speed_100m,3.128571428571428
climatology,6,wind_speed_10m,1.6500000000000006
climatology,6,surface_pressure,1.050000000000182
climatology,6,precipitation,0.14285714285714285
climatology,12,shortwave_radiation,15.85714285714289
climatology,12,direct_normal_irradiance,85.67142857142858
climatology,12,diffuse_radiation,58.71428571428572
climatology,12,temperature_2m,0.6000000000000014
climatology,12,relative_humidity_2m,17.07142857142857
climatology,12,cloud_cover,9.142857142857139
climatology,12,wind_speed_100m,3.5928571428571425
climatology,12,wind_speed_10m,2.2357142857142858
climatology,12,surface_pressure,0.6142857142856428
climatology,12,precipitation,0.39285714285714285
climatology,24,temperature_2m,0.3285714285714274
climatology,24,relative_humidity_2m,17.85714285714286
climatology,24,cloud_cover,2.9285714285714306
climatology,24,wind_speed_100m,0.2714285714285709
climatology,24,wind_speed_10m,0.32142857142857184
climatology,24,surface_pressure,0.3142857142856883
climatology,24,precipitation,0.014285714285714287
persistence,1,temperature_2m,0.7999999999999989
persistence,1,relative_humidity_2m,20.0
persistence,1,cloud_cover,33.0
persistence,1,wind_speed_100m,0.0
persistence,1,wind_speed_10m,0.10000000000000009
persistence,1,surface_pressure,0.6000000000000227
persistence,1,precipitation,0.0
persistence,6,shortwave_radiation,79.0
persistence,6,direct_normal_irradiance,63.0
persistence,6,diffuse_radiation,26.0
persistence,6,temperature_2m,0.8000000000000007
persistence,6,relative_humidity_2m,1.0
persistence,6,cloud_cover,2.0
persistence,6,wind_speed_100m,3.5
persistence,6,wind_speed_10m,1.8
persistence,6,surface_pressure,0.5
persistence,6,precipitation,0.3
persistence,12,shortwave_radiation,43.0
persistence,12,direct_normal_irradiance,142.89999999999998
persistence,12,diffuse_radiation,14.0
persistence,12,temperature_2m,0.0
persistence,12,relative_humidity_2m,10.0
persistence,12,cloud_cover,32.0
persistence,12,wind_speed_100m,1.5999999999999996
persistence,12,wind_speed_10m,1.2000000000000002
persistence,12,surface_pressure,0.5
persistence,12,precipitation,0.0
persistence,24,temperature_2m,0.5
persistence,24,relative_humidity_2m,2.0
persistence,24,cloud_cover,30.0
persistence,24,wind_speed_100m,3.0
persistence,24,wind_speed_10m,1.9
persistence,24,surface_pressure,0.39999999999997726
persistence,24,precipitation,0.0
climatology,1,temperature_2m,0.45714285714285374
climatology,1,relative_humidity_2m,12.857142857142861
climatology,1,cloud_cover,19.785714285714292
climatology,1,wind_speed_100m,0.23571428571428577
climatology,1,wind_speed_10m,0.7214285714285713
climatology,1,surface_pressure,1.2857142857142208
climatology,1,precipitation,0.05714285714285715
climatology,6,shortwave_radiation,80.21428571428567
climatology,6,direct_normal_irradiance,120.17142857142858
climatology,6,diffuse_radiation,22.785714285714278
climatology,6,temperature_2m,0.014285714285716011
climatology,6,relative_humidity_2m,16.57142857142857
climatology,6,cloud_cover,6.928571428571431
climatology,6,wind_speed_100m,0.11428571428571388
climatology,6,wind_speed_10m,0.4857142857142862
climatology,6,surface_pressure,1.0857142857144026
climatology,6,precipitation,0.7071428571428572
climatology,12,shortwave_radiation,115.14285714285714
climatology,12,direct_normal_irradiance,319.65
climatology,12,diffuse_radiation,12.42857142857143
climatology,12,temperature_2m,0.6571428571428584
climatology,12,relative_humidity_2m,13.07142857142857
climatology,12,cloud_cover,44.78571428571429
climatology,12,wind_speed_100m,0.4071428571428575
climatology,12,wind_speed_10m,0.8142857142857145
climatology,12,surface_pressure,0.7357142857144936
climatology,12,precipitation,0.37857142857142856
climatology,24,temperature_2m,0.1285714285714299
climatology,24,relative_humidity_2m,13.214285714285708
climatology,24,cloud_cover,31.785714285714292
climatology,24,wind_speed_100m,0.9071428571428575
climatology,24,wind_speed_10m,0.42142857142857126
climatology,24,surface_pressure,0.7571428571429806
climatology,24,precipitation,0.14285714285714285
arima,1,temperature_2m,0.1789273386914445
arima,1,relative_humidity_2m,1.7881444657234766
arima,1,cloud_cover,13.329997753124871
arima,1,wind_speed_100m,1.294877366664228
arima,1,wind_speed_10m,0.38958888048503315
arima,1,surface_pressure,0.06665303745262463
arima,1,precipitation,0.09225771645320165
arima,6,shortwave_radiation,411.1713074444372
arima,6,direct_normal_irradiance,412.1131106203892
arima,6,diffuse_radiation,47.897039127730096
arima,6,temperature_2m,4.576851591168124
arima,6,relative_humidity_2m,22.415577675354243
arima,6,cloud_cover,8.09385583991886
arima,6,wind_speed_100m,0.5110599241831535
arima,6,wind_speed_10m,0.5966689479038756
arima,6,surface_pressure,3.029415711883644
arima,6,precipitation,0.255209312264281
arima,12,shortwave_radiation,277.0591360897841
arima,12,direct_normal_irradiance,517.7589423276607
arima,12,diffuse_radiation,27.915144181393003
arima,12,temperature_2m,2.37871532220459
arima,12,relative_humidity_2m,1.1822042583512058
arima,12,cloud_cover,40.18514721380191
arima,12,wind_speed_100m,0.6092107320865141
arima,12,wind_speed_10m,0.41320700424435763
arima,12,surface_pressure,0.1721771408567747
arima,12,precipitation,0.281407144001396
arima,24,temperature_2m,0.9212861265944099
arima,24,relative_humidity_2m,1.31826374724902
arima,24,cloud_cover,29.181360269224385
arima,24,wind_speed_100m,0.12728285428162778
arima,24,wind_speed_10m,0.6025676085200633
arima,24,surface_pressure,1.3637928723677533
arima,24,precipitation,0.28462618798745987
persistence,1,shortwave_radiation,113.0
persistence,1,direct_normal_irradiance,260.79999999999995
persistence,1,diffuse_radiation,124.0
persistence,1,temperature_2m,0.6000000000000014
persistence,1,relative_humidity_2m,2.0
persistence,1,cloud_cover,10.0
persistence,1,wind_speed_100m,0.9000000000000004
persistence,1,wind_speed_10m,0.09999999999999964
persistence,1,surface_pressure,0.10000000000002274
persistence,1,precipitation,0.0
persistence,6,shortwave_radiation,19.0
persistence,6,direct_normal_irradiance,56.39999999999998
persistence,6,diffuse_radiation,3.0
persistence,6,temperature_2m,0.5
persistence,6,relative_humidity_2m,8.0
persistence,6,cloud_cover,7.0
persistence,6,wind_speed_100m,0.6000000000000005
persistence,6,wind_speed_10m,0.3999999999999999
persistence,6,surface_pressure,0.09999999999990905
persistence,6,precipitation,0.1
persistence,12,temperature_2m,0.29999999999999893
persistence,12,relative_humidity_2m,20.0
persistence,12,cloud_cover,25.0
persistence,12,wind_speed_100m,4.1
persistence,12,wind_speed_10m,1.7999999999999998
persistence,12,surface_pressure,0.39999999999997726
persistence,12,precipitation,0.0
persistence,24,shortwave_radiation,8.0
persistence,24,direct_normal_irradiance,64.09999999999991
persistence,24,diffuse_radiation,46.0
persistence,24,temperature_2m,0.0
persistence,24,relative_humidity_2m,3.0
persistence,24,cloud_cover,32.0
persistence,24,wind_speed_100m,1.2999999999999998
persistence,24,wind_speed_10m,1.3000000000000003
persistence,24,surface_pressure,0.7000000000000455
persistence,24,precipitation,0.2
climatology,1,shortwave_radiation,153.42857142857144
climatology,1,direct_normal_irradiance,272.5071428571428
climatology,1,diffuse_radiation,93.0
climatology,1,temperature_2m,1.5857142857142854
climatology,1,relative_humidity_2m,20.0
climatology,1,cloud_cover,48.5
climatology,1,wind_speed_100m,0.27142857142857224
climatology,1,wind_speed_10m,0.3857142857142861
climatology,1,surface_pressure,1.550000000000182
climatology,1,precipitation,0.6214285714285712
climatology,6,shortwave_radiation,82.5
climatology,6,direct_normal_irradiance,227.28571428571428
climatology,6,diffuse_radiation,8.785714285714292
climatology,6,temperature_2m,0.0785714285714274
climatology,6,relative_humidity_2m,3.5714285714285694
climatology,6,cloud_cover,33.42857142857143
climatology,6,wind_speed_100m,1.0214285714285718
climatology,6,wind_speed_10m,1.1285714285714286
climatology,6,surface_pressure,0.7857142857142208
climatology,6,precipitation,0.23571428571428568
climatology,12,temperature_2m,0.25
climatology,12,relative_humidity_2m,9.92857142857143
climatology,12,cloud_cover,35.21428571428571
climatology,12,wind_speed_100m,1.528571428571428
climatology,12,wind_speed_10m,1.0285714285714285
climatology,12,surface_pressure,0.6928571428570649
climatology,12,precipitation,0.014285714285714287
climatology,24,shortwave_radiation,100.5
climatology,24,direct_normal_irradiance,153.51428571428573
climatology,24,diffuse_radiation,25.64285714285714
climatology,24,temperature_2m,1.1071428571428577
climatology,24,relative_humidity_2m,12.92857142857143
climatology,24,cloud_cover,20.07142857142857
climatology,24,wind_speed_100m,1.064285714285714
climatology,24,wind_speed_10m,0.9785714285714286
climatology,24,surface_pressure,0.5500000000000682
climatology,24,precipitation,0.45
persistence,1,shortwave_radiation,36.0
persistence,1,direct_normal_irradiance,271.0
persistence,1,diffuse_radiation,10.0
persistence,1,temperature_2m,0.29999999999999893
persistence,1,relative_humidity_2m,5.0
persistence,1,cloud_cover,1.0
persistence,1,wind_speed_100m,4.6000000000000005
persistence,1,wind_speed_10m,3.8000000000000003
persistence,1,surface_pressure,0.39999999999997726
persistence,1,precipitation,0.9
persistence,6,temperature_2m,0.20000000000000107
persistence,6,relative_humidity_2m,4.0
persistence,6,cloud_cover,2.0
persistence,6,wind_speed_100m,1.0
persistence,6,wind_speed_10m,0.0
persistence,6,surface_pressure,1.2999999999999545
persistence,6,precipitation,0.0
persistence,12,temperature_2m,1.799999999999999
persistence,12,relative_humidity_2m,6.0
persistence,12,cloud_cover,15.0
persistence,12,wind_speed_100m,2.1000000000000005
persistence,12,wind_speed_10m,0.0
persistence,12,surface_pressure,0.7000000000000455
persistence,12,precipitation,0.0
persistence,24,shortwave_radiation,8.0
persistence,24,direct_normal_irradiance,69.30000000000001
persistence,24,diffuse_radiation,20.0
persistence,24,temperature_2m,1.4000000000000004
persistence,24,relative_humidity_2m,13.0
persistence,24,cloud_cover,37.0
persistence,24,wind_speed_100m,3.8
persistence,24,wind_speed_10m,2.8999999999999995
persistence,24,surface_pressure,0.8999999999999773
persistence,24,precipitation,0.1
climatology,1,shortwave_radiation,8.92857142857143
climatology,1,direct_normal_irradiance,50.48571428571432
climatology,1,diffuse_radiation,1.0714285714285694
climatology,1,temperature_2m,0.15714285714285836
climatology,1,relative_humidity_2m,3.714285714285708
climatology,1,cloud_cover,10.785714285714292
climatology,1,wind_speed_100m,3.635714285714286
climatology,1,wind_speed_10m,1.7214285714285715
climatology,1,surface_pressure,0.16428571428571104
climatology,1,precipitation,0.8999999999999999
climatology,6,temperature_2m,0.0
climatology,6,relative_humidity_2m,5.714285714285708
climatology,6,cloud_cover,30.214285714285708
climatology,6,wind_speed_100m,0.6357142857142857
climatology,6,wind_speed_10m,1.057142857142857
climatology,6,surface_pressure,0.6285714285713766
climatology,6,precipitation,0.014285714285714287
climatology,12,temperature_2m,0.7285714285714278
climatology,12,relative_humidity_2m,0.7142857142857082
climatology,12,cloud_cover,28.42857142857143
climatology,12,wind_speed_100m,1.8428571428571443
climatology,12,wind_speed_10m,0.3142857142857145
climatology,12,surface_pressure,0.007142857142639514
climatology,12,precipitation,0.14285714285714285
climatology,24,shortwave_radiation,64.42857142857142
climatology,24,direct_normal_irradiance,177.9785714285714
climatology,24,diffuse_radiation,7.857142857142861
climatology,24,temperature_2m,1.4928571428571402
climatology,24,relative_humidity_2m,12.785714285714292
climatology,24,cloud_cover,27.42857142857143
climatology,24,wind_speed_100m,0.6428571428571423
climatology,24,wind_speed_10m,0.3857142857142857
climatology,24,surface_pressure,1.1785714285714448
climatology,24,precipitation,0.19285714285714287
persistence,1,temperature_2m,0.20000000000000107
persistence,1,relative_humidity_2m,12.0
persistence,1,cloud_cover,5.0
persistence,1,wind_speed_100m,3.6999999999999997
persistence,1,wind_speed_10m,1.7000000000000002
persistence,1,surface_pressure,0.8999999999999773
persistence,1,precipitation,0.0
persistence,6,temperature_2m,1.0
persistence,6,relative_humidity_2m,9.0
persistence,6,cloud_cover,55.0
persistence,6,wind_speed_100m,2.7
persistence,6,wind_speed_10m,1.0
persistence,6,surface_pressure,0.10000000000002274
persistence,6,precipitation,0.0
persistence,12,shortwave_radiation,60.0
persistence,12,direct_normal_irradiance,169.10000000000002
persistence,12,diffuse_radiation,81.0
persistence,12,temperature_2m,0.3000000000000007
persistence,12,relative_humidity_2m,2.0
persistence,12,cloud_cover,4.0
persistence,12,wind_speed_100m,2.3000000000000007
persistence,12,wind_speed_10m,1.0999999999999996
persistence,12,surface_pressure,0.3000000000000682
persistence,12,precipitation,0.0
persistence,24,temperature_2m,0.6999999999999993
persistence,24,relative_humidity_2m,8.0
persistence,24,cloud_cover,42.0
persistence,24,wind_speed_100m,2.6000000000000005
persistence,24,wind_speed_10m,1.0
persistence,24,surface_pressure,0.40000000000009095
persistence,24,precipitation,0.0
climatology,1,temperature_2m,0.15714285714285836
climatology,1,relative_humidity_2m,8.785714285714292
climatology,1,cloud_cover,30.214285714285708
climatology,1,wind_speed_100m,3.4785714285714286
climatology,1,wind_speed_10m,0.8999999999999999
climatology,1,surface_pressure,1.1857142857140843
climatology,1,precipitation,0.09999999999999999
climatology,6,temperature_2m,1.75
climatology,6,relative_humidity_2m,9.214285714285708
climatology,6,cloud_cover,30.5
climatology,6,wind_speed_100m,1.12142857142857
climatology,6,wind_speed_10m,0.8357142857142859
climatology,6,surface_pressure,0.1214285714286234
climatology,6,precipitation,0.14285714285714285
climatology,12,shortwave_radiation,162.21428571428567
climatology,12,direct_normal_irradiance,324.00714285714287
climatology,12,diffuse_radiation,106.35714285714286
climatology,12,temperature_2m,1.9999999999999964
climatology,12,relative_humidity_2m,14.785714285714292
climatology,12,cloud_cover,24.64285714285714
climatology,12,wind_speed_100m,0.014285714285712459
climatology,12,wind_speed_10m,0.39285714285714235
climatology,12,surface_pressure,0.6357142857143572
climatology,12,precipitation,0.5357142857142858
climatology,24,temperature_2m,0.671428571428569
climatology,24,relative_humidity_2m,13.0
climatology,24,cloud_cover,2.4285714285714306
climatology,24,wind_speed_100m,4.114285714285715
climatology,24,wind_speed_10m,1.3499999999999999
climatology,24,surface_pressure,0.8857142857141298
climatology,24,precipitation,0.014285714285714287
arima,1,temperature_2m,0.28147797224112914
arima,1,relative_humidity_2m,0.881611505823642
arima,1,cloud_cover,7.212506605285874
arima,1,wind_speed_100m,2.7036254618088424
arima,1,wind_speed_10m,1.4692990066137899
arima,1,surface_pressure,0.47306705507241986
arima,1,precipitation,0.019735035615703694
arima,6,temperature_2m,0.7622315364738412
arima,6,relative_humidity_2m,5.291813864899368
arima,6,cloud_cover,51.49068449042474
arima,6,wind_speed_100m,2.283812025490999
arima,6,wind_speed_10m,0.49787272692360274
arima,6,surface_pressure,2.2221052456801544
arima,6,precipitation,0.07035737732771172
arima,12,shortwave_radiation,897.7806553075989
arima,12,direct_normal_irradiance,941.2688481363216
arima,12,diffuse_radiation,82.88747440003591
arima,12,temperature_2m,7.23023844592467
arima,12,relative_humidity_2m,25.95675261778119
arima,12,cloud_cover,8.16449553505992
arima,12,wind_speed_100m,0.6339326934633736
arima,12,wind_speed_10m,2.1042354325970027
arima,12,surface_pressure,2.629939715329101
arima,12,precipitation,0.028011499022246616
arima,24,temperature_2m,0.7246745887907462
arima,24,relative_humidity_2m,0.9765113281658273
arima,24,cloud_cover,31.777255942210566
arima,24,wind_speed_100m,2.934988818804115
arima,24,wind_speed_10m,1.0083950991685593
arima,24,surface_pressure,0.7164569260850158
arima,24,precipitation,0.06757160291261201
persistence,1,temperature_2m,1.700000000000001
persistence,1,relative_humidity_2m,12.0
persistence,1,cloud_cover,7.0
persistence,1,wind_speed_100m,0.30000000000000027
persistence,1,wind_speed_10m,1.6
persistence,1,surface_pressure,1.1999999999999318
persistence,1,precipitation,0.1
persistence,6,shortwave_radiation,158.0
persistence,6,direct_normal_irradiance,331.1
persistence,6,diffuse_radiation,119.0
persistence,6,temperature_2m,1.6000000000000014
persistence,6,relative_humidity_2m,5.0
persistence,6,cloud_cover,21.0
persistence,6,wind_speed_100m,1.3000000000000007
persistence,6,wind_speed_10m,1.5999999999999996
persistence,6,surface_pressure,0.5
persistence,6,precipitation,0.1
persistence,12,shortwave_radiation,15.0
persistence,12,direct_normal_irradiance,49.69999999999999
persistence,12,diffuse_radiation,5.0
persistence,12,temperature_2m,1.0999999999999996
persistence,12,relative_humidity_2m,13.0
persistence,12,cloud_cover,1.0
persistence,12,wind_speed_100m,2.8
persistence,12,wind_speed_10m,2.4000000000000004
persistence,12,surface_pressure,0.6999999999999318
persistence,12,precipitation,0.0
persistence,24,temperature_2m,0.9000000000000004
persistence,24,relative_humidity_2m,6.0
persistence,24,cloud_cover,1.0
persistence,24,wind_speed_100m,0.5
persistence,24,wind_speed_10m,1.0000000000000002
persistence,24,surface_pressure,0.7000000000000455
persistence,24,precipitation,0.0
climatology,1,temperature_2m,0.6071428571428594
climatology,1,relative_humidity_2m,13.0
climatology,1,cloud_cover,14.07142857142857
climatology,1,wind_speed_100m,1.0285714285714276
climatology,1,wind_speed_10m,0.6642857142857137
climatology,1,surface_pressure,1.2857142857142208
climatology,1,precipitation,0.0642857142857143
climatology,6,shortwave_radiation,7.928571428571445
climatology,6,direct_normal_irradiance,38.30000000000007
climatology,6,diffuse_radiation,26.285714285714278
climatology,6,temperature_2m,0.035714285714281147
climatology,6,relative_humidity_2m,7.071428571428569
climatology,6,cloud_cover,0.5714285714285694
climatology,6,wind_speed_100m,1.3214285714285712
climatology,6,wind_speed_10m,1.2928571428571427
climatology,6,surface_pressure,0.2571428571429806
climatology,6,precipitation,0.2142857142857142
climatology,12,shortwave_radiation,28.428571428571416
climatology,12,direct_normal_irradiance,181.67857142857142
climatology,12,diffuse_radiation,42.78571428571429
climatology,12,temperature_2m,0.7214285714285751
climatology,12,relative_humidity_2m,7.071428571428569
climatology,12,cloud_cover,29.42857142857143
climatology,12,wind_speed_100m,1.7357142857142858
climatology,12,wind_speed_10m,1.592857142857143
climatology,12,surface_pressure,0.16428571428559735
climatology,12,precipitation,0.16428571428571428
climatology,24,temperature_2m,0.2857142857142865
climatology,24,relative_humidity_2m,1.4285714285714306
climatology,24,cloud_cover,27.42857142857143
climatology,24,wind_speed_100m,1.4642857142857144
climatology,24,wind_speed_10m,1.207142857142858
climatology,24,surface_pressure,0.3285714285714221
climatology,24,precipitation,0.09285714285714286
persistence,1,shortwave_radiation,314.0
persistence,1,direct_normal_irradiance,475.3
persistence,1,diffuse_radiation,118.0
persistence,1,temperature_2m,3.3000000000000007
persistence,1,relative_humidity_2m,32.0
persistence,1,cloud_cover,43.0
persistence,1,wind_speed_100m,5.9
persistence,1,wind_speed_10m,4.199999999999999
persistence,1,surface_pressure,1.0
persistence,1,precipitation,0.3
persistence,6,shortwave_radiation,84.0
persistence,6,direct_normal_irradiance,268.5
persistence,6,diffuse_radiation,24.0
persistence,6,temperature_2m,0.5999999999999996
persistence,6,relative_humidity_2m,4.0
persistence,6,cloud_cover,3.0
persistence,6,wind_speed_100m,2.2
persistence,6,wind_speed_10m,1.3000000000000003
persistence,6,surface_pressure,0.5
persistence,6,precipitation,3.3
persistence,12,temperature_2m,0.9000000000000004
persistence,12,relative_humidity_2m,0.0
persistence,12,cloud_cover,7.0
persistence,12,wind_speed_100m,4.9
persistence,12,wind_speed_10m,3.5999999999999996
persistence,12,surface_pressure,1.1999999999999318
persistence,12,precipitation,0.0
persistence,24,shortwave_radiation,287.0
persistence,24,direct_normal_irradiance,445.6
persistence,24,diffuse_radiation,85.0
persistence,24,temperature_2m,4.0
persistence,24,relative_humidity_2m,33.0
persistence,24,cloud_cover,14.0
persistence,24,wind_speed_100m,1.7000000000000002
persistence,24,wind_speed_10m,2.2
persistence,24,surface_pressure,0.10000000000002274
persistence,24,precipitation,0.5
climatology,1,shortwave_radiation,275.3571428571429
climatology,1,direct_normal_irradiance,381.17142857142863
climatology,1,diffuse_radiation,72.28571428571428
climatology,1,temperature_2m,3.2571428571428562
climatology,1,relative_humidity_2m,27.642857142857146
climatology,1,cloud_cover,42.642857142857146
climatology,1,wind_speed_100m,3.607142857142858
climatology,1,wind_speed_10m,2.3142857142857145
climatology,1,surface_pressure,1.2428571428571331
climatology,1,precipitation,0.22857142857142854
climatology,6,shortwave_radiation,52.78571428571428
climatology,6,direct_normal_irradiance,86.32142857142861
climatology,6,diffuse_radiation,16.285714285714292
climatology,6,temperature_2m,1.4000000000000021
climatology,6,relative_humidity_2m,11.357142857142861
climatology,6,cloud_cover,25.85714285714286
climatology,6,wind_speed_100m,0.34999999999999964
climatology,6,wind_speed_10m,0.3214285714285712
climatology,6,surface_pressure,0.6428571428571104
climatology,6,precipitation,3.1857142857142855
climatology,12,temperature_2m,1.5000000000000018
climatology,12,relative_humidity_2m,8.07142857142857
climatology,12,cloud_cover,16.57142857142857
climatology,12,wind_speed_100m,0.9857142857142858
climatology,12,wind_speed_10m,2.735714285714285
climatology,12,surface_pressure,1.599999999999909
climatology,12,precipitation,0.0
climatology,24,shortwave_radiation,38.428571428571445
climatology,24,direct_normal_irradiance,37.63571428571424
climatology,24,diffuse_radiation,9.428571428571416
climatology,24,temperature_2m,1.2999999999999972
climatology,24,relative_humidity_2m,10.142857142857146
climatology,24,cloud_cover,17.07142857142857
climatology,24,wind_speed_100m,3.771428571428572
climatology,24,wind_speed_10m,3.4714285714285715
climatology,24,surface_pressure,0.8999999999999773
climatology,24,precipitation,0.17857142857142858
persistence,1,shortwave_radiation,16.0
persistence,1,direct_normal_irradiance,169.6
persistence,1,diffuse_radiation,14.0
persistence,1,temperature_2m,1.0
persistence,1,relative_humidity_2m,0.0
persistence,1,cloud_cover,32.0
persistence,1,wind_speed_100m,1.0
persistence,1,wind_speed_10m,1.5000000000000002
persistence,1,surface_pressure,1.3000000000000682
persistence,1,precipitation,0.1
persistence,6,temperature_2m,1.5
persistence,6,relative_humidity_2m,12.0
persistence,6,cloud_cover,37.0
persistence,6,wind_speed_100m,2.0999999999999996
persistence,6,wind_speed_10m,1.8999999999999995
persistence,6,surface_pressure,0.0
persistence,6,precipitation,0.0
persistence,12,temperature_2m,1.6999999999999993
persistence,12,relative_humidity_2m,11.0
persistence,12,cloud_cover,65.0
persistence,12,wind_speed_100m,3.3999999999999995
persistence,12,wind_speed_10m,0.5999999999999996
persistence,12,surface_pressure,0.5
persistence,12,precipitation,0.0
persistence,24,shortwave_radiation,42.0
persistence,24,direct_normal_irradiance,56.0
persistence,24,diffuse_radiation,19.0
persistence,24,temperature_2m,2.200000000000001
persistence,24,relative_humidity_2m,34.0
persistence,24,cloud_cover,11.0
persistence,24,wind_speed_100m,2.5999999999999996
persistence,24,wind_speed_10m,2.4000000000000004
persistence,24,surface_pressure,1.6000000000000227
persistence,24,precipitation,0.6
climatology,1,shortwave_radiation,27.0
climatology,1,direct_normal_irradiance,163.3142857142857
climatology,1,diffuse_radiation,3.2142857142857153
climatology,1,temperature_2m,0.34999999999999964
climatology,1,relative_humidity_2m,6.214285714285708
climatology,1,cloud_cover,34.78571428571429
climatology,1,wind_speed_100m,2.535714285714285
climatology,1,wind_speed_10m,1.2785714285714285
climatology,1,surface_pressure,1.7642857142858475
climatology,1,precipitation,0.01428571428571429
climatology,6,temperature_2m,0.1142857142857121
climatology,6,relative_humidity_2m,3.857142857142861
climatology,6,cloud_cover,20.285714285714292
climatology,6,wind_speed_100m,2.95
climatology,6,wind_speed_10m,0.6071428571428572
climatology,6,surface_pressure,1.3857142857142435
climatology,6,precipitation,0.0
climatology,12,temperature_2m,1.1428571428571406
climatology,12,relative_humidity_2m,5.214285714285708
climatology,12,cloud_cover,36.35714285714286
climatology,12,wind_speed_100m,5.078571428571428
climatology,12,wind_speed_10m,1.407142857142857
climatology,12,surface_pressure,1.0642857142856883
climatology,12,precipitation,0.03571428571428571
climatology,24,shortwave_radiation,67.42857142857142
climatology,24,direct_normal_irradiance,164.25714285714287
climatology,24,diffuse_radiation,0.7857142857142918
climatology,24,temperature_2m,2.1499999999999986
climatology,24,relative_humidity_2m,24.07142857142857
climatology,24,cloud_cover,7.857142857142861
climatology,24,wind_speed_100m,1.4285714285714288
climatology,24,wind_speed_10m,1.5000000000000002
climatology,24,surface_pressure,0.2571428571427532
climatology,24,precipitation,0.34285714285714286
arima,1,shortwave_radiation,81.10708947447989
arima,1,direct_normal_irradiance,38.72765586159221
arima,1,diffuse_radiation,9.209261856828874
arima,1,temperature_2m,0.10151725763302366
arima,1,relative_humidity_2m,2.7371952618952946
arima,1,cloud_cover,15.842686834004603
arima,1,wind_speed_100m,3.191152348666448
arima,1,wind_speed_10m,2.5320481768001333
arima,1,surface_pressure,0.015846705069179734
arima,1,precipitation,0.08983044315787228
arima,6,temperature_2m,0.15670767152037612
arima,6,relative_humidity_2m,9.993301256889154
arima,6,cloud_cover,17.2226717606124
arima,6,wind_speed_100m,1.9706927773228884
arima,6,wind_speed_10m,0.7027846072732609
arima,6,surface_pressure,1.384256256693675
arima,6,precipitation,0.14427257634223317
arima,12,temperature_2m,2.028436252213286
arima,12,relative_humidity_2m,11.171691948103458
arima,12,cloud_cover,47.54596829865349
arima,12,wind_speed_100m,4.06977917223808
arima,12,wind_speed_10m,0.6150079764053311
arima,12,surface_pressure,3.0727200457910158
arima,12,precipitation,0.12042608510743087
arima,24,shortwave_radiation,131.55658663062036
arima,24,direct_normal_irradiance,191.54026351712702
arima,24,diffuse_radiation,29.590856520779226
arima,24,temperature_2m,3.1615817082805346
arima,24,relative_humidity_2m,26.217590363960582
arima,24,cloud_cover,17.03773403645141
arima,24,wind_speed_100m,2.630159036191582
arima,24,wind_speed_10m,1.584579773192628
arima,24,surface_pressure,0.37313020965007127
arima,24,precipitation,0.11641610548895652
persistence,1,temperature_2m,0.5999999999999996
persistence,1,relative_humidity_2m,6.0
persistence,1,cloud_cover,7.0
persistence,1,wind_speed_100m,3.0999999999999996
persistence,1,wind_speed_10m,1.5
persistence,1,surface_pressure,0.6000000000000227
persistence,1,precipitation,0.0
persistence,6,temperature_2m,0.6999999999999993
persistence,6,relative_humidity_2m,3.0
persistence,6,cloud_cover,5.0
persistence,6,wind_speed_100m,4.800000000000001
persistence,6,wind_speed_10m,3.7
persistence,6,surface_pressure,0.7000000000000455
persistence,6,precipitation,0.0
persistence,12,shortwave_radiation,17.0
persistence,12,direct_normal_irradiance,4.600000000000023
persistence,12,diffuse_radiation,13.0
persistence,12,temperature_2m,0.09999999999999787
persistence,12,relative_humidity_2m,3.0
persistence,12,cloud_cover,5.0
persistence,12,wind_speed_100m,5.200000000000001
persistence,12,wind_speed_10m,3.5999999999999996
persistence,12,surface_pressure,0.7000000000000455
persistence,12,precipitation,0.1
persistence,24,temperature_2m,1.9000000000000004
persistence,24,relative_humidity_2m,3.0
persistence,24,cloud_cover,59.0
persistence,24,wind_speed_100m,0.40000000000000036
persistence,24,wind_speed_10m,2.2
persistence,24,surface_pressure,2.199999999999932
persistence,24,precipitation,0.0
climatology,1,temperature_2m,0.7428571428571438
climatology,1,relative_humidity_2m,10.714285714285708
climatology,1,cloud_cover,20.214285714285708
climatology,1,wind_speed_100m,6.207142857142856
climatology,1,wind_speed_10m,1.971428571428571
climatology,1,surface_pressure,0.6357142857142435
climatology,1,precipitation,0.0
climatology,6,temperature_2m,0.40000000000000036
climatology,6,relative_humidity_2m,8.714285714285708
climatology,6,cloud_cover,32.78571428571429
climatology,6,wind_speed_100m,9.364285714285714
climatology,6,wind_speed_10m,4.907142857142857
climatology,6,surface_pressure,0.3714285714286234
climatology,6,precipitation,0.03571428571428571
climatology,12,shortwave_radiation,40.0
climatology,12,direct_normal_irradiance,96.01428571428573
climatology,12,diffuse_radiation,38.28571428571428
climatology,12,temperature_2m,1.3642857142857174
climatology,12,relative_humidity_2m,8.57142857142857
climatology,12,cloud_cover,27.642857142857146
climatology,12,wind_speed_100m,10.285714285714286
climatology,12,wind_speed_10m,6.585714285714285
climatology,12,surface_pressure,0.2571428571428669
climatology,12,precipitation,0.042857142857142844
climatology,24,temperature_2m,2.25
climatology,24,relative_humidity_2m,13.357142857142861
climatology,24,cloud_cover,21.214285714285708
climatology,24,wind_speed_100m,8.235714285714288
climatology,24,wind_speed_10m,5.292857142857143
climatology,24,surface_pressure,1.207142857142685
climatology,24,precipitation,0.0
persistence,1,temperature_2m,2.5999999999999996
persistence,1,relative_humidity_2m,1.0
persistence,1,cloud_cover,69.0
persistence,1,wind_speed_100m,3.5
persistence,1,wind_speed_10m,3.5999999999999996
persistence,1,surface_pressure,1.0
persistence,1,precipitation,0.0
persistence,6,shortwave_radiation,28.0
persistence,6,direct_normal_irradiance,43.10000000000002
persistence,6,diffuse_radiation,8.0
persistence,6,temperature_2m,0.40000000000000213
persistence,6,relative_humidity_2m,4.0
persistence,6,cloud_cover,9.0
persistence,6,wind_speed_100m,0.0
persistence,6,wind_speed_10m,0.29999999999999893
persistence,6,surface_pressure,0.7000000000000455
persistence,6,precipitation,0.0
persistence,12,shortwave_radiation,36.0
persistence,12,direct_normal_irradiance,107.80000000000001
persistence,12,diffuse_radiation,8.0
persistence,12,temperature_2m,1.1000000000000014
persistence,12,relative_humidity_2m,4.0
persistence,12,cloud_cover,30.0
persistence,12,wind_speed_100m,7.300000000000001
persistence,12,wind_speed_10m,4.9
persistence,12,surface_pressure,0.8000000000000682
persistence,12,precipitation,0.0
persistence,24,temperature_2m,1.4000000000000004
persistence,24,relative_humidity_2m,12.0
persistence,24,cloud_cover,25.0
persistence,24,wind_speed_100m,0.8000000000000007
persistence,24,wind_speed_10m,0.0
persistence,24,surface_pressure,1.3999999999999773
persistence,24,precipitation,0.0
climatology,1,temperature_2m,2.2857142857142883
climatology,1,relative_humidity_2m,6.857142857142861
climatology,1,cloud_cover,10.285714285714292
climatology,1,wind_speed_100m,4.45
climatology,1,wind_speed_10m,0.4928571428571429
climatology,1,surface_pressure,0.47142857142841876
climatology,1,precipitation,0.0071428571428571435
climatology,6,shortwave_radiation,14.64285714285711
climatology,6,direct_normal_irradiance,55.82857142857131
climatology,6,diffuse_radiation,30.428571428571416
climatology,6,temperature_2m,1.0071428571428562
climatology,6,relative_humidity_2m,4.428571428571431
climatology,6,cloud_cover,17.285714285714285
climatology,6,wind_speed_100m,9.457142857142859
climatology,6,wind_speed_10m,5.750000000000001
climatology,6,surface_pressure,0.9500000000000455
climatology,6,precipitation,0.04999999999999999
climatology,12,shortwave_radiation,38.21428571428572
climatology,12,direct_normal_irradiance,135.06428571428575
climatology,12,diffuse_radiation,18.64285714285714
climatology,12,temperature_2m,2.7642857142857142
climatology,12,relative_humidity_2m,24.92857142857143
climatology,12,cloud_cover,1.7857142857142918
climatology,12,wind_speed_100m,5.578571428571429
climatology,12,wind_speed_10m,2.8642857142857148
climatology,12,surface_pressure,0.41428571428571104
climatology,12,precipitation,0.3142857142857142
climatology,24,temperature_2m,0.8071428571428587
climatology,24,relative_humidity_2m,4.285714285714292
climatology,24,cloud_cover,8.0
climatology,24,wind_speed_100m,2.2785714285714294
climatology,24,wind_speed_10m,0.5499999999999994
climatology,24,surface_pressure,0.7999999999999545
climatology,24,precipitation,0.0
persistence,1,shortwave_radiation,15.0
persistence,1,direct_normal_irradiance,81.5
persistence,1,diffuse_radiation,59.0
persistence,1,temperature_2m,0.3000000000000007
persistence,1,relative_humidity_2m,3.0
persistence,1,cloud_cover,3.0
persistence,1,wind_speed_100m,2.299999999999999
persistence,1,wind_speed_10m,1.799999999999999
persistence,1,surface_pressure,0.2999999999999545
persistence,1,precipitation,0.0
persistence,6,shortwave_radiation,76.0
persistence,6,direct_normal_irradiance,244.8
persistence,6,diffuse_radiation,23.0
persistence,6,temperature_2m,0.40000000000000213
persistence,6,relative_humidity_2m,2.0
persistence,6,cloud_cover,8.0
persistence,6,wind_speed_100m,2.000000000000001
persistence,6,wind_speed_10m,0.7000000000000002
persistence,6,surface_pressure,0.39999999999997726
persistence,6,precipitation,0.0
persistence,12,temperature_2m,1.299999999999999
persistence,12,relative_humidity_2m,13.0
persistence,12,cloud_cover,5.0
persistence,12,wind_speed_100m,0.09999999999999964
persistence,12,wind_speed_10m,1.0
persistence,12,surface_pressure,0.900000000000091
persistence,12,precipitation,0.0
persistence,24,shortwave_radiation,261.0
persistence,24,direct_normal_irradiance,493.79999999999995
persistence,24,diffuse_radiation,151.0
persistence,24,temperature_2m,0.9000000000000021
persistence,24,relative_humidity_2m,2.0
persistence,24,cloud_cover,36.0
persistence,24,wind_speed_100m,10.0
persistence,24,wind_speed_10m,6.5
persistence,24,surface_pressure,0.10000000000002274
persistence,24,precipitation,0.1
climatology,1,shortwave_radiation,88.78571428571433
climatology,1,direct_normal_irradiance,98.28571428571422
climatology,1,diffuse_radiation,0.2857142857142776
climatology,1,temperature_2m,1.2500000000000036
climatology,1,relative_humidity_2m,8.357142857142854
climatology,1,cloud_cover,2.857142857142854
climatology,1,wind_speed_100m,6.207142857142857
climatology,1,wind_speed_10m,3.371428571428572
climatology,1,surface_pressure,0.9285714285713311
climatology,1,precipitation,0.06428571428571428
climatology,6,shortwave_radiation,45.0
climatology,6,direct_normal_irradiance,131.94285714285706
climatology,6,diffuse_radiation,6.285714285714292
climatology,6,temperature_2m,2.1999999999999993
climatology,6,relative_humidity_2m,21.5
climatology,6,cloud_cover,7.857142857142861
climatology,6,wind_speed_100m,3.192857142857143
climatology,6,wind_speed_10m,1.9357142857142864
climatology,6,surface_pressure,0.7857142857143344
climatology,6,precipitation,0.3071428571428571
climatology,12,temperature_2m,0.7285714285714313
climatology,12,relative_humidity_2m,4.785714285714292
climatology,12,cloud_cover,15.285714285714292
climatology,12,wind_speed_100m,2.864285714285714
climatology,12,wind_speed_10m,0.8928571428571428
climatology,12,surface_pressure,1.3285714285715358
climatology,12,precipitation,0.0
climatology,24,shortwave_radiation,221.5
climatology,24,direct_normal_irradiance,438.63571428571413
climatology,24,diffuse_radiation,145.5
climatology,24,temperature_2m,0.27142857142857224
climatology,24,relative_humidity_2m,1.5
climatology,24,cloud_cover,41.857142857142854
climatology,24,wind_speed_100m,3.6500000000000017
climatology,24,wind_speed_10m,2.978571428571428
climatology,24,surface_pressure,1.3642857142857565
climatology,24,precipitation,0.14285714285714288
arima,1,shortwave_radiation,22.232977538430532
arima,1,direct_normal_irradiance,7.484464258966227
arima,1,diffuse_radiation,0.9373171871723116
arima,1,temperature_2m,0.32699188307595506
arima,1,relative_humidity_2m,3.675773738512852
arima,1,cloud_cover,6.950903367943042
arima,1,wind_speed_100m,1.7908055717807372
arima,1,wind_speed_10m,1.7072875295540832
arima,1,surface_pressure,0.10821632674981174
arima,1,precipitation,0.0060363467192543485
arima,6,shortwave_radiation,628.1338940649987
arima,6,direct_normal_irradiance,309.21249213474545
arima,6,diffuse_radiation,63.143614562559236
arima,6,temperature_2m,0.015202747826158713
arima,6,relative_humidity_2m,5.105926679138783
arima,6,cloud_cover,7.2201054964831
arima,6,wind_speed_100m,1.9795948865341169
arima,6,wind_speed_10m,0.7538766312689988
arima,6,surface_pressure,0.702757323672131
arima,6,precipitation,0.09370076710921015
arima,12,temperature_2m,0.06769618082551787
arima,12,relative_humidity_2m,35.579394878557544
arima,12,cloud_cover,22.46213765185327
arima,12,wind_speed_100m,0.6787046220342106
arima,12,wind_speed_10m,2.2058922138545016
arima,12,surface_pressure,0.9199680938455685
arima,12,precipitation,0.09326785050711874
arima,24,shortwave_radiation,246.0301111604149
arima,24,direct_normal_irradiance,437.86863715308334
arima,24,diffuse_radiation,142.65420322572757
arima,24,temperature_2m,1.5306792184069913
arima,24,relative_humidity_2m,1.97489523381806
arima,24,cloud_cover,24.261871360178034
arima,24,wind_speed_100m,5.8787046295690235
arima,24,wind_speed_10m,3.804552064831705
arima,24,surface_pressure,2.0044671437132138
arima,24,precipitation,0.09325476383734427
persistence,1,shortwave_radiation,0.0
persistence,1,direct_normal_irradiance,118.10000000000002
persistence,1,diffuse_radiation,21.0
persistence,1,temperature_2m,0.5
persistence,1,relative_humidity_2m,2.0
persistence,1,cloud_cover,14.0
persistence,1,wind_speed_100m,2.7
persistence,1,wind_speed_10m,0.6000000000000001
persistence,1,surface_pressure,0.0
persistence,1,precipitation,0.0
persistence,6,temperature_2m,0.3999999999999986
persistence,6,relative_humidity_2m,16.0
persistence,6,cloud_cover,1.0
persistence,6,wind_speed_100m,2.5999999999999996
persistence,6,wind_speed_10m,1.4000000000000004
persistence,6,surface_pressure,0.8000000000000682
persistence,6,precipitation,0.0
persistence,12,temperature_2m,0.5
persistence,12,relative_humidity_2m,1.0
persistence,12,cloud_cover,36.0
persistence,12,wind_speed_100m,3.8
persistence,12,wind_speed_10m,1.7999999999999998
persistence,12,surface_pressure,0.7000000000000455
persistence,12,precipitation,0.0
persistence,24,shortwave_radiation,59.0
persistence,24,direct_normal_irradiance,266.9
persistence,24,diffuse_radiation,50.0
persistence,24,temperature_2m,0.5999999999999979
persistence,24,relative_humidity_2m,12.0
persistence,24,cloud_cover,6.0
persistence,24,wind_speed_100m,2.4
persistence,24,wind_speed_10m,0.5999999999999999
persistence,24,surface_pressure,1.1000000000000227
persistence,24,precipitation,0.0
climatology,1,shortwave_radiation,2.714285714285708
climatology,1,direct_normal_irradiance,89.41428571428571
climatology,1,diffuse_radiation,17.07142857142857
climatology,1,temperature_2m,1.3500000000000014
climatology,1,relative_humidity_2m,18.14285714285714
climatology,1,cloud_cover,23.714285714285708
climatology,1,wind_speed_100m,1.3928571428571432
climatology,1,wind_speed_10m,0.2571428571428567
climatology,1,surface_pressure,0.4142857142858247
climatology,1,precipitation,0.1
climatology,6,temperature_2m,1.114285714285712
climatology,6,relative_humidity_2m,11.785714285714292
climatology,6,cloud_cover,16.714285714285708
climatology,6,wind_speed_100m,0.1642857142857137
climatology,6,wind_speed_10m,0.6928571428571435
climatology,6,surface_pressure,0.3285714285713084
climatology,6,precipitation,0.0
climatology,12,temperature_2m,0.15000000000000213
climatology,12,relative_humidity_2m,2.714285714285708
climatology,12,cloud_cover,19.57142857142857
climatology,12,wind_speed_100m,0.04285714285714182
climatology,12,wind_speed_10m,0.4285714285714284
climatology,12,surface_pressure,1.335714285714289
climatology,12,precipitation,0.0
climatology,24,shortwave_radiation,33.571428571428555
climatology,24,direct_normal_irradiance,88.03571428571428
climatology,24,diffuse_radiation,4.714285714285708
climatology,24,temperature_2m,1.1571428571428601
climatology,24,relative_humidity_2m,5.928571428571431
climatology,24,cloud_cover,22.35714285714286
climatology,24,wind_speed_100m,3.285714285714286
climatology,24,wind_speed_10m,1.7857142857142854
climatology,24,surface_pressure,1.1071428571428896
climatology,24,precipitation,0.2928571428571428
persistence,1,temperature_2m,0.29999999999999893
persistence,1,relative_humidity_2m,5.0
persistence,1,cloud_cover,9.0
persistence,1,wind_speed_100m,3.7
persistence,1,wind_speed_10m,1.5999999999999996
persistence,1,surface_pressure,1.3000000000000682
persistence,1,precipitation,0.0
persistence,6,temperature_2m,1.3000000000000007
persistence,6,relative_humidity_2m,0.0
persistence,6,cloud_cover,46.0
persistence,6,wind_speed_100m,1.7999999999999998
persistence,6,wind_speed_10m,0.8
persistence,6,surface_pressure,0.3000000000000682
persistence,6,precipitation,0.0
persistence,12,shortwave_radiation,228.0
persistence,12,direct_normal_irradiance,484.29999999999995
persistence,12,diffuse_radiation,176.0
persistence,12,temperature_2m,1.3999999999999986
persistence,12,relative_humidity_2m,5.0
persistence,12,cloud_cover,55.0
persistence,12,wind_speed_100m,0.09999999999999964
persistence,12,wind_speed_10m,0.20000000000000018
persistence,12,surface_pressure,0.39999999999997726
persistence,12,precipitation,0.0
persistence,24,temperature_2m,0.1999999999999993
persistence,24,relative_humidity_2m,4.0
persistence,24,cloud_cover,17.0
persistence,24,wind_speed_100m,7.300000000000001
persistence,24,wind_speed_10m,3.8
persistence,24,surface_pressure,0.7999999999999545
persistence,24,precipitation,0.0
climatology,1,temperature_2m,0.7071428571428573
climatology,1,relative_humidity_2m,4.785714285714292
climatology,1,cloud_cover,20.07142857142857
climatology,1,wind_speed_100m,2.4142857142857155
climatology,1,wind_speed_10m,0.7642857142857142
climatology,1,surface_pressure,1.2714285714286007
climatology,1,precipitation,0.0071428571428571435
climatology,6,temperature_2m,1.385714285714288
climatology,6,relative_humidity_2m,1.4285714285714306
climatology,6,cloud_cover,29.35714285714286
climatology,6,wind_speed_100m,2.164285714285713
climatology,6,wind_speed_10m,1.357142857142857
climatology,6,surface_pressure,0.8428571428570422
climatology,6,precipitation,0.0
climatology,12,shortwave_radiation,204.57142857142856
climatology,12,direct_normal_irradiance,450.242857142857
climatology,12,diffuse_radiation,171.78571428571428
climatology,12,temperature_2m,0.37857142857142634
climatology,12,relative_humidity_2m,2.0714285714285694
climatology,12,cloud_cover,45.92857142857143
climatology,12,wind_speed_100m,2.2285714285714295
climatology,12,wind_speed_10m,1.8642857142857134
climatology,12,surface_pressure,1.4857142857142662
climatology,12,precipitation,0.10000000000000002
climatology,24,temperature_2m,0.05000000000000071
climatology,24,relative_humidity_2m,0.5714285714285694
climatology,24,cloud_cover,1.8571428571428612
climatology,24,wind_speed_100m,2.8999999999999995
climatology,24,wind_speed_10m,1.807142857142857
climatology,24,surface_pressure,0.8428571428571558
climatology,24,precipitation,0.0
persistence,1,temperature_2m,0.09999999999999964
persistence,1,relative_humidity_2m,8.0
persistence,1,cloud_cover,4.0
persistence,1,wind_speed_100m,3.3
persistence,1,wind_speed_10m,1.9999999999999998
persistence,1,surface_pressure,0.10000000000002274
persistence,1,precipitation,0.0
persistence,6,shortwave_radiation,77.0
persistence,6,direct_normal_irradiance,97.1
persistence,6,diffuse_radiation,158.0
persistence,6,temperature_2m,1.1000000000000014
persistence,6,relative_humidity_2m,10.0
persistence,6,cloud_cover,54.0
persistence,6,wind_speed_100m,1.8000000000000003
persistence,6,wind_speed_10m,1.7
persistence,6,surface_pressure,0.6000000000000227
persistence,6,precipitation,0.2
persistence,12,shortwave_radiation,83.0
persistence,12,direct_normal_irradiance,151.3
persistence,12,diffuse_radiation,21.0
persistence,12,temperature_2m,0.40000000000000213
persistence,12,relative_humidity_2m,4.0
persistence,12,cloud_cover,1.0
persistence,12,wind_speed_100m,2.1000000000000005
persistence,12,wind_speed_10m,0.0
persistence,12,surface_pressure,0.39999999999997726
persistence,12,precipitation,0.1
persistence,24,temperature_2m,0.1999999999999993
persistence,24,relative_humidity_2m,14.0
persistence,24,cloud_cover,11.0
persistence,24,wind_speed_100m,1.9000000000000004
persistence,24,wind_speed_10m,1.1
persistence,24,surface_pressure,0.7999999999999545
persistence,24,precipitation,0.0
climatology,1,temperature_2m,1.3785714285714281
climatology,1,relative_humidity_2m,7.214285714285708
climatology,1,cloud_cover,24.85714285714286
climatology,1,wind_speed_100m,0.6714285714285717
climatology,1,wind_speed_10m,0.12857142857142856
climatology,1,surface_pressure,0.5571428571427077
climatology,1,precipitation,0.0071428571428571435
climatology,6,shortwave_radiation,276.92857142857144
climatology,6,direct_normal_irradiance,337.5071428571428
climatology,6,diffuse_radiation,5.285714285714278
climatology,6,temperature_2m,1.571428571428573
climatology,6,relative_humidity_2m,12.07142857142857
climatology,6,cloud_cover,10.142857142857146
climatology,6,wind_speed_100m,4.064285714285715
climatology,6,wind_speed_10m,3.557142857142857
climatology,6,surface_pressure,1.8857142857143572
climatology,6,precipitation,0.09999999999999999
climatology,12,shortwave_radiation,28.35714285714286
climatology,12,direct_normal_irradiance,125.2142857142857
climatology,12,diffuse_radiation,20.714285714285708
climatology,12,temperature_2m,3.552713678800501e-15
climatology,12,relative_humidity_2m,4.714285714285708
climatology,12,cloud_cover,23.5
climatology,12,wind_speed_100m,2.5142857142857142
climatology,12,wind_speed_10m,1.5214285714285716
climatology,12,surface_pressure,0.5214285714286007
climatology,12,precipitation,0.1928571428571428
climatology,24,temperature_2m,1.3357142857142872
climatology,24,relative_humidity_2m,7.5
climatology,24,cloud_cover,24.35714285714286
climatology,24,wind_speed_100m,2.121428571428571
climatology,24,wind_speed_10m,1.1785714285714284
climatology,24,surface_pressure,0.7785714285713539
climatology,24,precipitation,0.0
arima,1,temperature_2m,0.28251283506746994
arima,1,relative_humidity_2m,1.0929341935066077
arima,1,cloud_cover,8.319295486035315
arima,1,wind_speed_100m,1.4119597927436773
arima,1,wind_speed_10m,0.9724269559843282
arima,1,surface_pressure,0.24734801779186455
arima,1,precipitation,0.07174416938650838
arima,6,shortwave_radiation,412.38021099370764
arima,6,direct_normal_irradiance,93.07280572511036
arima,6,diffuse_radiation,25.427628839365866
arima,6,temperature_2m,1.6114330644408383
arima,6,relative_humidity_2m,8.663150474774469
arima,6,cloud_cover,42.31010763673001
arima,6,wind_speed_100m,1.5596130355377436
arima,6,wind_speed_10m,1.3533439343362288
arima,6,surface_pressure,0.6584600124382405
arima,6,precipitation,0.12833466543638644
arima,12,shortwave_radiation,213.73652088158553
arima,12,direct_normal_irradiance,92.322018710295
arima,12,diffuse_radiation,78.19043956746495
arima,12,temperature_2m,0.05494312919481814
arima,12,relative_humidity_2m,1.4944060275768862
arima,12,cloud_cover,10.423872673680876
arima,12,wind_speed_100m,3.162184884767851
arima,12,wind_speed_10m,1.2524439347594665
arima,12,surface_pressure,1.184991111747081
arima,12,precipitation,0.02411921660868023
arima,24,temperature_2m,1.240523787463042
arima,24,relative_humidity_2m,0.9155501350351472
arima,24,cloud_cover,9.358988750594605
arima,24,wind_speed_100m,1.1621932298732096
arima,24,wind_speed_10m,1.05220168525745
arima,24,surface_pressure,0.7700363642213688
arima,24,precipitation,0.07593356368546378
persistence,1,shortwave_radiation,160.0
persistence,1,direct_normal_irradiance,304.6
persistence,1,diffuse_radiation,117.0
persistence,1,temperature_2m,1.1999999999999993
persistence,1,relative_humidity_2m,3.0
persistence,1,cloud_cover,36.0
persistence,1,wind_speed_100m,0.5
persistence,1,wind_speed_10m,0.2999999999999998
persistence,1,surface_pressure,0.7000000000000455
persistence,1,precipitation,0.19999999999999998
persistence,6,shortwave_radiation,20.0
persistence,6,direct_normal_irradiance,24.799999999999983
persistence,6,diffuse_radiation,10.0
persistence,6,temperature_2m,1.9000000000000021
persistence,6,relative_humidity_2m,30.0
persistence,6,cloud_cover,7.0
persistence,6,wind_speed_100m,0.09999999999999964
persistence,6,wind_speed_10m,0.4999999999999998
persistence,6,surface_pressure,0.40000000000009095
persistence,6,precipitation,2.4
persistence,12,temperature_2m,0.5999999999999996
persistence,12,relative_humidity_2m,15.0
persistence,12,cloud_cover,7.0
persistence,12,wind_speed_100m,6.199999999999999
persistence,12,wind_speed_10m,2.2
persistence,12,surface_pressure,1.2999999999999545
persistence,12,precipitation,0.0
persistence,24,shortwave_radiation,22.0
persistence,24,direct_normal_irradiance,32.400000000000034
persistence,24,diffuse_radiation,5.0
persistence,24,temperature_2m,0.5
persistence,24,relative_humidity_2m,0.0
persistence,24,cloud_cover,10.0
persistence,24,wind_speed_100m,6.4
persistence,24,wind_speed_10m,4.1
persistence,24,surface_pressure,1.2999999999999545
persistence,24,precipitation,0.3
climatology,1,shortwave_radiation,92.07142857142856
climatology,1,direct_normal_irradiance,170.26428571428573
climatology,1,diffuse_radiation,62.071428571428584
climatology,1,temperature_2m,0.6571428571428548
climatology,1,relative_humidity_2m,2.4285714285714306
climatology,1,cloud_cover,19.857142857142854
climatology,1,wind_speed_100m,0.6142857142857157
climatology,1,wind_speed_10m,0.9285714285714288
climatology,1,surface_pressure,0.15714285714284415
climatology,1,precipitation,0.1571428571428571
climatology,6,shortwave_radiation,44.071428571428584
climatology,6,direct_normal_irradiance,131.80714285714294
climatology,6,diffuse_radiation,7.928571428571431
climatology,6,temperature_2m,1.9928571428571402
climatology,6,relative_humidity_2m,26.42857142857143
climatology,6,cloud_cover,12.714285714285708
climatology,6,wind_speed_100m,2.428571428571428
climatology,6,wind_speed_10m,0.8714285714285714
climatology,6,surface_pressure,0.02142857142871435
climatology,6,precipitation,2.2071428571428573
climatology,12,temperature_2m,0.5357142857142865
climatology,12,relative_humidity_2m,3.214285714285708
climatology,12,cloud_cover,19.42857142857143
climatology,12,wind_speed_100m,5.328571428571427
climatology,12,wind_speed_10m,2.057142857142857
climatology,12,surface_pressure,1.6214285714286234
climatology,12,precipitation,0.0
climatology,24,shortwave_radiation,44.85714285714289
climatology,24,direct_normal_irradiance,155.3857142857143
climatology,24,diffuse_radiation,84.92857142857142
climatology,24,temperature_2m,0.8928571428571423
climatology,24,relative_humidity_2m,1.142857142857146
climatology,24,cloud_cover,27.642857142857146
climatology,24,wind_speed_100m,6.37857142857143
climatology,24,wind_speed_10m,4.0
climatology,24,surface_pressure,1.392857142857224
climatology,24,precipitation,0.12142857142857143
persistence,1,shortwave_radiation,19.0
persistence,1,direct_normal_irradiance,135.4
persistence,1,diffuse_radiation,6.0
persistence,1,temperature_2m,1.4000000000000004
persistence,1,relative_humidity_2m,17.0
persistence,1,cloud_cover,24.0
persistence,1,wind_speed_100m,2.1
persistence,1,wind_speed_10m,0.9
persistence,1,surface_pressure,1.0
persistence,1,precipitation,0.1
persistence,6,temperature_2m,0.3000000000000007
persistence,6,relative_humidity_2m,12.0
persistence,6,cloud_cover,1.0
persistence,6,wind_speed_100m,1.0999999999999999
persistence,6,wind_speed_10m,0.7
persistence,6,surface_pressure,0.6000000000000227
persistence,6,precipitation,0.0
persistence,12,temperature_2m,0.8000000000000007
persistence,12,relative_humidity_2m,13.0
persistence,12,cloud_cover,39.0
persistence,12,wind_speed_100m,0.5999999999999996
persistence,12,wind_speed_10m,0.6000000000000001
persistence,12,surface_pressure,0.7000000000000455
persistence,12,precipitation,0.0
persistence,24,shortwave_radiation,31.0
persistence,24,direct_normal_irradiance,149.70000000000005
persistence,24,diffuse_radiation,31.0
persistence,24,temperature_2m,1.5
persistence,24,relative_humidity_2m,9.0
persistence,24,cloud_cover,3.0
persistence,24,wind_speed_100m,1.0
persistence,24,wind_speed_10m,0.5999999999999999
persistence,24,surface_pressure,0.2999999999999545
persistence,24,precipitation,0.0
climatology,1,shortwave_radiation,23.85714285714286
climatology,1,direct_normal_irradiance,110.17142857142858
climatology,1,diffuse_radiation,2.2142857142857153
climatology,1,temperature_2m,0.09999999999999787
climatology,1,relative_humidity_2m,0.1428571428571388
climatology,1,cloud_cover,5.5
climatology,1,wind_speed_100m,2.35
climatology,1,wind_speed_10m,1.057142857142857
climatology,1,surface_pressure,1.2000000000000455
climatology,1,precipitation,0.021428571428571432
climatology,6,temperature_2m,0.15000000000000036
climatology,6,relative_humidity_2m,15.92857142857143
climatology,6,cloud_cover,15.5
climatology,6,wind_speed_100m,6.371428571428571
climatology,6,wind_speed_10m,2.814285714285714
climatology,6,surface_pressure,2.150000000000091
climatology,6,precipitation,0.0
climatology,12,temperature_2m,0.24999999999999822
climatology,12,relative_humidity_2m,0.2142857142857082
climatology,12,cloud_cover,42.78571428571429
climatology,12,wind_speed_100m,1.8999999999999995
climatology,12,wind_speed_10m,1.5071428571428576
climatology,12,surface_pressure,1.0714285714286689
climatology,12,precipitation,0.0
climatology,24,shortwave_radiation,87.07142857142858
climatology,24,direct_normal_irradiance,267.2214285714286
climatology,24,diffuse_radiation,24.85714285714286
climatology,24,temperature_2m,1.8428571428571487
climatology,24,relative_humidity_2m,10.285714285714292
climatology,24,cloud_cover,11.714285714285708
climatology,24,wind_speed_100m,2.692857142857143
climatology,24,wind_speed_10m,1.2071428571428562
climatology,24,surface_pressure,1.6428571428571104
climatology,24,precipitation,0.4642857142857143
persistence,1,temperature_2m,0.9000000000000004
persistence,1,relative_humidity_2m,15.0
persistence,1,cloud_cover,49.0
persistence,1,wind_speed_100m,6.5
persistence,1,wind_speed_10m,3.4
persistence,1,surface_pressure,1.3000000000000682
persistence,1,precipitation,0.0
persistence,6,temperature_2m,0.5
persistence,6,relative_humidity_2m,6.0
persistence,6,cloud_cover,22.0
persistence,6,wind_speed_100m,5.6
persistence,6,wind_speed_10m,4.6
persistence,6,surface_pressure,0.1999999999999318
persistence,6,precipitation,0.0
persistence,12,shortwave_radiation,39.0
persistence,12,direct_normal_irradiance,149.9000000000001
persistence,12,diffuse_radiation,86.0
persistence,12,temperature_2m,0.3000000000000007
persistence,12,relative_humidity_2m,2.0
persistence,12,cloud_cover,2.0
persistence,12,wind_speed_100m,6.800000000000001
persistence,12,wind_speed_10m,4.8
persistence,12,surface_pressure,0.10000000000002274
persistence,12,precipitation,0.0
persistence,24,temperature_2m,0.5
persistence,24,relative_humidity_2m,1.0
persistence,24,cloud_cover,22.0
persistence,24,wind_speed_100m,1.299999999999999
persistence,24,wind_speed_10m,0.20000000000000018
persistence,24,surface_pressure,0.1999999999999318
persistence,24,precipitation,0.0
climatology,1,temperature_2m,0.31428571428571495
climatology,1,relative_humidity_2m,7.142857142857139
climatology,1,cloud_cover,36.64285714285714
climatology,1,wind_speed_100m,5.2857142857142865
climatology,1,wind_speed_10m,3.6
climatology,1,surface_pressure,0.6142857142856428
climatology,1,precipitation,0.0071428571428571435
climatology,6,temperature_2m,0.31428571428571495
climatology,6,relative_humidity_2m,6.071428571428569
climatology,6,cloud_cover,16.35714285714286
climatology,6,wind_speed_100m,3.6071428571428568
climatology,6,wind_speed_10m,3.0928571428571425
climatology,6,surface_pressure,1.26428571428562
climatology,6,precipitation,0.0
climatology,12,shortwave_radiation,61.928571428571445
climatology,12,direct_normal_irradiance,54.87857142857138
climatology,12,diffuse_radiation,15.714285714285722
climatology,12,temperature_2m,1.5357142857142847
climatology,12,relative_humidity_2m,6.071428571428569
climatology,12,cloud_cover,31.714285714285715
climatology,12,wind_speed_100m,4.385714285714287
climatology,12,wind_speed_10m,2.807142857142857
climatology,12,surface_pressure,1.0928571428571558
climatology,12,precipitation,0.10714285714285714
climatology,24,temperature_2m,0.17142857142857082
climatology,24,relative_humidity_2m,5.0
climatology,24,cloud_cover,15.42857142857143
climatology,24,wind_speed_100m,5.042857142857143
climatology,24,wind_speed_10m,2.3928571428571432
climatology,24,surface_pressure,0.28571428571410706
climatology,24,precipitation,0.0
arima,1,temperature_2m,0.09267111601069011
arima,1,relative_humidity_2m,0.9989388218740203
arima,1,cloud_cover,1.2229199068720362
arima,1,wind_speed_100m,4.296130473104391
arima,1,wind_speed_10m,3.0230733743070446
arima,1,surface_pressure,0.3911254805952922
arima,1,precipitation,0.002972708513112652
arima,6,temperature_2m,2.7802339095076363
arima,6,relative_humidity_2m,0.03041542870171554
arima,6,cloud_cover,11.206592224168197
arima,6,wind_speed_100m,3.682505564542505
arima,6,wind_speed_10m,2.9783425452383625
arima,6,surface_pressure,2.3188319206650476
arima,6,precipitation,0.0017372665582137002
arima,12,shortwave_radiation,740.9166731941198
arima,12,direct_normal_irradiance,614.2140447407437
arima,12,diffuse_radiation,103.30425501715949
arima,12,temperature_2m,3.550949177299767
arima,12,relative_humidity_2m,26.96898126594077
arima,12,cloud_cover,16.752492407679377
arima,12,wind_speed_100m,5.496454007676704
arima,12,wind_speed_10m,4.322641028315137
arima,12,surface_pressure,3.9165851291337503
arima,12,precipitation,0.0017246374537950421
arima,24,temperature_2m,1.8699099735765543
arima,24,relative_humidity_2m,1.0310302473933888
arima,24,cloud_cover,21.295170769945457
arima,24,wind_speed_100m,6.300500151694734
arima,24,wind_speed_10m,2.8249211995335948
arima,24,surface_pressure,0.23332144234507268
arima,24,precipitation,0.0017247256635067184
persistence,1,temperature_2m,0.40000000000000036
persistence,1,relative_humidity_2m,3.0
persistence,1,cloud_cover,3.0
persistence,1,wind_speed_100m,0.1999999999999993
persistence,1,wind_speed_10m,0.7000000000000002
persistence,1,surface_pressure,0.40000000000009095
persistence,1,precipitation,0.0
persistence,6,shortwave_radiation,1.0
persistence,6,direct_normal_irradiance,17.700000000000045
persistence,6,diffuse_radiation,14.0
persistence,6,temperature_2m,0.1999999999999993
persistence,6,relative_humidity_2m,4.0
persistence,6,cloud_cover,14.0
persistence,6,wind_speed_100m,1.6000000000000014
persistence,6,wind_speed_10m,1.0999999999999996
persistence,6,surface_pressure,0.5
persistence,6,precipitation,0.0
persistence,12,shortwave_radiation,122.0
persistence,12,direct_normal_irradiance,329.8
persistence,12,diffuse_radiation,14.0
persistence,12,temperature_2m,0.9000000000000021
persistence,12,relative_humidity_2m,3.0
persistence,12,cloud_cover,44.0
persistence,12,wind_speed_100m,0.6999999999999993
persistence,12,wind_speed_10m,0.20000000000000018
persistence,12,surface_pressure,0.7999999999999545
persistence,12,precipitation,0.0
persistence,24,temperature_2m,0.3000000000000007
persistence,24,relative_humidity_2m,3.0
persistence,24,cloud_cover,32.0
persistence,24,wind_speed_100m,0.40000000000000036
persistence,24,wind_speed_10m,0.9000000000000004
persistence,24,surface_pressure,0.20000000000004547
persistence,24,precipitation,0.0
climatology,1,temperature_2m,0.2928571428571445
climatology,1,relative_humidity_2m,1.8571428571428612
climatology,1,cloud_cover,12.142857142857139
climatology,1,wind_speed_100m,3.264285714285715
climatology,1,wind_speed_10m,1.9857142857142858
climatology,1,surface_pressure,0.3642857142856428
climatology,1,precipitation,0.0
climatology,6,shortwave_radiation,61.428571428571445
climatology,6,direct_normal_irradiance,73.25714285714287
climatology,6,diffuse_radiation,0.3571428571428612
climatology,6,temperature_2m,1.1714285714285708
climatology,6,relative_humidity_2m,1.5714285714285694
climatology,6,cloud_cover,15.57142857142857
climatology,6,wind_speed_100m,2.4714285714285706
climatology,6,wind_speed_10m,1.5857142857142854
climatology,6,surface_pressure,0.5785714285714221
climatology,6,precipitation,0.09285714285714286
climatology,12,shortwave_radiation,64.64285714285717
climatology,12,direct_normal_irradiance,200.7928571428572
climatology,12,diffuse_radiation,16.14285714285714
climatology,12,temperature_2m,1.528571428571432
climatology,12,relative_humidity_2m,12.57142857142857
climatology,12,cloud_cover,15.142857142857139
climatology,12,wind_speed_100m,5.321428571428571
climatology,12,wind_speed_10m,2.8714285714285706
climatology,12,surface_pressure,0.650000000000091
climatology,12,precipitation,0.4642857142857143
climatology,24,temperature_2m,0.6071428571428559
climatology,24,relative_humidity_2m,5.571428571428569
climatology,24,cloud_cover,22.07142857142857
climatology,24,wind_speed_100m,0.9214285714285726
climatology,24,wind_speed_10m,0.12142857142857144
climatology,24,surface_pressure,0.621428571428396
climatology,24,precipitation,0.0
persistence,1,shortwave_radiation,23.0
persistence,1,direct_normal_irradiance,65.29999999999995
persistence,1,diffuse_radiation,37.0
persistence,1,temperature_2m,0.10000000000000142
persistence,1,relative_humidity_2m,2.0
persistence,1,cloud_cover,3.0
persistence,1,wind_speed_100m,9.299999999999999
persistence,1,wind_speed_10m,6.1
persistence,1,surface_pressure,0.900000000000091
persistence,1,precipitation,0.0
persistence,6,shortwave_radiation,98.0
persistence,6,direct_normal_irradiance,260.2
persistence,6,diffuse_radiation,10.0
persistence,6,temperature_2m,0.6999999999999993
persistence,6,relative_humidity_2m,2.0
persistence,6,cloud_cover,9.0
persistence,6,wind_speed_100m,4.0
persistence,6,wind_speed_10m,1.5
persistence,6,surface_pressure,0.39999999999997726
persistence,6,precipitation,0.0
persistence,12,temperature_2m,1.0
persistence,12,relative_humidity_2m,5.0
persistence,12,cloud_cover,17.0
persistence,12,wind_speed_100m,3.9000000000000004
persistence,12,wind_speed_10m,1.4
persistence,12,surface_pressure,0.39999999999997726
persistence,12,precipitation,0.0
persistence,24,shortwave_radiation,68.0
persistence,24,direct_normal_irradiance,126.39999999999998
persistence,24,diffuse_radiation,38.0
persistence,24,temperature_2m,0.1999999999999993
persistence,24,relative_humidity_2m,2.0
persistence,24,cloud_cover,46.0
persistence,24,wind_speed_100m,0.9999999999999998
persistence,24,wind_speed_10m,0.5
persistence,24,surface_pressure,1.0
persistence,24,precipitation,0.0
climatology,1,shortwave_radiation,56.285714285714334
climatology,1,direct_normal_irradiance,77.642857142857
climatology,1,diffuse_radiation,16.5
climatology,1,temperature_2m,1.1714285714285744
climatology,1,relative_humidity_2m,3.0714285714285694
climatology,1,cloud_cover,12.07142857142857
climatology,1,wind_speed_100m,4.114285714285714
climatology,1,wind_speed_10m,2.8857142857142857
climatology,1,surface_pressure,1.2785714285714675
climatology,1,precipitation,0.07142857142857142
climatology,6,shortwave_radiation,39.64285714285714
climatology,6,direct_normal_irradiance,76.97142857142853
climatology,6,diffuse_radiation,5.5
climatology,6,temperature_2m,0.514285714285716
climatology,6,relative_humidity_2m,7.857142857142861
climatology,6,cloud_cover,24.57142857142857
climatology,6,wind_speed_100m,0.9071428571428566
climatology,6,wind_speed_10m,1.1999999999999997
climatology,6,surface_pressure,1.0
climatology,6,precipitation,0.2285714285714286
climatology,12,temperature_2m,0.3714285714285701
climatology,12,relative_humidity_2m,6.285714285714292
climatology,12,cloud_cover,16.214285714285708
climatology,12,wind_speed_100m,5.699999999999998
climatology,12,wind_speed_10m,2.7142857142857144
climatology,12,surface_pressure,0.2642857142857338
climatology,12,precipitation,0.0
climatology,24,shortwave_radiation,98.42857142857144
climatology,24,direct_normal_irradiance,167.1857142857143
climatology,24,diffuse_radiation,42.35714285714286
climatology,24,temperature_2m,0.8428571428571381
climatology,24,relative_humidity_2m,2.2142857142857153
climatology,24,cloud_cover,38.357142857142854
climatology,24,wind_speed_100m,5.857142857142857
climatology,24,wind_speed_10m,3.214285714285715
climatology,24,surface_pressure,0.021428571428600662
climatology,24,precipitation,0.05714285714285715
persistence,1,temperature_2m,0.40000000000000036
persistence,1,relative_humidity_2m,13.0
persistence,1,cloud_cover,1.0
persistence,1,wind_speed_100m,1.2999999999999998
persistence,1,wind_speed_10m,1.7999999999999998
persistence,1,surface_pressure,1.1999999999999318
persistence,1,precipitation,0.1
persistence,6,temperature_2m,0.5999999999999996
persistence,6,relative_humidity_2m,1.0
persistence,6,cloud_cover,0.0
persistence,6,wind_speed_100m,5.6000000000000005
persistence,6,wind_speed_10m,2.1999999999999997
persistence,6,surface_pressure,0.10000000000002274
persistence,6,precipitation,0.0
persistence,12,temperature_2m,1.0999999999999996
persistence,12,relative_humidity_2m,4.0
persistence,12,cloud_cover,62.0
persistence,12,wind_speed_100m,1.6000000000000005
persistence,12,wind_speed_10m,0.5
persistence,12,surface_pressure,1.2999999999999545
persistence,12,precipitation,0.0
persistence,24,shortwave_radiation,116.0
persistence,24,direct_normal_irradiance,163.29999999999998
persistence,24,diffuse_radiation,48.0
persistence,24,temperature_2m,2.9999999999999982
persistence,24,relative_humidity_2m,42.0
persistence,24,cloud_cover,2.0
persistence,24,wind_speed_100m,6.300000000000001
persistence,24,wind_speed_10m,4.6
persistence,24,surface_pressure,0.39999999999997726
persistence,24,precipitation,2.3
climatology,1,temperature_2m,1.1999999999999975
climatology,1,relative_humidity_2m,20.0
climatology,1,cloud_cover,19.57142857142857
climatology,1,wind_speed_100m,0.2785714285714276
climatology,1,wind_speed_10m,0.1857142857142855
climatology,1,surface_pressure,0.12142857142850971
climatology,1,precipitation,0.18571428571428572
climatology,6,temperature_2m,0.18571428571428683
climatology,6,relative_humidity_2m,5.071428571428569
climatology,6,cloud_cover,13.5
climatology,6,wind_speed_100m,0.24285714285714377
climatology,6,wind_speed_10m,0.3999999999999999
climatology,6,surface_pressure,0.07142857142855519
climatology,6,precipitation,0.0
climatology,12,temperature_2m,0.38571428571428257
climatology,12,relative_humidity_2m,1.8571428571428612
climatology,12,cloud_cover,28.285714285714292
climatology,12,wind_speed_100m,0.05000000000000071
climatology,12,wind_speed_10m,0.6214285714285714
climatology,12,surface_pressure,0.3714285714285097
climatology,12,precipitation,0.0
climatology,24,shortwave_radiation,39.571428571428584
climatology,24,direct_normal_irradiance,133.7357142857143
climatology,24,diffuse_radiation,14.07142857142857
climatology,24,temperature_2m,0.9142857142857146
climatology,24,relative_humidity_2m,12.92857142857143
climatology,24,cloud_cover,16.785714285714292
climatology,24,wind_speed_100m,3.7714285714285722
climatology,24,wind_speed_10m,1.807142857142857
climatology,24,surface_pressure,0.25
climatology,24,precipitation,0.35000000000000003
arima,1,temperature_2m,0.48014345505180067
arima,1,relative_humidity_2m,3.895189874124796
arima,1,cloud_cover,2.372204699746632
arima,1,wind_speed_100m,1.8481886903385565
arima,1,wind_speed_10m,1.5216211031971627
arima,1,surface_pressure,0.117097707942321
arima,1,precipitation,0.9031248444427513
arima,6,temperature_2m,0.8098820570166136
arima,6,relative_humidity_2m,17.53782446885012
arima,6,cloud_cover,6.1425107990121575
arima,6,wind_speed_100m,1.929970699736165
arima,6,wind_speed_10m,0.30767409411997315
arima,6,surface_pressure,1.7886077979362653
arima,6,precipitation,0.755473783928249
arima,12,temperature_2m,3.6640122152985306
arima,12,relative_humidity_2m,23.61015179207469
arima,12,cloud_cover,6.7550992616559995
arima,12,wind_speed_100m,0.019207095059497803
arima,12,wind_speed_10m,1.3241066772261663
arima,12,surface_pressure,0.7069029039622592
arima,12,precipitation,0.7554006483978226
arima,24,shortwave_radiation,118.43703804953924
arima,24,direct_normal_irradiance,159.63635459130273
arima,24,diffuse_radiation,120.24190865287514
arima,24,temperature_2m,3.1150722094139827
arima,24,relative_humidity_2m,47.61110907687984
arima,24,cloud_cover,5.811247170985624
arima,24,wind_speed_100m,0.7311829452534253
arima,24,wind_speed_10m,0.5870009344922877
arima,24,surface_pressure,0.38622870219342076
arima,24,precipitation,0.7554007173309192
persistence,1,temperature_2m,1.3999999999999986
persistence,1,relative_humidity_2m,0.0
persistence,1,cloud_cover,2.0
persistence,1,wind_speed_100m,0.5999999999999996
persistence,1,wind_speed_10m,0.5
persistence,1,surface_pressure,1.099999999999909
persistence,1,precipitation,0.0
persistence,6,temperature_2m,0.3000000000000007
persistence,6,relative_humidity_2m,1.0
persistence,6,cloud_cover,1.0
persistence,6,wind_speed_100m,2.6000000000000005
persistence,6,wind_speed_10m,1.0999999999999999
persistence,6,surface_pressure,0.09999999999990905
persistence,6,precipitation,0.0
persistence,12,shortwave_radiation,35.0
persistence,12,direct_normal_irradiance,140.10000000000002
persistence,12,diffuse_radiation,82.0
persistence,12,temperature_2m,0.5
persistence,12,relative_humidity_2m,0.0
persistence,12,cloud_cover,54.0
persistence,12,wind_speed_100m,4.6
persistence,12,wind_speed_10m,3.0
persistence,12,surface_pressure,0.10000000000002274
persistence,12,precipitation,0.0
persistence,24,temperature_2m,0.09999999999999964
persistence,24,relative_humidity_2m,3.0
persistence,24,cloud_cover,24.0
persistence,24,wind_speed_100m,6.000000000000001
persistence,24,wind_speed_10m,2.1
persistence,24,surface_pressure,0.8000000000000682
persistence,24,precipitation,0.0
climatology,1,temperature_2m,1.0928571428571399
climatology,1,relative_humidity_2m,1.3571428571428612
climatology,1,cloud_cover,11.0
climatology,1,wind_speed_100m,0.9499999999999993
climatology,1,wind_speed_10m,0.09285714285714297
climatology,1,surface_pressure,0.9285714285713311
climatology,1,precipitation,0.0071428571428571435
climatology,6,temperature_2m,0.5999999999999996
climatology,6,relative_humidity_2m,1.0714285714285694
climatology,6,cloud_cover,23.0
climatology,6,wind_speed_100m,2.0428571428571427
climatology,6,wind_speed_10m,1.3714285714285708
climatology,6,surface_pressure,0.22142857142864614
climatology,6,precipitation,0.0
climatology,12,shortwave_radiation,8.85714285714289
climatology,12,direct_normal_irradiance,40.91428571428571
climatology,12,diffuse_radiation,41.928571428571416
climatology,12,temperature_2m,0.04285714285714448
climatology,12,relative_humidity_2m,4.285714285714285
climatology,12,cloud_cover,36.857142857142854
climatology,12,wind_speed_100m,1.6357142857142861
climatology,12,wind_speed_10m,1.2714285714285722
climatology,12,surface_pressure,0.11428571428575651
climatology,12,precipitation,0.049999999999999996
climatology,24,temperature_2m,0.928571428571427
climatology,24,relative_humidity_2m,0.0714285714285694
climatology,24,cloud_cover,11.142857142857139
climatology,24,wind_speed_100m,4.614285714285714
climatology,24,wind_speed_10m,1.657142857142857
climatology,24,surface_pressure,0.014285714285506401
climatology,24,precipitation,0.0
persistence,1,temperature_2m,0.09999999999999964
persistence,1,relative_humidity_2m,21.0
persistence,1,cloud_cover,3.0
persistence,1,wind_speed_100m,1.8000000000000003
persistence,1,wind_speed_10m,0.0
persistence,1,surface_pressure,1.1000000000000227
persistence,1,precipitation,0.6
persistence,6,shortwave_radiation,385.0
persistence,6,direct_normal_irradiance,477.6
persistence,6,diffuse_radiation,15.0
persistence,6,temperature_2m,3.0
persistence,6,relative_humidity_2m,13.0
persistence,6,cloud_cover,11.0
persistence,6,wind_speed_100m,3.5999999999999996
persistence,6,wind_speed_10m,2.5000000000000004
persistence,6,surface_pressure,0.10000000000002274
persistence,6,precipitation,0.0
persistence,12,shortwave_radiation,55.0
persistence,12,direct_normal_irradiance,251.1
persistence,12,diffuse_radiation,50.0
persistence,12,temperature_2m,0.9000000000000004
persistence,12,relative_humidity_2m,21.0
persistence,12,cloud_cover,1.0
persistence,12,wind_speed_100m,0.5999999999999999
persistence,12,wind_speed_10m,1.1
persistence,12,surface_pressure,1.1000000000000227
persistence,12,precipitation,0.0
persistence,24,temperature_2m,2.1999999999999993
persistence,24,relative_humidity_2m,12.0
persistence,24,cloud_cover,26.0
persistence,24,wind_speed_100m,0.5
persistence,24,wind_speed_10m,0.5
persistence,24,surface_pressure,0.8999999999999773
persistence,24,precipitation,0.4
climatology,1,temperature_2m,0.09999999999999964
climatology,1,relative_humidity_2m,19.214285714285708
climatology,1,cloud_cover,21.785714285714292
climatology,1,wind_speed_100m,3.6357142857142857
climatology,1,wind_speed_10m,1.2285714285714293
climatology,1,surface_pressure,1.1214285714286234
climatology,1,precipitation,0.6
climatology,6,shortwave_radiation,371.92857142857144
climatology,6,direct_normal_irradiance,503.32142857142856
climatology,6,diffuse_radiation,48.571428571428584
climatology,6,temperature_2m,2.942857142857143
climatology,6,relative_humidity_2m,8.857142857142854
climatology,6,cloud_cover,21.5
climatology,6,wind_speed_100m,1.4571428571428555
climatology,6,wind_speed_10m,0.9142857142857141
climatology,6,surface_pressure,2.2737367544323206e-13
climatology,6,precipitation,0.04285714285714286
climatology,12,shortwave_radiation,7.0
climatology,12,direct_normal_irradiance,66.10714285714283
climatology,12,diffuse_radiation,22.35714285714286
climatology,12,temperature_2m,0.9285714285714288
climatology,12,relative_humidity_2m,4.714285714285708
climatology,12,cloud_cover,10.714285714285708
climatology,12,wind_speed_100m,3.3714285714285723
climatology,12,wind_speed_10m,2.3642857142857148
climatology,12,surface_pressure,0.5357142857143344
climatology,12,precipitation,0.35000000000000003
climatology,24,temperature_2m,1.985714285714284
climatology,24,relative_humidity_2m,0.8571428571428612
climatology,24,cloud_cover,3.785714285714292
climatology,24,wind_speed_100m,2.007142857142857
climatology,24,wind_speed_10m,0.5428571428571427
climatology,24,surface_pressure,0.12142857142850971
climatology,24,precipitation,0.028571428571428574
persistence,1,shortwave_radiation,338.0
persistence,1,direct_normal_irradiance,480.9
persistence,1,diffuse_radiation,103.0
persistence,1,temperature_2m,2.6000000000000014
persistence,1,relative_humidity_2m,13.0
persistence,1,cloud_cover,45.0
persistence,1,wind_speed_100m,2.8000000000000007
persistence,1,wind_speed_10m,1.5999999999999996
persistence,1,surface_pressure,0.5
persistence,1,precipitation,0.0
persistence,6,shortwave_radiation,29.0
persistence,6,direct_normal_irradiance,56.60000000000002
persistence,6,diffuse_radiation,5.0
persistence,6,temperature_2m,0.09999999999999964
persistence,6,relative_humidity_2m,13.0
persistence,6,cloud_cover,11.0
persistence,6,wind_speed_100m,1.6999999999999997
persistence,6,wind_speed_10m,1.7999999999999998
persistence,6,surface_pressure,0.5
persistence,6,precipitation,0.1
persistence,12,temperature_2m,0.9000000000000004
persistence,12,relative_humidity_2m,7.0
persistence,12,cloud_cover,13.0
persistence,12,wind_speed_100m,1.7000000000000002
persistence,12,wind_speed_10m,0.20000000000000018
persistence,12,surface_pressure,0.0
persistence,12,precipitation,0.0
persistence,24,shortwave_radiation,36.0
persistence,24,direct_normal_irradiance,39.799999999999955
persistence,24,diffuse_radiation,69.0
persistence,24,temperature_2m,1.0
persistence,24,relative_humidity_2m,5.0
persistence,24,cloud_cover,23.0
persistence,24,wind_speed_100m,6.1000000000000005
persistence,24,wind_speed_10m,3.6
persistence,24,surface_pressure,0.599999999999909
persistence,24,precipitation,0.0
climatology,1,shortwave_radiation,105.28571428571433
climatology,1,direct_normal_irradiance,215.2285714285715
climatology,1,diffuse_radiation,94.42857142857142
climatology,1,temperature_2m,0.24285714285714377
climatology,1,relative_humidity_2m,5.642857142857146
climatology,1,cloud_cover,29.285714285714292
climatology,1,wind_speed_100m,2.6071428571428568
climatology,1,wind_speed_10m,1.75
climatology,1,surface_pressure,0.6428571428572241
climatology,1,precipitation,0.021428571428571408
climatology,6,shortwave_radiation,34.428571428571416
climatology,6,direct_normal_irradiance,117.04285714285714
climatology,6,diffuse_radiation,16.35714285714286
climatology,6,temperature_2m,0.8999999999999986
climatology,6,relative_humidity_2m,7.785714285714292
climatology,6,cloud_cover,2.785714285714292
climatology,6,wind_speed_100m,1.1928571428571435
climatology,6,wind_speed_10m,0.2357142857142862
climatology,6,surface_pressure,0.04285714285708764
climatology,6,precipitation,0.25
climatology,12,temperature_2m,0.2857142857142865
climatology,12,relative_humidity_2m,1.2142857142857082
climatology,12,cloud_cover,2.214285714285708
climatology,12,wind_speed_100m,0.11428571428571477
climatology,12,wind_speed_10m,0.25
climatology,12,surface_pressure,0.8500000000000227
climatology,12,precipitation,0.0
climatology,24,shortwave_radiation,76.14285714285711
climatology,24,direct_normal_irradiance,39.071428571428555
climatology,24,diffuse_radiation,41.71428571428572
climatology,24,temperature_2m,1.1000000000000014
climatology,24,relative_humidity_2m,8.714285714285715
climatology,24,cloud_cover,20.57142857142857
climatology,24,wind_speed_100m,5.514285714285715
climatology,24,wind_speed_10m,3.1500000000000004
climatology,24,surface_pressure,0.042857142857201325
climatology,24,precipitation,0.03571428571428571
arima,1,shortwave_radiation,92.96707701254968
arima,1,diffuse_radiation,70.93220109966003
arima,1,temperature_2m,0.404841179650024
arima,1,relative_humidity_2m,5.7485699928297365
arima,1,cloud_cover,27.719332457235453
arima,1,wind_speed_100m,3.6574148149747394
arima,1,wind_speed_10m,2.9931106721844594
arima,1,surface_pressure,0.09123476272952757
arima,1,precipitation,0.0689792408188407
arima,6,shortwave_radiation,242.688173472215
arima,6,diffuse_radiation,150.1458111733773
arima,6,temperature_2m,1.6399951706923446
arima,6,relative_humidity_2m,6.558311382836024
arima,6,cloud_cover,1.3670376253704575
arima,6,wind_speed_100m,2.939495084573708
arima,6,wind_speed_10m,1.1989377928483553
arima,6,surface_pressure,0.9767466134678671
arima,6,precipitation,0.05512783664126367
arima,12,temperature_2m,4.401177689146861
arima,12,relative_humidity_2m,2.6077813047642024
arima,12,cloud_cover,0.6565836392726538
arima,12,wind_speed_100m,1.04156615233427
arima,12,wind_speed_10m,0.8978767742319165
arima,12,surface_pressure,2.594603187351481
arima,12,precipitation,0.04496488984768869
arima,24,shortwave_radiation,158.475591030278
arima,24,diffuse_radiation,11.813832453414136
arima,24,temperature_2m,2.513956150036453
arima,24,relative_humidity_2m,26.535277201989118
arima,24,cloud_cover,40.71355888190655
arima,24,wind_speed_100m,6.142640448610529
arima,24,wind_speed_10m,3.6042417034937944
arima,24,surface_pressure,0.5891641966034058
arima,24,precipitation,0.045023360048528575
persistence,1,shortwave_radiation,25.0
persistence,1,direct_normal_irradiance,167.3
persistence,1,diffuse_radiation,7.0
persistence,1,temperature_2m,2.5000000000000018
persistence,1,relative_humidity_2m,24.0
persistence,1,cloud_cover,38.0
persistence,1,wind_speed_100m,4.699999999999999
persistence,1,wind_speed_10m,0.19999999999999973
persistence,1,surface_pressure,0.5
persistence,1,precipitation,0.0
persistence,6,temperature_2m,1.4000000000000004
persistence,6,relative_humidity_2m,3.0
persistence,6,cloud_cover,41.0
persistence,6,wind_speed_100m,0.20000000000000018
persistence,6,wind_speed_10m,0.0
persistence,6,surface_pressure,1.6000000000000227
persistence,6,precipitation,0.0
persistence,12,temperature_2m,1.200000000000001
persistence,12,relative_humidity_2m,5.0
persistence,12,cloud_cover,32.0
persistence,12,wind_speed_100m,2.9000000000000004
persistence,12,wind_speed_10m,1.7000000000000002
persistence,12,surface_pressure,0.1999999999999318
persistence,12,precipitation,0.0
persistence,24,shortwave_radiation,43.0
persistence,24,direct_normal_irradiance,130.00000000000006
persistence,24,diffuse_radiation,12.0
persistence,24,temperature_2m,0.1999999999999993
persistence,24,relative_humidity_2m,4.0
persistence,24,cloud_cover,7.0
persistence,24,wind_speed_100m,0.40000000000000036
persistence,24,wind_speed_10m,0.5
persistence,24,surface_pressure,0.10000000000002274
persistence,24,precipitation,0.0
climatology,1,shortwave_radiation,38.57142857142857
climatology,1,direct_normal_irradiance,193.35
climatology,1,diffuse_radiation,0.7857142857142847
climatology,1,temperature_2m,1.9428571428571448
climatology,1,relative_humidity_2m,14.785714285714292
climatology,1,cloud_cover,48.21428571428571
climatology,1,wind_speed_100m,3.971428571428571
climatology,1,wind_speed_10m,0.43571428571428594
climatology,1,surface_pressure,0.3357142857141753
climatology,1,precipitation,0.028571428571428574
climatology,6,temperature_2m,1.0928571428571434
climatology,6,relative_humidity_2m,1.3571428571428612
climatology,6,cloud_cover,42.57142857142857
climatology,6,wind_speed_100m,0.10714285714285676
climatology,6,wind_speed_10m,0.2785714285714289
climatology,6,surface_pressure,0.8285714285715358
climatology,6,precipitation,0.0
climatology,12,temperature_2m,0.17857142857142883
climatology,12,relative_humidity_2m,1.6428571428571388
climatology,12,cloud_cover,12.142857142857139
climatology,12,wind_speed_100m,0.35000000000000053
climatology,12,wind_speed_10m,0.6142857142857148
climatology,12,surface_pressure,0.521428571428487
climatology,12,precipitation,0.028571428571428574
climatology,24,shortwave_radiation,107.85714285714286
climatology,24,direct_normal_irradiance,288.08571428571435
climatology,24,diffuse_radiation,14.92857142857143
climatology,24,temperature_2m,2.3142857142857096
climatology,24,relative_humidity_2m,15.42857142857143
climatology,24,cloud_cover,34.64285714285714
climatology,24,wind_speed_100m,6.485714285714286
climatology,24,wind_speed_10m,3.8500000000000005
climatology,24,surface_pressure,0.1285714285714903
climatology,24,precipitation,0.35714285714285715
persistence,1,temperature_2m,0.6999999999999993
persistence,1,relative_humidity_2m,2.0
persistence,1,cloud_cover,3.0
persistence,1,wind_speed_100m,0.7000000000000011
persistence,1,wind_speed_10m,0.5
persistence,1,surface_pressure,0.09999999999990905
persistence,1,precipitation,0.0
persistence,6,temperature_2m,0.29999999999999893
persistence,6,relative_humidity_2m,1.0
persistence,6,cloud_cover,10.0
persistence,6,wind_speed_100m,0.0
persistence,6,wind_speed_10m,0.0
persistence,6,surface_pressure,0.10000000000002274
persistence,6,precipitation,0.0
persistence,12,shortwave_radiation,21.0
persistence,12,direct_normal_irradiance,74.5
persistence,12,diffuse_radiation,42.0
persistence,12,temperature_2m,0.3999999999999986
persistence,12,relative_humidity_2m,3.0
persistence,12,cloud_cover,14.0
persistence,12,wind_speed_100m,3.0999999999999996
persistence,12,wind_speed_10m,2.0
persistence,12,surface_pressure,0.10000000000002274
persistence,12,precipitation,0.0
persistence,24,temperature_2m,1.0999999999999996
persistence,24,relative_humidity_2m,10.0
persistence,24,cloud_cover,36.0
persistence,24,wind_speed_100m,4.699999999999999
persistence,24,wind_speed_10m,1.2000000000000002
persistence,24,surface_pressure,1.0
persistence,24,precipitation,0.0
climatology,1,temperature_2m,0.18571428571428683
climatology,1,relative_humidity_2m,2.0
climatology,1,cloud_cover,20.85714285714286
climatology,1,wind_speed_100m,0.3357142857142854
climatology,1,wind_speed_10m,0.3214285714285712
climatology,1,surface_pressure,0.40714285714295784
climatology,1,precipitation,0.0
climatology,6,temperature_2m,0.5214285714285705
climatology,6,relative_humidity_2m,2.642857142857139
climatology,6,cloud_cover,0.4285714285714306
climatology,6,wind_speed_100m,0.48571428571428577
climatology,6,wind_speed_10m,0.657142857142857
climatology,6,surface_pressure,0.457142857142685
climatology,6,precipitation,0.028571428571428574
climatology,12,shortwave_radiation,62.214285714285666
climatology,12,direct_normal_irradiance,91.64285714285711
climatology,12,diffuse_radiation,16.785714285714278
climatology,12,temperature_2m,1.3428571428571452
climatology,12,relative_humidity_2m,5.857142857142854
climatology,12,cloud_cover,13.0
climatology,12,wind_speed_100m,5.042857142857142
climatology,12,wind_speed_10m,3.0428571428571427
climatology,12,surface_pressure,0.3642857142857565
climatology,12,precipitation,0.03571428571428571
climatology,24,temperature_2m,0.9714285714285715
climatology,24,relative_humidity_2m,7.5
climatology,24,cloud_cover,8.0
climatology,24,wind_speed_100m,1.3357142857142845
climatology,24,wind_speed_10m,0.17142857142857215
climatology,24,surface_pressure,0.16428571428559735
climatology,24,precipitation,0.0
persistence,1,temperature_2m,1.0
persistence,1,relative_humidity_2m,3.0
persistence,1,cloud_cover,7.0
persistence,1,wind_speed_100m,1.4000000000000004
persistence,1,wind_speed_10m,1.9000000000000004
persistence,1,surface_pressure,1.0
persistence,1,precipitation,0.0
persistence,6,shortwave_radiation,34.0
persistence,6,direct_normal_irradiance,30.399999999999977
persistence,6,diffuse_radiation,8.0
persistence,6,temperature_2m,1.1000000000000014
persistence,6,relative_humidity_2m,4.0
persistence,6,cloud_cover,46.0
persistence,6,wind_speed_100m,2.9000000000000004
persistence,6,wind_speed_10m,2.3000000000000007
persistence,6,surface_pressure,0.6000000000000227
persistence,6,precipitation,0.2
persistence,12,shortwave_radiation,4.0
persistence,12,direct_normal_irradiance,6.399999999999977
persistence,12,diffuse_radiation,1.0
persistence,12,temperature_2m,0.5
persistence,12,relative_humidity_2m,5.0
persistence,12,cloud_cover,7.0
persistence,12,wind_speed_100m,3.5
persistence,12,wind_speed_10m,2.4000000000000004
persistence,12,surface_pressure,0.3000000000000682
persistence,12,precipitation,0.1
persistence,24,temperature_2m,1.1000000000000014
persistence,24,relative_humidity_2m,6.0
persistence,24,cloud_cover,2.0
persistence,24,wind_speed_100m,1.8000000000000007
persistence,24,wind_speed_10m,1.9999999999999996
persistence,24,surface_pressure,0.09999999999990905
persistence,24,precipitation,0.0
climatology,1,temperature_2m,1.6642857142857164
climatology,1,relative_humidity_2m,4.857142857142861
climatology,1,cloud_cover,22.92857142857143
climatology,1,wind_speed_100m,2.371428571428571
climatology,1,wind_speed_10m,2.150000000000001
climatology,1,surface_pressure,0.41428571428571104
climatology,1,precipitation,0.04285714285714286
climatology,6,shortwave_radiation,75.92857142857144
climatology,6,direct_normal_irradiance,99.41428571428571
climatology,6,diffuse_radiation,9.928571428571416
climatology,6,temperature_2m,0.007142857142856229
climatology,6,relative_humidity_2m,0.5
climatology,6,cloud_cover,32.785714285714285
climatology,6,wind_speed_100m,7.357142857142857
climatology,6,wind_speed_10m,4.928571428571429
climatology,6,surface_pressure,0.12142857142850971
climatology,6,precipitation,0.17857142857142858
climatology,12,shortwave_radiation,34.14285714285714
climatology,12,direct_normal_irradiance,82.00714285714287
climatology,12,diffuse_radiation,2.357142857142861
climatology,12,temperature_2m,1.37142857142857
climatology,12,relative_humidity_2m,17.07142857142857
climatology,12,cloud_cover,4.214285714285708
climatology,12,wind_speed_100m,6.464285714285714
climatology,12,wind_speed_10m,3.85
climatology,12,surface_pressure,0.3071428571428214
climatology,12,precipitation,0.3571428571428571
climatology,24,temperature_2m,0.5
climatology,24,relative_humidity_2m,1.0
climatology,24,cloud_cover,28.42857142857143
climatology,24,wind_speed_100m,0.057142857142858716
climatology,24,wind_speed_10m,0.9499999999999997
climatology,24,surface_pressure,0.04285714285708764
climatology,24,precipitation,0.028571428571428574
arima,1,temperature_2m,0.3904881641752258
arima,1,relative_humidity_2m,3.5390628877363923
arima,1,cloud_cover,5.045816979975612
arima,1,wind_speed_100m,0.07598414756962946
arima,1,wind_speed_10m,0.8511977948515863
arima,1,surface_pressure,0.23053922893780054
arima,1,precipitation,0.03054270255134101
arima,6,shortwave_radiation,746.8502223655408
arima,6,direct_normal_irradiance,207.22173848633093
arima,6,diffuse_radiation,218.00609579142423
arima,6,temperature_2m,3.11600314116712
arima,6,relative_humidity_2m,14.823499347496266
arima,6,cloud_cover,13.253420052217734
arima,6,wind_speed_100m,6.964107559333462
arima,6,wind_speed_10m,5.849118556548332
arima,6,surface_pressure,2.2920248244267896
arima,6,precipitation,0.15470288213448255
arima,12,shortwave_radiation,282.43092983628935
arima,12,direct_normal_irradiance,43.85466840539095
arima,12,diffuse_radiation,115.00610424573613
arima,12,temperature_2m,2.305670464318837
arima,12,relative_humidity_2m,20.42626244169037
arima,12,cloud_cover,2.966585209414916
arima,12,wind_speed_100m,3.9711108557979475
arima,12,wind_speed_10m,3.5797437773155836
arima,12,surface_pressure,0.0006249445452795044
arima,12,precipitation,0.04541353428801731
arima,24,temperature_2m,2.207329476315861
arima,24,relative_humidity_2m,11.514363403417079
arima,24,cloud_cover,19.072427082701935
arima,24,wind_speed_100m,1.4289096573350015
arima,24,wind_speed_10m,1.792994854572325
arima,24,surface_pressure,2.111041434976073
arima,24,precipitation,0.04547559097903025
persistence,1,shortwave_radiation,43.0
persistence,1,direct_normal_irradiance,69.09999999999997
persistence,1,diffuse_radiation,107.0
persistence,1,temperature_2m,0.5999999999999979
persistence,1,relative_humidity_2m,4.0
persistence,1,cloud_cover,38.0
persistence,1,wind_speed_100m,11.3
persistence,1,wind_speed_10m,7.499999999999999
persistence,1,surface_pressure,0.10000000000002274
persistence,1,precipitation,0.2
persistence,6,shortwave_radiation,38.0
persistence,6,direct_normal_irradiance,97.69999999999999
persistence,6,diffuse_radiation,3.0
persistence,6,temperature_2m,2.9000000000000004
persistence,6,relative_humidity_2m,32.0
persistence,6,cloud_cover,16.0
persistence,6,wind_speed_100m,8.9
persistence,6,wind_speed_10m,4.8
persistence,6,surface_pressure,1.0
persistence,6,precipitation,0.0
persistence,12,temperature_2m,1.5
persistence,12,relative_humidity_2m,7.0
persistence,12,cloud_cover,3.0
persistence,12,wind_speed_100m,1.9000000000000004
persistence,12,wind_speed_10m,0.20000000000000018
persistence,12,surface_pressure,1.3999999999999773
persistence,12,precipitation,0.0
persistence,24,shortwave_radiation,411.0
persistence,24,direct_normal_irradiance,586.7
persistence,24,diffuse_radiation,83.0
persistence,24,temperature_2m,5.100000000000001
persistence,24,relative_humidity_2m,40.0
persistence,24,cloud_cover,42.0
persistence,24,wind_speed_100m,3.1
persistence,24,wind_speed_10m,1.1999999999999997
persistence,24,surface_pressure,2.0
persistence,24,precipitation,0.30000000000000004
climatology,1,shortwave_radiation,99.14285714285711
climatology,1,direct_normal_irradiance,99.69285714285729
climatology,1,diffuse_radiation,11.0
climatology,1,temperature_2m,0.9928571428571402
climatology,1,relative_humidity_2m,2.2142857142857153
climatology,1,cloud_cover,10.285714285714292
climatology,1,wind_speed_100m,5.707142857142857
climatology,1,wind_speed_10m,3.435714285714286
climatology,1,surface_pressure,0.28571428571433444
climatology,1,precipitation,0.14285714285714288
climatology,6,shortwave_radiation,9.857142857142833
climatology,6,direct_normal_irradiance,31.757142857142867
climatology,6,diffuse_radiation,1.5714285714285694
climatology,6,temperature_2m,1.8357142857142872
climatology,6,relative_humidity_2m,18.42857142857143
climatology,6,cloud_cover,12.785714285714292
climatology,6,wind_speed_100m,3.1357142857142857
climatology,6,wind_speed_10m,1.3214285714285712
climatology,6,surface_pressure,0.7642857142858475
climatology,6,precipitation,0.17857142857142858
climatology,12,temperature_2m,1.0214285714285722
climatology,12,relative_humidity_2m,6.5
climatology,12,cloud_cover,14.285714285714292
climatology,12,wind_speed_100m,0.8071428571428578
climatology,12,wind_speed_10m,0.014285714285713791
climatology,12,surface_pressure,1.400000000000091
climatology,12,precipitation,0.0
climatology,24,shortwave_radiation,383.92857142857144
climatology,24,direct_normal_irradiance,512.4785714285714
climatology,24,diffuse_radiation,45.28571428571428
climatology,24,temperature_2m,4.635714285714283
climatology,24,relative_humidity_2m,35.57142857142857
climatology,24,cloud_cover,35.642857142857146
climatology,24,wind_speed_100m,5.371428571428572
climatology,24,wind_speed_10m,2.514285714285714
climatology,24,surface_pressure,1.5928571428571558
climatology,24,precipitation,0.05714285714285714
persistence,1,shortwave_radiation,56.0
persistence,1,direct_normal_irradiance,181.8
persistence,1,diffuse_radiation,21.0
persistence,1,temperature_2m,1.3000000000000007
persistence,1,relative_humidity_2m,7.0
persistence,1,cloud_cover,4.0
persistence,1,wind_speed_100m,3.1
persistence,1,wind_speed_10m,1.9
persistence,1,surface_pressure,0.1999999999999318
persistence,1,precipitation,0.6
persistence,6,temperature_2m,0.09999999999999964
persistence,6,relative_humidity_2m,12.0
persistence,6,cloud_cover,4.0
persistence,6,wind_speed_100m,5.3
persistence,6,wind_speed_10m,2.8
persistence,6,surface_pressure,1.2999999999999545
persistence,6,precipitation,0.0
persistence,12,temperature_2m,2.1999999999999993
persistence,12,relative_humidity_2m,20.0
persistence,12,cloud_cover,54.0
persistence,12,wind_speed_100m,1.8000000000000003
persistence,12,wind_speed_10m,0.8
persistence,12,surface_pressure,0.7999999999999545
persistence,12,precipitation,0.1
persistence,24,shortwave_radiation,41.0
persistence,24,direct_normal_irradiance,16.19999999999999
persistence,24,diffuse_radiation,34.0
persistence,24,temperature_2m,0.09999999999999964
persistence,24,relative_humidity_2m,1.0
persistence,24,cloud_cover,0.0
persistence,24,wind_speed_100m,1.7000000000000002
persistence,24,wind_speed_10m,1.1999999999999997
persistence,24,surface_pressure,0.10000000000002274
persistence,24,precipitation,0.8999999999999999
climatology,1,shortwave_radiation,33.14285714285714
climatology,1,direct_normal_irradiance,162.8642857142857
climatology,1,diffuse_radiation,2.5714285714285694
climatology,1,temperature_2m,2.7785714285714285
climatology,1,relative_humidity_2m,22.714285714285708
climatology,1,cloud_cover,21.214285714285708
climatology,1,wind_speed_100m,0.6571428571428575
climatology,1,wind_speed_10m,1.657142857142857
climatology,1,surface_pressure,0.7714285714283733
climatology,1,precipitation,0.5785714285714285
climatology,6,temperature_2m,1.0357142857142847
climatology,6,relative_humidity_2m,19.14285714285714
climatology,6,cloud_cover,18.5
climatology,6,wind_speed_100m,6.449999999999999
climatology,6,wind_speed_10m,2.9785714285714278
climatology,6,surface_pressure,0.11428571428552914
climatology,6,precipitation,0.0
climatology,12,temperature_2m,2.349999999999998
climatology,12,relative_humidity_2m,19.14285714285714
climatology,12,cloud_cover,33.5
climatology,12,wind_speed_100m,4.807142857142857
climatology,12,wind_speed_10m,2.242857142857143
climatology,12,surface_pressure,0.9214285714285779
climatology,12,precipitation,0.07142857142857142
climatology,24,shortwave_radiation,23.571428571428584
climatology,24,direct_normal_irradiance,139.67142857142855
climatology,24,diffuse_radiation,34.0
climatology,24,temperature_2m,3.557142857142857
climatology,24,relative_humidity_2m,31.14285714285714
climatology,24,cloud_cover,15.142857142857139
climatology,24,wind_speed_100m,1.0357142857142856
climatology,24,wind_speed_10m,0.14999999999999947
climatology,24,surface_pressure,1.2000000000001592
climatology,24,precipitation,1.65
persistence,1,temperature_2m,0.09999999999999964
persistence,1,relative_humidity_2m,0.0
persistence,1,cloud_cover,2.0
persistence,1,wind_speed_100m,0.8
persistence,1,wind_speed_10m,2.6
persistence,1,surface_pressure,1.2000000000000455
persistence,1,precipitation,0.0
persistence,6,temperature_2m,0.09999999999999964
persistence,6,relative_humidity_2m,5.0
persistence,6,cloud_cover,20.0
persistence,6,wind_speed_100m,0.19999999999999996
persistence,6,wind_speed_10m,1.9999999999999998
persistence,6,surface_pressure,1.6000000000000227
persistence,6,precipitation,0.1
persistence,12,shortwave_radiation,112.0
persistence,12,direct_normal_irradiance,276.4
persistence,12,diffuse_radiation,122.0
persistence,12,temperature_2m,3.6000000000000014
persistence,12,relative_humidity_2m,33.0
persistence,12,cloud_cover,40.0
persistence,12,wind_speed_100m,0.6000000000000005
persistence,12,wind_speed_10m,0.7000000000000002
persistence,12,surface_pressure,0.10000000000002274
persistence,12,precipitation,0.4
persistence,24,temperature_2m,1.0999999999999996
persistence,24,relative_humidity_2m,23.0
persistence,24,cloud_cover,82.0
persistence,24,wind_speed_100m,1.6999999999999997
persistence,24,wind_speed_10m,0.8999999999999999
persistence,24,surface_pressure,0.8999999999999773
persistence,24,precipitation,0.0
climatology,1,temperature_2m,1.4071428571428584
climatology,1,relative_humidity_2m,18.64285714285714
climatology,1,cloud_cover,8.42857142857143
climatology,1,wind_speed_100m,4.642857142857143
climatology,1,wind_speed_10m,0.0071428571428571175
climatology,1,surface_pressure,1.300000000000182
climatology,1,precipitation,0.0
climatology,6,temperature_2m,2.0857142857142854
climatology,6,relative_humidity_2m,12.5
climatology,6,cloud_cover,52.35714285714286
climatology,6,wind_speed_100m,4.421428571428572
climatology,6,wind_speed_10m,0.14285714285714235
climatology,6,surface_pressure,2.400000000000091
climatology,6,precipitation,0.03571428571428571
climatology,12,shortwave_radiation,195.1428571428571
climatology,12,direct_normal_irradiance,379.3928571428572
climatology,12,diffuse_radiation,128.14285714285714
climatology,12,temperature_2m,1.028571428571432
climatology,12,relative_humidity_2m,6.571428571428569
climatology,12,cloud_cover,13.5
climatology,12,wind_speed_100m,0.11428571428571388
climatology,12,wind_speed_10m,0.34999999999999964
climatology,12,surface_pressure,0.7071428571427987
climatology,12,precipitation,0.07857142857142858
climatology,24,temperature_2m,0.20000000000000107
climatology,24,relative_humidity_2m,7.214285714285708
climatology,24,cloud_cover,71.21428571428571
climatology,24,wind_speed_100m,1.6714285714285717
climatology,24,wind_speed_10m,0.6500000000000004
climatology,24,surface_pressure,1.7285714285713993
climatology,24,precipitation,0.0
arima,1,temperature_2m,0.24249346834313457
arima,1,relative_humidity_2m,0.768400566741235
arima,1,cloud_cover,1.0787811898594555
arima,1,wind_speed_100m,0.5509176877296806
arima,1,wind_speed_10m,0.43436571293809
arima,1,surface_pressure,0.5673586976049592
arima,1,precipitation,0.0005214404459869839
arima,6,temperature_2m,0.6316233553857735
arima,6,relative_humidity_2m,11.047940999215868
arima,6,cloud_cover,69.55470070238115
arima,6,wind_speed_100m,3.2134013175810887
arima,6,wind_speed_10m,1.2505258745071588
arima,6,surface_pressure,4.5844676651148575
arima,6,precipitation,0.003326424695646612
arima,12,shortwave_radiation,887.1198564946968
arima,12,direct_normal_irradiance,599.737812592992
arima,12,diffuse_radiation,95.76556834871297
arima,12,temperature_2m,9.18029674218631
arima,12,relative_humidity_2m,52.242557397407424
arima,12,cloud_cover,38.05987592074058
arima,12,wind_speed_100m,2.772580025449918
arima,12,wind_speed_10m,1.4766924512570094
arima,12,surface_pressure,1.8259307691095046
arima,12,precipitation,0.0030756461901423147
arima,24,temperature_2m,2.002128567469981
arima,24,relative_humidity_2m,24.960439450113427
arima,24,cloud_cover,76.9943451457292
arima,24,wind_speed_100m,1.047184870472515
arima,24,wind_speed_10m,2.3504755571913045
arima,24,surface_pressure,2.09011263281468
arima,24,precipitation,0.00308753113964734
persistence,1,temperature_2m,0.09999999999999964
persistence,1,relative_humidity_2m,14.0
persistence,1,cloud_cover,25.0
persistence,1,wind_speed_100m,5.4
persistence,1,wind_speed_10m,1.3000000000000003
persistence,1,surface_pressure,0.2999999999999545
persistence,1,precipitation,0.0
persistence,6,shortwave_radiation,60.0
persistence,6,direct_normal_irradiance,192.60000000000002
persistence,6,diffuse_radiation,102.0
persistence,6,temperature_2m,0.3000000000000007
persistence,6,relative_humidity_2m,1.0
persistence,6,cloud_cover,42.0
persistence,6,wind_speed_100m,2.2
persistence,6,wind_speed_10m,1.9000000000000004
persistence,6,surface_pressure,0.10000000000002274
persistence,6,precipitation,0.0
persistence,12,shortwave_radiation,140.0
persistence,12,direct_normal_irradiance,471.6
persistence,12,diffuse_radiation,60.0
persistence,12,temperature_2m,2.9000000000000004
persistence,12,relative_humidity_2m,33.0
persistence,12,cloud_cover,36.0
persistence,12,wind_speed_100m,2.1
persistence,12,wind_speed_10m,2.5
persistence,12,surface_pressure,0.8999999999999773
persistence,12,precipitation,0.2
persistence,24,temperature_2m,1.5
persistence,24,relative_humidity_2m,23.0
persistence,24,cloud_cover,73.0
persistence,24,wind_speed_100m,3.1
persistence,24,wind_speed_10m,2.9
persistence,24,surface_pressure,1.8000000000000682
persistence,24,precipitation,0.2
climatology,1,temperature_2m,1.9714285714285698
climatology,1,relative_humidity_2m,4.642857142857139
climatology,1,cloud_cover,70.35714285714286
climatology,1,wind_speed_100m,1.8714285714285728
climatology,1,wind_speed_10m,1.85
climatology,1,surface_pressure,2.528571428571354
climatology,1,precipitation,0.049999999999999996
climatology,6,shortwave_radiation,125.78571428571433
climatology,6,direct_normal_irradiance,165.92857142857144
climatology,6,diffuse_radiation,17.5
climatology,6,temperature_2m,0.7285714285714278
climatology,6,relative_humidity_2m,7.285714285714285
climatology,6,cloud_cover,27.85714285714286
climatology,6,wind_speed_100m,2.1499999999999995
climatology,6,wind_speed_10m,1.5
climatology,6,surface_pressure,0.5285714285713539
climatology,6,precipitation,0.07857142857142858
climatology,12,shortwave_radiation,7.857142857142861
climatology,12,direct_normal_irradiance,44.592857142857156
climatology,12,diffuse_radiation,9.642857142857139
climatology,12,temperature_2m,0.7999999999999989
climatology,12,relative_humidity_2m,10.714285714285708
climatology,12,cloud_cover,24.785714285714292
climatology,12,wind_speed_100m,0.9857142857142849
climatology,12,wind_speed_10m,0.12142857142857144
climatology,12,surface_pressure,1.349999999999909
climatology,12,precipitation,0.18571428571428572
climatology,24,temperature_2m,0.24285714285714377
climatology,24,relative_humidity_2m,17.35714285714286
climatology,24,cloud_cover,31.0
climatology,24,wind_speed_100m,3.471428571428572
climatology,24,wind_speed_10m,1.942857142857143
climatology,24,surface_pressure,0.0
climatology,24,precipitation,0.1642857142857143
persistence,1,shortwave_radiation,381.0
persistence,1,direct_normal_irradiance,639.3
persistence,1,diffuse_radiation,210.0
persistence,1,temperature_2m,4.399999999999999
persistence,1,relative_humidity_2m,41.0
persistence,1,cloud_cover,9.0
persistence,1,wind_speed_100m,4.199999999999999
persistence,1,wind_speed_10m,4.2
persistence,1,surface_pressure,1.2999999999999545
persistence,1,precipitation,0.6
persistence,6,shortwave_radiation,50.0
persistence,6,direct_normal_irradiance,110.80000000000001
persistence,6,diffuse_radiation,3.0
persistence,6,temperature_2m,0.8000000000000007
persistence,6,relative_humidity_2m,2.0
persistence,6,cloud_cover,40.0
persistence,6,wind_speed_100m,1.7000000000000002
persistence,6,wind_speed_10m,1.4
persistence,6,surface_pressure,0.1999999999999318
persistence,6,precipitation,0.1
persistence,12,temperature_2m,0.9000000000000004
persistence,12,relative_humidity_2m,18.0
persistence,12,cloud_cover,21.0
persistence,12,wind_speed_100m,1.2999999999999998
persistence,12,wind_speed_10m,0.3999999999999999
persistence,12,surface_pressure,1.2999999999999545
persistence,12,precipitation,0.0
persistence,24,shortwave_radiation,240.0
persistence,24,direct_normal_irradiance,496.70000000000005
persistence,24,diffuse_radiation,181.0
persistence,24,temperature_2m,3.4999999999999982
persistence,24,relative_humidity_2m,48.0
persistence,24,cloud_cover,33.0
persistence,24,wind_speed_100m,8.3
persistence,24,wind_speed_10m,6.3
persistence,24,surface_pressure,2.2000000000000455
persistence,24,precipitation,1.0
climatology,1,shortwave_radiation,267.8571428571429
climatology,1,direct_normal_irradiance,417.6642857142857
climatology,1,diffuse_radiation,114.57142857142858
climatology,1,temperature_2m,3.671428571428571
climatology,1,relative_humidity_2m,35.0
climatology,1,cloud_cover,14.57142857142857
climatology,1,wind_speed_100m,4.97142857142857
climatology,1,wind_speed_10m,4.135714285714286
climatology,1,surface_pressure,1.7642857142857338
climatology,1,precipitation,0.6071428571428571
climatology,6,shortwave_radiation,54.14285714285714
climatology,6,direct_normal_irradiance,145.75714285714287
climatology,6,diffuse_radiation,6.571428571428569
climatology,6,temperature_2m,1.4857142857142858
climatology,6,relative_humidity_2m,11.214285714285708
climatology,6,cloud_cover,18.14285714285714
climatology,6,wind_speed_100m,2.621428571428572
climatology,6,wind_speed_10m,1.4714285714285715
climatology,6,surface_pressure,0.9785714285713993
climatology,6,precipitation,0.30000000000000004
climatology,12,temperature_2m,0.9214285714285708
climatology,12,relative_humidity_2m,12.214285714285708
climatology,12,cloud_cover,4.5
climatology,12,wind_speed_100m,0.7428571428571429
climatology,12,wind_speed_10m,0.014285714285714679
climatology,12,surface_pressure,0.5357142857143344
climatology,12,precipitation,0.0
climatology,24,shortwave_radiation,70.85714285714289
climatology,24,direct_normal_irradiance,153.95714285714286
climatology,24,diffuse_radiation,62.71428571428572
climatology,24,temperature_2m,0.264285714285716
climatology,24,relative_humidity_2m,8.92857142857143
climatology,24,cloud_cover,17.07142857142857
climatology,24,wind_speed_100m,4.571428571428573
climatology,24,wind_speed_10m,3.007142857142857
climatology,24,surface_pressure,0.7000000000001592
climatology,24,precipitation,0.05714285714285716
